doc_id,ts,source,publisher,text,url,weight
c71050b1ff235ee6,2020-01-02T00:00:00Z,news,Zacks,"Top Stock Reports for Pfizer, BP & Fidelity National Information Services",http://www.zacks.com/research-daily/699055/top-stock-reports-for-pfizer-bp-fidelity-national-information-services?cid=CS-BENZ-FT-research_daily-699055,1.0
11ba77e300581da9,2020-01-02T00:00:00Z,news,Zacks,Bell-Boeing JV Wins Deal to Support V-22 Flight Test Analysis,http://www.zacks.com/stock/news/698991/bell-boeing-jv-wins-deal-to-support-v-22-flight-test-analysis?cid=CS-BENZ-FT-analyst_blog|company_news_-_corporate_actions-698991,1.0
3a9c4ba650bcafe6,2020-01-02T00:00:00Z,news,Zacks,JPMorgan Plans to Buy 100% Stake in Futures JV in China,http://www.zacks.com/stock/news/698691/jpmorgan-plans-to-buy-100-stake-in-futures-jv-in-china?cid=CS-BENZ-FT-analyst_blog|company_news_-_finance_sector-698691,1.0
70e4963ff3daad9a,2020-01-02T00:00:00Z,news,Investor's Business Daily,"Dow Jones Futures: 2020 Stock Market Rally Starts Strong, But Watch The Rotation; Apple, AMD, SolarEdge, Tesla Lead; Incyte Dives",http://www.investors.com/market-trend/stock-market-today/dow-jones-futures-apple-stock-amd-stock-market-rally-2020-good-start/?src=A00237A&ven=BenzingaCP&src=AURLAAM,1.0
d9dfc1069d530b93,2020-01-02T00:00:00Z,news,Investor's Business Daily,"Dow Jones Scores 150-Point Gain, Led by Boeing, Intel, Apple; Software Stocks Rally Sharply",http://www.investors.com/market-trend/stock-market-today/dow-jones-scores-150-point-gain-led-by-boeing-intel-apple/?src=A00237A&ven=BenzingaCP&src=AURLAAM,1.0
c9425ac86e7becb7,2020-01-02T00:00:00Z,news,Investor's Business Daily,"Dow Jones Today, Global Stock Markets Rise On China Optimism; AMD Gets Analyst Boost, JPMorgan Eyes A Breakout",http://www.investors.com/market-trend/stock-market-today/dow-jones-today-global-stock-markets-rise-amd-gets-analyst-boost-jpmorgan-eyes-breakout/?src=A00237A&ven=BenzingaCP&src=AURLAAM,1.0
0d4251aaf9439b02,2020-01-02T00:00:00Z,news,Investor's Business Daily,"Stock Market Kicks Off 2020 With Solid Gains; Amazon, AMD, Apple And Tesla Are Key Leaders",http://www.investors.com/market-trend/stock-market-today/dow-jones-gains-apple-stock-record-high-intel-lead-amd-stock/?src=A00237A&ven=BenzingaCP&src=AURLAAM,1.0
513cb74d89ce16b5,2020-01-02T00:00:00Z,news,Investor's Business Daily,"Dow Jones Rushes 230 Points To Record High Thanks To Disney, Apple",http://www.investors.com/market-trend/stock-market-today/dow-jones-romps-230-points-new-high-disney-apple-stock-rally/?src=A00237A&ven=BenzingaCP&src=AURLAAM,1.0
4f1507e6988e7cfb,2020-01-03T00:00:00Z,news,Investor's Business Daily,"Stock Market Trims Losses After U.S. Airstrike Sends Stocks Tumbling; Apple, Incyte, Tesla Key Movers",http://www.investors.com/market-trend/stock-market-today/dow-jones-industrial-average-dives-but-recovers-us-airstrike-tesla-stock/?src=A00237A&ven=BenzingaCP&src=AURLAAM,1.0
4040558784a7eade,2020-01-03T00:00:00Z,news,Zacks,Airbus Tops Boeing as Largest Plane Maker: Suppliers in Focus,http://www.zacks.com/stock/news/700390/airbus-tops-boeing-as-largest-plane-maker-suppliers-in-focus?cid=CS-BENZ-FT-analyst_blog|industry_focus-700390,1.0
c89f8cb78ea7ab9a,2020-01-03T00:00:00Z,news,Investor's Business Daily,"Dow Jones Today, Futures Retreat On Baghdad Drone Attack; Miners Jump, Gold Pegs 69-Month High",http://www.investors.com/market-trend/stock-market-today/dow-jones-today-futures-retreat-baghdad-drone-attack-miners-jump-gold-pegs-59-month-high/?src=A00237A&ven=BenzingaCP&src=AURLAAM,1.0
411ecec9c40a26f1,2020-01-03T00:00:00Z,news,Zacks,"The Zacks Analyst Blog Highlights: JPMorgan, Goldman Sachs, Nomura, Morgan Stanley and BlackRock",http://www.zacks.com/stock/news/700378/the-zacks-analyst-blog-highlights-jpmorgan-goldman-sachs-nomura-morgan-stanley-and-blackrock?cid=CS-BENZ-FT-press_releases-700378,1.0
8c1314ce4ab316a7,2020-01-03T00:00:00Z,news,Investor's Business Daily,Stock Market Dives On U.S. Airstrike; Tesla Stock Hits Profit Zone On Strong Delivery Numbers,http://www.investors.com/market-trend/stock-market-today/dow-jones-dives-us-airstrike-gold-prices-oil-prices-jump-tesla-stock/?src=A00237A&ven=BenzingaCP&src=AURLAAM,1.0
9c0de1bb52e76b2b,2020-01-03T00:00:00Z,news,Zacks,Apple (AAPL) to Enter Samsung-Dominated 5G Handset Market,http://www.zacks.com/stock/news/700561/apple-aapl-to-enter-samsung-dominated-5g-handset-market?cid=CS-BENZ-FT-analyst_blog|company_news_tech_sector-700561,1.0
5b3c13d020628284,2020-01-03T00:00:00Z,news,Zacks,Apple (AAPL) Launching iPhone Model to Drive Top Line in 2020,http://www.zacks.com/stock/news/700546/apple-aapl-launching-iphone-model-to-drive-top-line-in-2020?cid=CS-BENZ-FT-analyst_blog|company_news_tech_sector-700546,1.0
cb304d0ca15fe7fd,2020-01-03T00:00:00Z,news,Investor's Business Daily,"Apple Leads Dividend Stock Play That Aims For Growing Profit, Yields",http://www.investors.com/etfs-and-funds/etf-leaders/dividend-stocks-making-the-grade-include-dow-apple-jpmorgan/?src=A00237A&ven=BenzingaCP&src=AURLAAM,1.0
6ce6eda55ffe965c,2020-01-03T00:00:00Z,news,Investor's Business Daily,"Who Joins Microsoft, Alibaba, Facebook On List Of New Buys By The Best Mutual Funds?",http://www.investors.com/etfs-and-funds/mutual-funds/best-mutual-funds-invest-big-in-microsoft-alibaba-facebook-defense-stocks/?src=A00237A&ven=BenzingaCP&src=AURLAAM,1.0
8bdc875c398a4b56,2020-01-03T00:00:00Z,news,Zacks,Amazon' Kuiper R&D Headquarter Plan Boosts Satellite Focus,http://www.zacks.com/stock/news/700574/amazon-kuiper-rd-headquarter-plan-boosts-satellite-focus?cid=CS-BENZ-FT-analyst_blog|company_news_tech_sector-700574,1.0
7ed0412e3554209b,2020-01-03T00:00:00Z,news,Zacks,Microsoft Partners With Luxoft on Connected Vehicle Platform,http://www.zacks.com/stock/news/700576/microsoft-partners-with-luxoft-on-connected-vehicle-platform?cid=CS-BENZ-FT-analyst_blog|company_news_tech_sector-700576,1.0
8172dda802575720,2020-01-03T00:00:00Z,news,Investor's Business Daily,"Stocks To Watch: Defense Stocks Lockheed, Raytheon Score New Highs; Facebook Stays In Buy Range",http://www.investors.com/stock-lists/new-highs/stocks-to-watch-lockheed-raytheon-score-new-highs-facebook-stays-buy-range/?src=A00237A&ven=BenzingaCP&src=AURLAAM,1.0
79dda985f45ae01b,2020-01-03T00:00:00Z,news,Investor's Business Daily,"Dow Jones Recovers After 345-Point Drop; Defense Stocks Soar As Facebook, Alphabet Hit New Highs",http://www.investors.com/market-trend/stock-market-today/dow-jones-recovers-after-345-point-drop-defense-stocks-soar/?src=A00237A&ven=BenzingaCP&src=AURLAAM,1.0
55dd82bce2bbc854,2020-01-05T00:00:00Z,news,Investor's Business Daily,Dow Jones Futures: Can Stock Market Rally Hold In Bullish Channel As Iran Exits Nuclear Deal? 7 Stocks Near Buy Points,http://www.investors.com/market-trend/stock-market-today/dow-jones-futures-stock-market-rally-in-bullish-channel-iran-exits-nuclear-deal-paycom-disney-lululemon-near-buy/?src=A00237A&ven=BenzingaCP&src=AURLAAM,1.0
0014df7f931ab269,2020-01-05T00:00:00Z,news,TalkMarkets,10 Worst Performing S&P 500 Stocks Of The Decade,https://talkmarkets.com/content/10-worst-performing-sp-500-stocks-of-the-decade?post=245961,1.0
bb11260736059d71,2020-01-05T00:00:00Z,news,TalkMarkets,"Bulls And Bears Of The Week: Apple, Disney, Starbucks, Tiffany And More",https://talkmarkets.com/content/bulls-and-bears-of-the-week-apple-disney-starbucks-tiffany-and-more?post=245954,1.0
9322b9cd880b68a3,2020-01-05T00:00:00Z,news,TalkMarkets,My 'Fallen Angels' Favorites For 2020 Part 3: Pfizer,https://talkmarkets.com/content/my-fallen-angels-favorites-for-2020-part-3-pfizer?post=245975,1.0
8864a801908b0e83,2020-01-06T00:00:00Z,news,Investor's Business Daily,"Dow Jones Today: Futures Fall; Gold, Oil Prices Rally On Iran Fears; Boeing, Dollar Tree Dive",http://www.investors.com/market-trend/stock-market-today/dow-jones-today-futures-fall-gold-oil-prices-rally-on-iran-fears-boeing-dollar-tree-dive/?src=A00237A&ven=BenzingaCP&src=AURLAAM,1.0
238cc28c84b04f53,2020-01-06T00:00:00Z,news,Zacks,"Lennar, Walgreens, Constellation, JPMorgan and Citigroup are part of Zacks Earnings Preview",http://www.zacks.com/stock/news/704781/lennar-walgreens-constellation-jpmorgan-and-citigroup-are-part-of-zacks-earnings-preview?cid=CS-BENZ-FT-press_releases-704781,1.0
65b7181f01af1ac1,2020-01-06T00:00:00Z,news,Investor's Business Daily,Dow Jones Futures: Key Sector Rejoins Stock Market Leadership; These 6 Stocks Just Entered Buy Zones,http://www.investors.com/market-trend/stock-market-today/dow-jones-futures-software-joins-stock-market-rally-salesforce-dynatrace-vertex-in-buy-zones/?src=A00237A&ven=BenzingaCP&src=AURLAAM,1.0
ddc7d4232e2839a2,2020-01-06T00:00:00Z,news,Investor's Business Daily,"Dow Jones Pares Losses; Gold, Cybersecurity Stocks Rise On Iran Fears",http://www.investors.com/market-trend/stock-market-today/dow-jones-pares-losses-gold-cybersecurity-stocks-rise-on-iran-fears/?src=A00237A&ven=BenzingaCP&src=AURLAAM,1.0
19b3b35b0e9b571a,2020-01-06T00:00:00Z,news,Zacks,"Top Analyst Reports for Exxon Mobil, AT&T & Disney",http://www.zacks.com/research-daily/704744/top-analyst-reports-for-exxon-mobil-att-disney?cid=CS-BENZ-FT-research_daily-704744,1.0
ab9c4897381d9445,2020-01-06T00:00:00Z,news,Investor's Business Daily,"Dow Jones Under Pressure But Trims Losses As Apple, McDonald's Stocks Rise",http://www.investors.com/market-trend/stock-market-today/dow-jones-under-pressure-but-trims-losses-as-apple-mcdonalds-stocks-rise/?src=A00237A&ven=BenzingaCP&src=AURLAAM,1.0
88bcd679b7400dda,2020-01-06T00:00:00Z,news,Zacks,Tesla Achieves Record Production of 105k Vehicles in Q4,http://www.zacks.com/stock/news/704511/tesla-achieves-record-production-of-105k-vehicles-in-q4?cid=CS-BENZ-FT-analyst_blog|company_news_-_corporate_actions-704511,1.0
f40be86c609fdbda,2020-01-06T00:00:00Z,news,Zacks,Tesla Reports Record Q4 Deliveries: ETFs to Ride the Surge,http://www.zacks.com/stock/news/705032/tesla-reports-record-q4-deliveries-etfs-to-ride-the-surge?cid=CS-BENZ-FT-etf_news_and_commentary-705032,1.0
0e183d051bd986e9,2020-01-07T00:00:00Z,news,Zacks,Intel's Mobileye Achieves New High: Navigates Without Sensors,http://www.zacks.com/stock/news/706340/intels-mobileye-achieves-new-high-navigates-without-sensors?cid=CS-BENZ-FT-analyst_blog|company_news_tech_sector-706340,1.0
ef06566de8a0ac25,2020-01-07T00:00:00Z,news,Zacks,AMD's Latest 7nm-based Laptop Chips Take the Fight to Intel,http://www.zacks.com/stock/news/706430/amds-latest-7nm-based-laptop-chips-take-the-fight-to-intel?cid=CS-BENZ-FT-analyst_blog|company_news_tech_sector-706430,1.0
e78eb9f3a8f05a84,2020-01-07T00:00:00Z,news,Zacks,"Zacks Investment Ideas feature highlights: Occidental, Marathon Oil, Hess, ExxonMobil and Chevron",http://www.zacks.com/stock/news/706434/zacks-investment-ideas-feature-highlights-occidental-marathon-oil-hess-exxonmobil-and-chevron?cid=CS-BENZ-FT-press_releases-706434,1.0
8a9161e79af4c8d4,2020-01-07T00:00:00Z,news,Zacks,Amazon's Offline Retail Store Plan to Boost Germany Presence,http://www.zacks.com/stock/news/706353/amazons-offline-retail-store-plan-to-boost-germany-presence?cid=CS-BENZ-FT-analyst_blog|company_news_-_corporate_actions-706353,1.0
3cfeb84c749947da,2020-01-07T00:00:00Z,news,Investor's Business Daily,First Dow Jones Stock To Report As Earnings Creep Up: Investing Action Plan,http://www.investors.com/research/investing-action-plan/dow-jones-stock-walgreens-constellation-brands-lennar-report-earnings/?src=A00237A&ven=BenzingaCP&src=AURLAAM,1.0
1e02e029e5d0f849,2020-01-07T00:00:00Z,news,Investor's Business Daily,Nasdaq Leads Mixed Stock Market As Chip Stocks Outperform,http://www.investors.com/market-trend/stock-market-today/nasdaq-today-leads-mixed-indexes-chip-stocks-outperform/?src=A00237A&ven=BenzingaCP&src=AURLAAM,1.0
829589289173be41,2020-01-07T00:00:00Z,news,Zacks,Amazon Bolsters In-Vehicle Entertainment Reach With Fire TV,http://www.zacks.com/stock/news/706358/amazon-bolsters-in-vehicle-entertainment-reach-with-fire-tv?cid=CS-BENZ-FT-analyst_blog|company_news_tech_sector-706358,1.0
14565da53b25a68c,2020-01-07T00:00:00Z,news,Investor's Business Daily,Dow Jones Futures Dive On Iranian Missile Attack Report; Micron Leads 5 'Live' Winners,http://www.investors.com/market-trend/stock-market-today/dow-jones-futures-fall-iran-missile-attack-micron-nvidia-rh-inphi-dexcom-rise/?src=A00237A&ven=BenzingaCP&src=AURLAAM,1.0
47f8f44fe208e396,2020-01-07T00:00:00Z,news,Zacks,"Top Stock Reports for JPMorgan, Sanofi & General Electric",http://www.zacks.com/research-daily/706515/top-stock-reports-for-jpmorgan-sanofi-general-electric?cid=CS-BENZ-FT-research_daily-706515,1.0
6cc051b9e7aec5c9,2020-01-07T00:00:00Z,news,Zacks,"The Zacks Analyst Blog Highlights: Exxon Mobil, AT&T, Disney, Netflix and United Parcel Service",http://www.zacks.com/stock/news/706433/the-zacks-analyst-blog-highlights-exxon-mobil-att-disney-netflix-and-united-parcel-service?cid=CS-BENZ-FT-press_releases-706433,1.0
69ad57a9091ad267,2020-01-07T00:00:00Z,news,Zacks,Boeing Set to Pay Hefty Compensations to Airline Companies,http://www.zacks.com/stock/news/706395/boeing-set-to-pay-hefty-compensations-to-airline-companies?cid=CS-BENZ-FT-analyst_blog|industry_focus-706395,1.0
8b9914bf6220f156,2020-01-07T00:00:00Z,news,Investor's Business Daily,"Dow Jones Today Lags, Stock Futures Mixed; Microchip Stirs Chip Rebound, Tesla Expands China Strategy",http://www.investors.com/market-trend/stock-market-today/dow-jones-today-stock-futures-mixed-microchip-rebound-tesla-china-strategy/?src=A00237A&ven=BenzingaCP&src=AURLAAM,1.0
14e990f318032385,2020-01-07T00:00:00Z,news,Investor's Business Daily,"Dow Jones Sheds 70 Points As Iran Tensions Rise; Oil Stocks Fall, But Chips Rally",http://www.investors.com/market-trend/stock-market-today/dow-jones-sheds-100-points-as-iran-tensions-rise-oil-stocks-fall/?src=A00237A&ven=BenzingaCP&src=AURLAAM,1.0
aa607c60854a66a3,2020-01-07T00:00:00Z,news,Investor's Business Daily,Chip Stocks Lead Mixed Market Amid Mideast Tension; Tesla Stock Rallies,http://www.investors.com/market-trend/stock-market-today/chip-stocks-lead-mixed-market-amid-mideast-tension-tesla-stock-rallies/?src=A00237A&ven=BenzingaCP&src=AURLAAM,1.0
a5427d7162fde38b,2020-01-07T00:00:00Z,news,Zacks,Chevron Evacuates Oil Workers From Kurdistan Region of Iraq,http://www.zacks.com/stock/news/706475/chevron-evacuates-oil-workers-from-kurdistan-region-of-iraq?cid=CS-BENZ-FT-analyst_blog|company_news_-_energy_sector-706475,1.0
f894feb297f01213,2020-01-08T00:00:00Z,news,Investor's Business Daily,Dow Jones Up 200 Points As Stocks Rally After Trump Says Iran 'Standing Down',http://www.investors.com/market-trend/stock-market-today/dow-jones-up-200-points-stocks-rally-after-trump-says-iran-standing-down/?src=A00237A&ven=BenzingaCP&src=AURLAAM,1.0
3da762b1302def4b,2020-01-08T00:00:00Z,news,TalkMarkets,S&P 500: The Long & Short Of It,https://talkmarkets.com/content/sp-500-the-long--short-of-it?post=246432,1.0
17b0ca8b5517bda5,2020-01-08T00:00:00Z,news,Zacks,"The Zacks Analyst Blog Highlights: Apple, NIKE, Procter & Gamble, Walmart and American Express",http://www.zacks.com/stock/news/708242/the-zacks-analyst-blog-highlights-apple-nike-procter-gamble-walmart-and-american-express?cid=CS-BENZ-FT-press_releases-708242,1.0
d972c22db3e5957f,2020-01-08T00:00:00Z,news,Zacks,"Goldman Sachs (GS) Streamlines Units, Increases Transparency",http://www.zacks.com/stock/news/707952/goldman-sachs-gs-streamlines-units-increases-transparency?cid=CS-BENZ-FT-analyst_blog|company_news_-_finance_sector-707952,1.0
3c53fed1137c9819,2020-01-08T00:00:00Z,news,Zacks,"The Zacks Analyst Blog Highlights: JPMorgan, Sanofi, General Electric, American Electric Power and Shopify",http://www.zacks.com/stock/news/708241/the-zacks-analyst-blog-highlights-jpmorgan-sanofi-general-electric-american-electric-power-and-shopify?cid=CS-BENZ-FT-press_releases-708241,1.0
b0b62e85e82e9ed7,2020-01-08T00:00:00Z,news,TalkMarkets,A Decent Outlook For This Facebook-Heavy ETF,https://talkmarkets.com/content/a-decent-outlook-for-this-facebook-heavy-etf?post=246346,1.0
e2e7500266bdd75b,2020-01-08T00:00:00Z,news,Investor's Business Daily,"Stock Market Higher In Wake Of Iran's Retaliation; Boeing, Cisco, Walgreens Key Losers",http://www.investors.com/market-trend/stock-market-today/dow-jones-iran-missile-attack-boeing-stock-falls-plane-crash/?src=A00237A&ven=BenzingaCP&src=AURLAAM,1.0
97314c1765149164,2020-01-08T00:00:00Z,news,Investor's Business Daily,"Dow Jones Today, Futures Await Trump's Iran Response; Lennar, Tesla Jump; Boeing Tumbles On Tehran Crash",http://www.investors.com/market-trend/stock-market-today/dow-jones-today-futures-await-trumps-iran-response-lennar-tesla-jump-boeing-tumbles-on-tehran-crash/?src=A00237A&ven=BenzingaCP&src=AURLAAM,1.0
0fb8b9bbd9e1e12d,2020-01-08T00:00:00Z,news,Zacks,"Sony, Funko, EOG Resources, Diamondback Energy and Chevron highlighted as Zacks Bull and Bear of the Day",http://www.zacks.com/stock/news/708222/sony-funko-eog-resources-diamondback-energy-and-chevron-highlighted-as-zacks-bull-and-bear-of-the-day?cid=CS-BENZ-FT-press_releases-708222,1.0
ad6616ce0bcc6985,2020-01-08T00:00:00Z,news,Investor's Business Daily,"Dow Jones Futures: Stock Market Rally Refuses To 'Stand Down'; Netflix, Vertex, Lululemon Clear Buy Points",http://www.investors.com/market-trend/stock-market-today/dow-jones-futures-stock-market-rally-refuses-to-stand-down-netflix-vertex-lululemon-in-buy-zones/?src=A00237A&ven=BenzingaCP&src=AURLAAM,1.0
c1fd138fc67aeffe,2020-01-08T00:00:00Z,news,Investor's Business Daily,"Dow Jones, Nasdaq Leads Bullish Reversal After Trump Speech; This Cyclical Stock Breaks Out",http://www.investors.com/market-trend/stock-market-today/dow-jones-nasdaq-leads-bullish-reversal-after-trump-speech-this-cyclical-stock-breaks-out/?src=A00237A&ven=BenzingaCP&src=AURLAAM,1.0
2f3316fdaa08a661,2020-01-08T00:00:00Z,news,Zacks,Alphabet (GOOGL) Waymo's 20-Million Miles Mark New Milepost,http://www.zacks.com/stock/news/707999/alphabet-googl-waymos-20-million-miles-mark-new-milepost?cid=CS-BENZ-FT-analyst_blog|company_news_tech_sector-707999,1.0
8dde44d10284f7ac,2020-01-08T00:00:00Z,news,Zacks,"Tesla's (TSLA) Relentless Rally Remarkable, More Upside Left",http://www.zacks.com/stock/news/707967/teslas-tsla-relentless-rally-remarkable-more-upside-left?cid=CS-BENZ-FT-analyst_blog|52-week_high/low-707967,1.0
217e1f118fa2aac1,2020-01-09T00:00:00Z,news,Zacks,Grubhub (GRUB) Could be on Sale: Is Amazon a Potential Buyer?,http://www.zacks.com/stock/news/709780/grubhub-grub-could-be-on-sale-is-amazon-a-potential-buyer?cid=CS-BENZ-FT-analyst_blog|industry_focus-709780,1.0
5378aad46aa8c421,2020-01-09T00:00:00Z,news,Investor's Business Daily,"Dow Jones Runs 200 Points Higher As Iran Fears Fade; Apple, Goldman Rally",http://www.investors.com/market-trend/stock-market-today/dow-jones-up-nearly-200-points-as-iran-fears-fade-apple-goldman-rally/?src=A00237A&ven=BenzingaCP&src=AURLAAM,1.0
975f6b1a58b24594,2020-01-09T00:00:00Z,news,Investor's Business Daily,Dow Jones Soars 350 Points In 2 Days; Will This Hot Solar Stock Make A New Breakout?,http://www.investors.com/market-trend/stock-market-today/dow-jones-soars-350-points-in-2-days-will-this-hot-solar-stock-make-a-new-breakout/?src=A00237A&ven=BenzingaCP&src=AURLAAM,1.0
ea69700b5e901010,2020-01-09T00:00:00Z,news,Zacks,"Tempur Sealy, Fiat Chrysler Automobiles, Spotify, Apple and Amazon highlighted as Zacks Bull and Bear of the Day",http://www.zacks.com/stock/news/709629/tempur-sealy-fiat-chrysler-automobiles-spotify-apple-and-amazon-highlighted-as-zacks-bull-and-bear-of-the-day?cid=CS-BENZ-FT-press_releases-709629,1.0
cd768e14cc75a619,2020-01-09T00:00:00Z,news,Zacks,Gilead (GILD) Inks License Deal with Xencor for HIV Candidate,http://www.zacks.com/stock/news/710347/gilead-gild-inks-license-deal-with-xencor-for-hiv-candidate?cid=CS-BENZ-FT-analyst_blog|company_news_-_medical_sector-710347,1.0
70c272e998e10e30,2020-01-09T00:00:00Z,news,Zacks,"The Zacks Analyst Blog Highlights: Occidental Petroleum, Chevron, BP, Callon Petroleum, and WPX Energy",http://www.zacks.com/stock/news/709671/the-zacks-analyst-blog-highlights-occidental-petroleum-chevron-bp-callon-petroleum-and-wpx-energy?cid=CS-BENZ-FT-press_releases-709671,1.0
8cee3d8a5326b2de,2020-01-09T00:00:00Z,news,Zacks,"Zacks Earnings Trends Highlights: JPMorgan, Wells Fargo and Citigroup",http://www.zacks.com/stock/news/709636/zacks-earnings-trends-highlights-jpmorgan-wells-fargo-and-citigroup?cid=CS-BENZ-FT-press_releases-709636,1.0
4f70d5244e488efb,2020-01-10T00:00:00Z,news,Zacks,Boeing (BA) Wins $42M Navy Deal to Modify P-8A Jet Program,http://www.zacks.com/stock/news/711450/boeing-ba-wins-%2442m-navy-deal-to-modify-p-8a-jet-program?cid=CS-BENZ-FT-analyst_blog|company_news_-_corporate_actions-711450,1.0
49708cd2e8248853,2020-01-10T00:00:00Z,news,Zacks,"Apple at All-Time High, Poised for an Upbeat Q1: ETFs to Benefit",http://www.zacks.com/stock/news/711841/apple-at-all-time-high-poised-for-an-upbeat-q1-etfs-to-benefit?cid=CS-BENZ-FT-etf_news_and_commentary-711841,1.0
dc489bec203fd10d,2020-01-10T00:00:00Z,news,Zacks,"Google Looks to Cash in on Online Travel Demand, Ramps Up Site",http://www.zacks.com/stock/news/711218/google-looks-to-cash-in-on-online-travel-demand-ramps-up-site?cid=CS-BENZ-FT-analyst_blog|company_news_tech_sector-711218,1.0
298eb61dd3cf50b6,2020-01-10T00:00:00Z,news,Zacks,"Trading, Mortgage Banking to Aid JPMorgan (JPM) Q4 Earnings",http://www.zacks.com/stock/news/711460/trading-mortgage-banking-to-aid-jpmorgan-jpm-q4-earnings?cid=CS-BENZ-FT-analyst_blog|earnings_preview-711460,1.0
d611c0e98ea2cc0d,2020-01-10T00:00:00Z,news,Investor's Business Daily,"Dow Jones Today, Futures Gains Modest After Jobs Report; Chip Stocks Buzzing, Intuitive Surgical Soars On Guidance",http://www.investors.com/market-trend/stock-market-today/dow-jones-today-futures-climb-jobs-report-chip-stocks-buzzing-intuitive-surgical-soars-on-guidance/?src=A00237A&ven=BenzingaCP&src=AURLAAM,1.0
e19fc5f015b5bd80,2020-01-10T00:00:00Z,news,Zacks,Nasdaq Boosts Trade Surveillance With Data Discovery Tool,http://www.zacks.com/stock/news/711570/nasdaq-boosts-trade-surveillance-with-data-discovery-tool?cid=CS-BENZ-FT-analyst_blog|company_news_-_finance_sector-711570,1.0
29f278345a765874,2020-01-10T00:00:00Z,news,Investor's Business Daily,Dow Jones Erases Gains After Job Report; Will This Stock Beat JPMorgan Chase In 2020?,http://www.investors.com/market-trend/stock-market-today/dow-jones-erases-gains-after-job-report-will-this-stock-beat-jpmorgan-chase-in-2020/?src=A00237A&ven=BenzingaCP&src=AURLAAM,1.0
e6b29d350461ec6a,2020-01-10T00:00:00Z,news,Zacks,"Ultra Clean, Construction Partners, JP Morgan, Bank of America and Citigroup highlighted as Zacks Bull and Bear of the Day",http://www.zacks.com/stock/news/711447/ultra-clean-construction-partners-jp-morgan-bank-of-america-and-citigroup-highlighted-as-zacks-bull-and-bear-of-the-day?cid=CS-BENZ-FT-press_releases-711447,1.0
ae517006637de398,2020-01-10T00:00:00Z,news,Zacks,Regions Financial (RF) Reports Next Week: Wall Street Expects Earnings Growth,http://www.zacks.com/stock/news/711835/regions-financial-rf-reports-next-week-wall-street-expects-earnings-growth?cid=CS-BENZ-FT-tale_of_the_tape|yseop_template_9-711835,1.0
f9bb9e2065c2f3dc,2020-01-10T00:00:00Z,news,Zacks,Buy Netflix (NFLX) Stock with Earnings in Sight on Possible 2020 Comeback?,http://www.zacks.com/stock/news/712034/buy-netflix-nflx-stock-with-earnings-in-sight-on-possible-2020-comeback?cid=CS-BENZ-FT-stocks_in_the_news|major_headlines-712034,1.0
748679e169b9e9d3,2020-01-12T00:00:00Z,news,TalkMarkets,DOW + (8 S&P 500 Top Weights) Earnings Estimates And Revisions,https://talkmarkets.com/content/dow--8-sp-500-top-weights-earnings-estimates-and-revisions?post=246762,1.0
1ff25bb5ace94a32,2020-01-12T00:00:00Z,news,TalkMarkets,"Market Signals for the US stock market And Indian Stock - Monday, Jan. 13",https://talkmarkets.com/content/market-signals-for-the-us-stock-market-and-indian-stock-monday-jan-13?post=246810,1.0
9d491fdb16f8ca33,2020-01-12T00:00:00Z,news,TalkMarkets,"With Stocks The Most Overvalued In History, Goldman Lists The 4 Biggest Risks",https://talkmarkets.com/content/with-stocks-the-most-overvalued-in-history-goldman-lists-the-4-biggest-risks?post=246779,1.0
2d3a7fb98941da24,2020-01-13T00:00:00Z,news,Zacks,Can Improved Trading Performance Aid BofA's (BAC) Q4 Earnings?,http://www.zacks.com/stock/news/715543/can-improved-trading-performance-aid-bofas-bac-q4-earnings?cid=CS-BENZ-FT-analyst_blog|earnings_preview-715543,1.0
3af48a70a8279cd8,2020-01-13T00:00:00Z,news,Zacks,"JPMorgan, Bank of America, Citigroup and Wells Fargo are part of Zacks Earnings Preview",http://www.zacks.com/stock/news/715542/jpmorgan-bank-of-america-citigroup-and-wells-fargo-are-part-of-zacks-earnings-preview?cid=CS-BENZ-FT-press_releases-715542,1.0
11bbb64911d7b2c2,2020-01-13T00:00:00Z,news,Zacks,"The Zacks Analyst Blog Highlights: JPMorgan Chase, Johnson & Johnson, American Express Company, NIKE and Apple",http://www.zacks.com/stock/news/715572/the-zacks-analyst-blog-highlights-jpmorgan-chase-johnson-johnson-american-express-company-nike-and-apple?cid=CS-BENZ-FT-press_releases-715572,1.0
57a9c2a0e8efe654,2020-01-13T00:00:00Z,news,Investor's Business Daily,Nasdaq Leaves Dow Jones In Dust Again; This Blue Chip Stock Is Breaking Out,http://www.investors.com/market-trend/stock-market-today/nasdaq-leaves-dow-jones-in-dust-this-blue-chip-stock-is-breaking-out/?src=A00237A&ven=BenzingaCP&src=AURLAAM,1.0
4f01f4ab082328f6,2020-01-13T00:00:00Z,news,Investor's Business Daily,Dow Jones Futures: Time To Turn The Stock Market Rally Channel? Visa Buys Plaid; Beyond Meat Keeps Rising; JPMorgan Earnings Due,http://www.investors.com/market-trend/stock-market-today/dow-jones-futures-turn-stock-market-rally-channel-visa-buys-plaid-beyond-meat-jpmorgan/?src=A00237A&ven=BenzingaCP&src=AURLAAM,1.0
259b0e7602c26e5b,2020-01-13T00:00:00Z,news,Zacks,Goldman Sachs (GS) Launches Mobile App for Online Bank Marcus,http://www.zacks.com/stock/news/715457/goldman-sachs-gs-launches-mobile-app-for-online-bank-marcus?cid=CS-BENZ-FT-analyst_blog|company_news_-_finance_sector-715457,1.0
be64d4d5e88c54fa,2020-01-13T00:00:00Z,news,Zacks,Apple Uses Daisy to Extract & Recycle Minerals From iPhones,http://www.zacks.com/stock/news/715645/apple-uses-daisy-to-extract-recycle-minerals-from-iphones?cid=CS-BENZ-FT-analyst_blog|company_news_tech_sector-715645,1.0
cff491ff293ba3ad,2020-01-13T00:00:00Z,news,Zacks,Intel (INTC) Ups the Ante to Deliver Robust Retail Experience,http://www.zacks.com/stock/news/715478/intel-intc-ups-the-ante-to-deliver-robust-retail-experience?cid=CS-BENZ-FT-analyst_blog|company_news_tech_sector-715478,1.0
78960d2c5a1afd09,2020-01-13T00:00:00Z,news,Zacks,"The Zacks Analyst Blog Highlights: Apache, Occidental Petroleum, Chevron, Halliburton Company and National Oilwell Varco",http://www.zacks.com/stock/news/715583/the-zacks-analyst-blog-highlights-apache-occidental-petroleum-chevron-halliburton-company-and-national-oilwell-varco?cid=CS-BENZ-FT-press_releases-715583,1.0
d337f23e2de1ffac,2020-01-13T00:00:00Z,news,Zacks,"The Zacks Analyst Blog Highlights: Chevron, Accenture, Adobe Systems, Gilead Sciences and Honda Motor",http://www.zacks.com/stock/news/715569/the-zacks-analyst-blog-highlights-chevron-accenture-adobe-systems-gilead-sciences-and-honda-motor?cid=CS-BENZ-FT-press_releases-715569,1.0
fcbb46f51a0ecbd6,2020-01-13T00:00:00Z,news,Zacks,Intel (INTC) Forays Into GPU Arena With New Xe DG1 Card,http://www.zacks.com/stock/news/715694/intel-intc-forays-into-gpu-arena-with-new-xe-dg1-card?cid=CS-BENZ-FT-analyst_blog|company_news_tech_sector-715694,1.0
296b607dea1bd59b,2020-01-13T00:00:00Z,news,Zacks,"The Zacks Analyst Blog Highlights: Advanced Micro Devices, Intel, NVIDIA, Qualcomm and Uber",http://www.zacks.com/stock/news/715551/the-zacks-analyst-blog-highlights-advanced-micro-devices-intel-nvidia-qualcomm-and-uber?cid=CS-BENZ-FT-press_releases-715551,1.0
2fc89282adc9121d,2020-01-13T00:00:00Z,news,Investor's Business Daily,"Dow Jones Today Sets Sights On 29,000 Ahead Of China Trade Deal, Big Bank Reports; Lululemon Up On Guidance",http://www.investors.com/market-trend/stock-market-today/dow-jones-today-sets-sights-on-29000-ahead-of-china-trade-deal-big-bank-reports-lululemon-up-on-guidance/?src=A00237A&ven=BenzingaCP&src=AURLAAM,1.0
0a05e72c23bbaabb,2020-01-13T00:00:00Z,news,Zacks,Tesla & Other Automotive Stocks to Zoom in 2020,http://www.zacks.com/stock/news/715376/tesla-other-automotive-stocks-to-zoom-in-2020?cid=CS-BENZ-FT-analyst_blog|investment_ideas-715376,1.0
5fe24ea36d1e5b0d,2020-01-13T00:00:00Z,news,TalkMarkets,Top Picks 2020: Disney (DIS),https://talkmarkets.com/content/top-picks-2020-disney-dis?post=246841,1.0
d0471fb09713914b,2020-01-13T00:00:00Z,news,Zacks,"CrowdStrike, FedEx, Microsoft, Amazon and Alphabet highlighted as Zacks Bull and Bear of the Day",http://www.zacks.com/stock/news/715601/crowdstrike-fedex-microsoft-amazon-and-alphabet-highlighted-as-zacks-bull-and-bear-of-the-day?cid=CS-BENZ-FT-press_releases-715601,1.0
a7901b362b107c26,2020-01-14T00:00:00Z,news,Zacks,Oscar or Earnings: What Will Drive Netflix ETFs Ahead?,http://www.zacks.com/stock/news/717743/oscar-or-earnings-what-will-drive-netflix-etfs-ahead?cid=CS-BENZ-FT-etf_news_and_commentary-717743,1.0
6404cd7fa3b32dbf,2020-01-14T00:00:00Z,news,Zacks,Tech Daily Roundup: Apple Protection & More,http://www.zacks.com/stock/news/717854/tech-daily-roundup-apple-protection-more?cid=CS-BENZ-FT-analyst_blog|stock_roundup-717854,1.0
cf61eb991f1e3725,2020-01-14T00:00:00Z,news,Zacks,"The Zacks Analyst Blog Highlights: Alphabet, TripAdvisor, Expedia and Booking Holdings",http://www.zacks.com/stock/news/717350/the-zacks-analyst-blog-highlights-alphabet-tripadvisor-expedia-and-booking-holdings?cid=CS-BENZ-FT-press_releases-717350,1.0
22d50245c38804e0,2020-01-14T00:00:00Z,news,Zacks,Ride on Tesla's Hottest Run With These ETFs,http://www.zacks.com/stock/news/717347/ride-on-teslas-hottest-run-with-these-etfs?cid=CS-BENZ-FT-etf_news_and_commentary-717347,1.0
7fba44605e7a4895,2020-01-14T00:00:00Z,news,TalkMarkets,Disney Investors Are Loving These Disney+ Numbers,https://talkmarkets.com/content/disney-investors-are-loving-these-disney-numbers?post=247076,1.0
661f1a2a34f8db69,2020-01-14T00:00:00Z,news,Zacks,"Goldman Sachs (GS) on Hiring Spree, to Add 600 Jobs in China",http://www.zacks.com/stock/news/717327/goldman-sachs-gs-on-hiring-spree-to-add-600-jobs-in-china?cid=CS-BENZ-FT-analyst_blog|company_news_-_finance_sector-717327,1.0
7dd72b454e1c4cdf,2020-01-14T00:00:00Z,news,Investor's Business Daily,Top Stocks To Watch In Stock Market Rally Include FANG Stock Netflix; Spotify Breakout Fades On Downgrade,http://www.investors.com/stock-lists/stocks-near-a-buy-zone/stocks-to-watch-stock-market-highs-netflix-buy-point/?src=A00237A&ven=BenzingaCP&src=AURLAAM,1.0
87b174f9b004a130,2020-01-14T00:00:00Z,news,Zacks,"The Zacks Analyst Blog Highlights: Tesla, Blue Bird, PACCAR, AutoZone and Motorcar Parts of America",http://www.zacks.com/stock/news/717353/the-zacks-analyst-blog-highlights-tesla-blue-bird-paccar-autozone-and-motorcar-parts-of-america?cid=CS-BENZ-FT-press_releases-717353,1.0
8cb160b6f23ce0ec,2020-01-14T00:00:00Z,news,Zacks,"JPMorgan & Bank Earnings, Delta & Boeing & A New Strong Buy Stock - Free Lunch",http://www.zacks.com/stock/news/717831/jpmorgan-bank-earnings-delta-boeing-a-new-strong-buy-stock-free-lunch?cid=CS-BENZ-FT-stocks_in_the_news|major_headlines-717831,1.0
0dfcdf600ab6122e,2020-01-14T00:00:00Z,news,Investor's Business Daily,"JPMorgan, Citigroup Earnings Top While Wells Fargo Misses Badly",http://www.investors.com/research/ibd-industry-themes/jpmorgan-earnings-citigroup-earnings-wells-fargo-earnings-q4-2019/?src=A00237A&ven=BenzingaCP&src=AURLAAM,1.0
b8e39537787f3442,2020-01-14T00:00:00Z,news,Investor's Business Daily,"Dow Jones Slashes 140-Point Gain, Indexes Mixed, After China News Hits Stock Market",http://www.investors.com/market-trend/stock-market-today/dow-jones-jumps-140-points-after-weak-start-to-lead-stock-market/?src=A00237A&ven=BenzingaCP&src=AURLAAM,1.0
8531c346eef6e2df,2020-01-14T00:00:00Z,news,Investor's Business Daily,"Dow Jones Jumps 100 Points, Led By JPMorgan; Time To Sell Tesla Stock?",http://www.investors.com/market-trend/stock-market-today/dow-jones-jumps-100-points-led-by-jpmorgan-time-to-sell-tesla-stock/?src=A00237A&ven=BenzingaCP&src=AURLAAM,1.0
c1e7daf6b6e193d5,2020-01-14T00:00:00Z,news,Investor's Business Daily,"Dow Jones Falls At Start Of Earnings Season, As Wells Fargo Dives 4%; Netflix, Tesla Key Movers",http://www.investors.com/market-trend/stock-market-today/dow-jones-industrial-average-wells-fargo-stock-netflix-stock-tesla-stock/?src=A00237A&ven=BenzingaCP&src=AURLAAM,1.0
edbf5c5b2680b242,2020-01-14T00:00:00Z,news,Zacks,"JPMorgan (JPM) Q4 Earnings Top on Consumer, Trading Business",http://www.zacks.com/stock/news/717313/jpmorgan-jpm-q4-earnings-top-on-consumer-trading-business?cid=CS-BENZ-FT-analyst_blog|earnings_article-717313,1.0
6e33e325ac274be2,2020-01-14T00:00:00Z,news,Zacks,Can Improved Investment Banking Aid BofA (BAC) Q4 Earnings?,http://www.zacks.com/stock/news/716981/can-improved-investment-banking-aid-bofa-bac-q4-earnings?cid=CS-BENZ-FT-analyst_blog|earnings_preview-716981,1.0
da52022021e2f029,2020-01-14T00:00:00Z,news,Investor's Business Daily,"Dow Jones Futures: Stock Market Rally, Apple Pause As JPMorgan, RH, Vertex Rebound Bullishly; Beyond Meat Gets Protein Boost",http://www.investors.com/market-trend/stock-market-today/dow-jones-futures-apple-stock-market-rally-pause-jpmorgan-rh-vertex-beyond-meat/?src=A00237A&ven=BenzingaCP&src=AURLAAM,1.0
130ed48a7d666abc,2020-01-14T00:00:00Z,news,Zacks,Old National Bancorp (ONB) Reports Next Week: Wall Street Expects Earnings Growth,http://www.zacks.com/stock/news/717695/old-national-bancorp-onb-reports-next-week-wall-street-expects-earnings-growth?cid=CS-BENZ-FT-tale_of_the_tape|yseop_template_9-717695,1.0
96ed483b31c507e1,2020-01-14T00:00:00Z,news,TalkMarkets,S&P 500 Muted As Banks Prime US Earnings Season Ahead Of Phase-One Signing,https://talkmarkets.com/content/sp-500-muted-as-banks-prime-us-earnings-season-ahead-of-phase-one-signing?post=247075,1.0
eb30e2956eecce31,2020-01-14T00:00:00Z,news,Investor's Business Daily,"Dow Jones Today, Futures Sag As Trade Deal Looms; JPMorgan, Delta Climb On Earnings; Tesla Extends Rally",http://www.investors.com/market-trend/stock-market-today/dow-jones-today-futures-sag-trade-deal-looms-jpmorgan-delta-earnings-tesla-extends-rally/?src=A00237A&ven=BenzingaCP&src=AURLAAM,1.0
d3fdeb409eb9fac7,2020-01-14T00:00:00Z,news,Zacks,"The Zacks Analyst Blog Highlights: Bank of America, PNC Financial Services, State Street and Bank of Hawaii",http://www.zacks.com/stock/news/717341/the-zacks-analyst-blog-highlights-bank-of-america-pnc-financial-services-state-street-and-bank-of-hawaii?cid=CS-BENZ-FT-press_releases-717341,1.0
ca9e3ebfa51d2ec8,2020-01-15T00:00:00Z,news,Zacks,"The Zacks Analyst Blog Highlights: Microsoft, Intel, Lenovo, HP and Dell Technologies",http://www.zacks.com/stock/news/719056/the-zacks-analyst-blog-highlights-microsoft-intel-lenovo-hp-and-dell-technologies?cid=CS-BENZ-FT-press_releases-719056,1.0
a1319948f6bb9886,2020-01-15T00:00:00Z,news,GuruFocus,"Parnassus Endeavor Fund Adds to Cisco, Alphabet",http://www.gurufocus.com/news/1015901/parnassus-endeavor-fund-adds-to-cisco-alphabet,1.0
18dc8c73767dd3a7,2020-01-15T00:00:00Z,news,GuruFocus,"Pacific Wealth Strategies Group, Inc. Buys ProShares S&P 500 Dividend Aristocrats ETF, ...",http://www.gurufocus.com/news/1015924/pacific-wealth-strategies-group-inc-buys-proshares-sp-500-dividend-aristocrats-etf-schwab-international-equity-etf-schwab-us-dividend-equity-etf-sells-merck-inc-pfizer-inc-cbre-clarion-global-real-estate-income-fund,1.0
54de45eab7fe030a,2020-01-15T00:00:00Z,news,Zacks,"Alphabet's Google to Buy Pointy, Enhance Search Platform",http://www.zacks.com/stock/news/718971/alphabets-google-to-buy-pointy-enhance-search-platform?cid=CS-BENZ-FT-analyst_blog|company_news_tech_sector-718971,1.0
70ce043e2bd34a34,2020-01-15T00:00:00Z,news,Investor's Business Daily,"Who Joins Google, Alibaba, PayPal On List Of Warren Buffett Stocks?",http://www.investors.com/research/warren-buffett-stocks-2/?src=A00237A&ven=BenzingaCP&src=AURLAAM,1.0
2bd159164b231fcc,2020-01-15T00:00:00Z,news,Investor's Business Daily,"Russell 2000 Matches Dow Jones Gain; Optimism Grows On China Trade Deal, Tax Cut Talk",http://www.investors.com/market-trend/stock-market-today/russell-2000-matches-dow-jones-gain-optimism-grows-on-china-trade-deal-tax-cut-talk/?src=A00237A&ven=BenzingaCP&src=AURLAAM,1.0
346454d34308ea4a,2020-01-15T00:00:00Z,news,GuruFocus,Why Dunkin Stock Can Beat the S&P 500,http://www.gurufocus.com/news/1015723/why-dunkin-stock-can-beat-the-sp-500,1.0
7ecf4256a3b4a213,2020-01-15T00:00:00Z,news,Zacks,CVB Financial (CVBF) Reports Next Week: Wall Street Expects Earnings Growth,http://www.zacks.com/stock/news/719398/cvb-financial-cvbf-reports-next-week-wall-street-expects-earnings-growth?cid=CS-BENZ-FT-tale_of_the_tape|yseop_template_9-719398,1.0
a050938fc7739b1d,2020-01-15T00:00:00Z,news,Zacks,"The Zacks Analyst Blog Highlights: Apple, Applied Materials, NVIDIA, Microchip Technology and Alphabet",http://www.zacks.com/stock/news/719048/the-zacks-analyst-blog-highlights-apple-applied-materials-nvidia-microchip-technology-and-alphabet?cid=CS-BENZ-FT-press_releases-719048,1.0
cf91de80ec325a54,2020-01-15T00:00:00Z,news,Zacks,First Internet Bancorp (INBK) Reports Next Week: Wall Street Expects Earnings Growth,http://www.zacks.com/stock/news/719403/first-internet-bancorp-inbk-reports-next-week-wall-street-expects-earnings-growth?cid=CS-BENZ-FT-tale_of_the_tape|yseop_template_9-719403,1.0
7321dbb17525fc05,2020-01-15T00:00:00Z,news,GuruFocus,"First Financial Corp Buys PowerShares QQQ Trust Ser –, SPDR Dow Jones Industrial Average ETF ...",http://www.gurufocus.com/news/1016000/first-financial-corp-buys-powershares-qqq-trust-ser-1-spdr-dow-jones-industrial-average-etf-trust-vanguard-midcap-etf-sells-conagra-brands-inc-lamb-weston-holdings-inc-exxon-mobil-corp,1.0
431f7ea41f0d24f1,2020-01-15T00:00:00Z,news,TalkMarkets,The Largest Stocks Weigh Heavy On The S&P 500,https://talkmarkets.com/content/the-largest-stocks-weigh-heavy-on-the-sp-500?post=247252,1.0
d200c05ab4633908,2020-01-15T00:00:00Z,news,Zacks,"BofA (BAC) Q4 Earnings Top on Trading, Underwriting & Loans",http://www.zacks.com/stock/news/719047/bofa-bac-q4-earnings-top-on-trading-underwriting-loans?cid=CS-BENZ-FT-analyst_blog|earnings_article-719047,1.0
77453821030a6850,2020-01-15T00:00:00Z,news,Zacks,"Goldman Sachs (GS) Q4 Earnings Disappoint, Expenses Flare Up",http://www.zacks.com/stock/news/719072/goldman-sachs-gs-q4-earnings-disappoint-expenses-flare-up?cid=CS-BENZ-FT-analyst_blog|earnings_article-719072,1.0
82a7d91690bf296c,2020-01-15T00:00:00Z,news,Investor's Business Daily,"Dow Jones Futures: Taiwan Semiconductor Earnings To Offer Clues About Apple, AMD, Chip Industry Recovery",http://www.investors.com/market-trend/stock-market-today/dow-jones-futures-taiwan-semiconductor-earnings-offer-clues-on-apple-chip-industry-recovery/?src=A00237A&ven=BenzingaCP&src=AURLAAM,1.0
b5aa9945024a7635,2020-01-15T00:00:00Z,news,GuruFocus,Goldman Sachs: 4th-Quarter 2019 Earnings Highlights,http://www.gurufocus.com/news/1016013/goldman-sachs-4thquarter-2019-earnings-highlights,1.0
250dbaecafe97ef4,2020-01-15T00:00:00Z,news,Zacks,"The Zacks Analyst Blog Highlights: Apple, Roku, Netflix, Intel and Advanced Micro Devices",http://www.zacks.com/stock/news/719054/the-zacks-analyst-blog-highlights-apple-roku-netflix-intel-and-advanced-micro-devices?cid=CS-BENZ-FT-press_releases-719054,1.0
b053fd8e2469e1e2,2020-01-15T00:00:00Z,news,Zacks,Tech Daily: Google Loses Cookies & More,http://www.zacks.com/stock/news/719489/tech-daily-google-loses-cookies-more?cid=CS-BENZ-FT-analyst_blog|stock_roundup-719489,1.0
e6aedcdd7693afb9,2020-01-15T00:00:00Z,news,Zacks,What to Expect from Netflix's (NFLX) Q4 2019 Earnings Results?,http://www.zacks.com/stock/news/719618/what-to-expect-from-netflixs-nflx-q4-2019-earnings-results?cid=CS-BENZ-FT-stocks_in_the_news|major_headlines-719618,1.0
d3250a31f42ab0ad,2020-01-15T00:00:00Z,news,Zacks,Disney (DIS) Benefits From Strong Demand for Disney+ Service,http://www.zacks.com/stock/news/719114/disney-dis-benefits-from-strong-demand-for-disney%2B-service?cid=CS-BENZ-FT-analyst_blog|company_news_tech_sector-719114,1.0
0087f5ca255faabc,2020-01-15T00:00:00Z,news,TalkMarkets,Why Wall Street Forecasts Always Fail,https://talkmarkets.com/content/why-wall-street-forecasts-always-fail?post=247170,1.0
d3e241798cf595f9,2020-01-16T00:00:00Z,news,GuruFocus,JPMorgan is the Best Bank for Growth and Income,http://www.gurufocus.com/news/1016668/jpmorgan-is-the-best-bank-for-growth-and-income-,1.0
22dd3f9fe93077a0,2020-01-16T00:00:00Z,news,Zacks,"Zacks Earnings Trends Highlights: JPMorgan, Wells Fargo, Bank of America, Citigroup and Goldman Sachs",http://www.zacks.com/stock/news/720629/zacks-earnings-trends-highlights-jpmorgan-wells-fargo-bank-of-america-citigroup-and-goldman-sachs?cid=CS-BENZ-FT-press_releases-720629,1.0
4ca71eea051d41ea,2020-01-16T00:00:00Z,news,GuruFocus,"Jerome Dodson Exits Signature Bank, Trims Alphabet",http://www.gurufocus.com/news/1016689/jerome-dodson-exits-signature-bank-trims-alphabet,1.0
bb9b877d901d01d3,2020-01-16T00:00:00Z,news,Investor's Business Daily,"Dow Jones Futures: Stock Market Rally Keeps Testing Limits; Google Joins Apple, Microsoft In $1 Trillion Club",http://www.investors.com/market-trend/stock-market-today/dow-jones-futures-stock-market-rally-tests-limit-google-stock-apple-microsoft-1-trillion/?src=A00237A&ven=BenzingaCP&src=AURLAAM,1.0
9efa39ae6b990db5,2020-01-16T00:00:00Z,news,TalkMarkets,Dow Jones Hits Record High As CSX Lowers Outlook,https://talkmarkets.com/content/dow-jones-hits-record-high-as-csx-lowers-outlook?post=247403,1.0
5953e48d580fbd4c,2020-01-16T00:00:00Z,news,Zacks,"Zacks Investment Ideas feature highlights: Verizon, Qualcomm, Broadcom, Intel and Skyworks Solutions",http://www.zacks.com/stock/news/720627/zacks-investment-ideas-feature-highlights-verizon-qualcomm-broadcom-intel-and-skyworks-solutions?cid=CS-BENZ-FT-press_releases-720627,1.0
aefbe18773be55ee,2020-01-16T00:00:00Z,news,Zacks,Netflix (NFLX) to Post Q4 Earnings: What's in the Cards?,http://www.zacks.com/stock/news/720588/netflix-nflx-to-post-q4-earnings-whats-in-the-cards?cid=CS-BENZ-FT-analyst_blog|earnings_preview-720588,1.0
b5aa83f66479e73f,2020-01-16T00:00:00Z,news,Investor's Business Daily,"Dow Jones, Up 400 Points This Week, Knocks Out Another New Record High",http://www.investors.com/market-trend/stock-market-today/dow-jones-up-400-points-this-week-scores-new-high-as-stocks-rally/?src=A00237A&ven=BenzingaCP&src=AURLAAM,1.0
c4a8b88d7501e5c4,2020-01-16T00:00:00Z,news,TalkMarkets,GDP Crushed By Data Miss,https://talkmarkets.com/content/gdp-crushed-by-data-miss?post=247488,1.0
9edeacb26ad5016c,2020-01-16T00:00:00Z,news,GuruFocus,Livingston Group Asset Management CO (operating as Buys Invesco S&P 500 Low Volatility ...,http://www.gurufocus.com/news/1016685/livingston-group-asset-management-co-operating-as-buys-invesco-sp-500-low-volatility-etf-schwab-us-largecap-growth-etf-truist-financial-corp-sells-suntrust-banks-inc-proshares-ultrashort-710-year-treasury-ford-motor-c,1.0
94c6eddfefdc6b0c,2020-01-16T00:00:00Z,news,Investor's Business Daily,"Stock Market Surges To New Highs, Led By Small Caps; Tesla Stock Recovers After Downgrade",http://www.investors.com/market-trend/stock-market-today/stock-market-surges-to-new-highs-led-by-small-caps-tesla-stock-recovers-after-downgrade/?src=A00237A&ven=BenzingaCP&src=AURLAAM,1.0
89a3e89e24a16aac,2020-01-16T00:00:00Z,news,Zacks,Boeing Wins Deal to Supply Spare Parts for F/A-18 Aircraft,http://www.zacks.com/stock/news/720606/boeing-wins-deal-to-supply-spare-parts-for-f-a-18-aircraft?cid=CS-BENZ-FT-analyst_blog|company_news_-_corporate_actions-720606,1.0
e282a98fcc347c0c,2020-01-16T00:00:00Z,news,GuruFocus,"NETSOL Technologies to Ring Nasdaq Closing Bell on Tuesday, January 21, 2020",http://www.gurufocus.com/news/1016562/netsol-technologies-to-ring-nasdaq-closing-bell-on-tuesday-january-21-2020,1.0
5a900a8e53044581,2020-01-16T00:00:00Z,news,Investor's Business Daily,"Stock Market Jumps On Strong Retail Sales; Morgan Stanley Surges, But Tesla Dives On Downgrade",http://www.investors.com/market-trend/stock-market-today/dow-jones-industrial-average-record-high-tesla-stock-downgrade/?src=A00237A&ven=BenzingaCP&src=AURLAAM,1.0
d064468cdb9088c1,2020-01-17T00:00:00Z,news,Investor's Business Daily,"Dow Jones Sets Sights On 30,000 With 500-Point Weekly Gain, As Bull Keeps Running",http://www.investors.com/market-trend/stock-market-today/dow-sets-sights-on-30000-as-stock-market-extends-bull-run/?src=A00237A&ven=BenzingaCP&src=AURLAAM,1.0
472177e1ef55bc0a,2020-01-17T00:00:00Z,news,Zacks,"5 ETF Ways to Earn Quick Profits as S&P 500 Touches 3,300",http://www.zacks.com/stock/news/722565/5-etf-ways-to-earn-quick-profits-as-sp-500-touches-3300?cid=CS-BENZ-FT-etf_news_and_commentary-722565,1.0
a3ef9a29500b2195,2020-01-17T00:00:00Z,news,Zacks,"Bank Stock Roundup: Q4 Earnings Commences, BofA, JPMorgan & Citi Top Estimates",http://www.zacks.com/stock/news/722366/bank-stock-roundup-q4-earnings-commences-bofa-jpmorgan-citi-top-estimates?cid=CS-BENZ-FT-analyst_blog|stock_roundup-722366,1.0
9fc6e8d54f4d1dfd,2020-01-17T00:00:00Z,news,Investor's Business Daily,"Stock Market Sets More Record Highs; Home Depot, Pinterest, Tesla, Twitter Key Movers",http://www.investors.com/market-trend/stock-market-today/dow-jones-industrial-average-sets-record-highs/?src=A00237A&ven=BenzingaCP&src=AURLAAM,1.0
bc5b70fa914ac8f4,2020-01-17T00:00:00Z,news,Zacks,"Amazon to Create 1 Million Jobs in India, Expand Footprint",http://www.zacks.com/stock/news/722566/amazon-to-create-1-million-jobs-in-india-expand-footprint?cid=CS-BENZ-FT-analyst_blog|company_news_-_corporate_actions-722566,1.0
63a968cd5485323d,2020-01-17T00:00:00Z,news,Zacks,How JPMorgan (JPM) Stock Stands Out in a Strong Industry,http://www.zacks.com/stock/news/722593/how-jpmorgan-jpm-stock-stands-out-in-a-strong-industry?cid=CS-BENZ-FT-tale_of_the_tape|industry_rank_and_rising_estimates-722593,1.0
3ccd86aaeb1ef980,2020-01-17T00:00:00Z,news,Investor's Business Daily,"Netflix Stock, 2 Chip Heavyweights Sit Near Buy Points Ahead Of Q4 Results",http://www.investors.com/research/earnings-preview/netflix-stock-sits-near-buy-point-ahead-of-earnings/?src=A00237A&ven=BenzingaCP&src=AURLAAM,1.0
f626521c21c5b207,2020-01-17T00:00:00Z,news,Zacks,"Top STock Analyst Reports for Microsoft, American Express & Others",http://www.zacks.com/research-daily/722567/top-stock-analyst-reports-for-microsoft-american-express-others?cid=CS-BENZ-FT-research_daily-722567,1.0
dd7926814278e65f,2020-01-17T00:00:00Z,news,Zacks,Intel (INTC) to Report Q4 Earnings: What's in the Cards?,http://www.zacks.com/stock/news/722282/intel-intc-to-report-q4-earnings-whats-in-the-cards?cid=CS-BENZ-FT-analyst_blog|earnings_preview-722282,1.0
fdd35bb9477b0003,2020-01-17T00:00:00Z,news,Investor's Business Daily,Netflix Earnings Lead Big Week For Tech Results: Investing Action Plan,http://www.investors.com/research/investing-action-plan/netflix-earnings-intel-earnings-impeachment-trial-davos-world-economic-forum/?src=A00237A&ven=BenzingaCP&src=AURLAAM,1.0
14814b1b4d865e68,2020-01-17T00:00:00Z,news,Investor's Business Daily,"Nasdaq Caps 6th Consecutive Week Of Gains, As Dow Notches Best Week Since August",http://www.investors.com/market-trend/stock-market-today/dow-jones-caps-best-week-since-august/?src=A00237A&ven=BenzingaCP&src=AURLAAM,1.0
4b715f4144775dad,2020-01-17T00:00:00Z,news,TalkMarkets,"Google Parent Company Alphabet Joins The Trillion Dollar Club With Apple, Microsoft, Aramco",https://talkmarkets.com/content/google-parent-company-alphabet-joins-the-trillion-dollar-club-with-apple-microsoft-aramco?post=247454,1.0
72784a9c6361ffef,2020-01-18T00:00:00Z,news,TalkMarkets,Retail Sales Confirm What We Said Last Month - GDP Is Clocking In Over 3%,https://talkmarkets.com/content/retail-sales-confirm-what-we-said-last-month-gdp-is-clocking-in-over-3?post=247580,1.0
65d2ee13ffb765f9,2020-01-18T00:00:00Z,news,TalkMarkets,Week In Review: China's I-Mab Stages $104 Million Nasdaq IPO,https://talkmarkets.com/content/week-in-review-chinas-i-mab-stages-104-million-nasdaq-ipo?post=247573,1.0
51e5ae5401c68814,2020-01-19T00:00:00Z,news,TalkMarkets,Fresh Records For US Shares As Google Becomes Fourth $1 Trillion Company,https://talkmarkets.com/content/fresh-records-for-us-shares-as-google-becomes-fourth-1-trillion-company?post=247674,1.0
5aa9fdff45521ed0,2020-01-19T00:00:00Z,news,Investor's Business Daily,"Dow Jones Futures: Stock Market Rally Faces Next Test; Netflix, Texas Instruments Earnings Due",http://www.investors.com/market-trend/stock-market-today/dow-jones-futures-stock-market-rally-test-netflix-earnings-texas-instruments-earnings/?src=A00237A&ven=BenzingaCP&src=AURLAAM,1.0
f718f433c7ffc819,2020-01-19T00:00:00Z,news,GuruFocus,Our Risk Perception on Apple,http://www.gurufocus.com/news/1018266/our-risk-perception-on-apple,1.0
269b0db0424c8ddb,2020-01-19T00:00:00Z,news,GuruFocus,The Amazon-Poof Retailers,http://www.gurufocus.com/news/1018022/the-amazonpoof-retailers,1.0
7b9413e42b3eef7c,2020-01-20T00:00:00Z,news,Zacks,Apple Welcomes Julia Louis-Dreyfus to TV+ Streaming Projects,http://www.zacks.com/stock/news/726489/apple-welcomes-julia-louis-dreyfus-to-tv%2B-streaming-projects?cid=CS-BENZ-FT-analyst_blog|company_news_tech_sector-726489,1.0
26776e3d12dc3aec,2020-01-20T00:00:00Z,news,TalkMarkets,4 ETFs For Alphabet's Ascent Into The Four Comma Club,https://talkmarkets.com/content/4-etfs-for-alphabets-ascent-into-the-four-comma-club?post=247698,1.0
e2596145edf91b73,2020-01-20T00:00:00Z,news,Zacks,Chevron's Venezuela Operations Get Another 90-Day Waiver,http://www.zacks.com/stock/news/726337/chevrons-venezuela-operations-get-another-90-day-waiver?cid=CS-BENZ-FT-analyst_blog|company_news_-_energy_sector-726337,1.0
617df8137baddcfa,2020-01-20T00:00:00Z,news,Zacks,"Top Stock Reports for Alphabet, JPMorgan & Comcast",http://www.zacks.com/research-daily/726570/top-stock-reports-for-alphabet-jpmorgan-comcast?cid=CS-BENZ-FT-research_daily-726570,1.0
fafa530911a8793b,2020-01-20T00:00:00Z,news,Zacks,Netflix Is Up To Bat This Q4 Earnings Season,http://www.zacks.com/stock/news/726928/netflix-is-up-to-bat-this-q4-earnings-season?cid=CS-BENZ-FT-stocks_in_the_news|investment_ideas-726928,1.0
3292b16753400345,2020-01-20T00:00:00Z,news,Zacks,"The Zacks Analyst Blog Highlights: Microsoft, American Express, Fidelity National Information Services, Goldman Sachs and Southern",http://www.zacks.com/stock/news/726555/the-zacks-analyst-blog-highlights-microsoft-american-express-fidelity-national-information-services-goldman-sachs-and-southern?cid=CS-BENZ-FT-press_releases-726555,1.0
8ed0ac4e80a89580,2020-01-20T00:00:00Z,news,TalkMarkets,Tech-Fueled Nasdaq Continues To Lead The Way,https://talkmarkets.com/content/tech-fueled-nasdaq-continues-to-lead-the-way?post=247735,1.0
e7fa0724b454fbf5,2020-01-20T00:00:00Z,news,Zacks,"The Zacks Analyst Blog Highlights: Apple, Applied Materials, Synopsys, Copart and State Street",http://www.zacks.com/stock/news/726559/the-zacks-analyst-blog-highlights-apple-applied-materials-synopsys-copart-and-state-street?cid=CS-BENZ-FT-press_releases-726559,1.0
097f651418695913,2020-01-20T00:00:00Z,news,GuruFocus,"Steven Romick Exits Mylan, Cuts Bank of America",http://www.gurufocus.com/news/1018560/steven-romick-exits-mylan-cuts-bank-of-america,1.0
1f124e8c79221ffc,2020-01-20T00:00:00Z,news,Zacks,"The Zacks Analyst Blog Highlights: Amazon, Zumiez, Signet, Macy's and J. C. Penney",http://www.zacks.com/stock/news/726558/the-zacks-analyst-blog-highlights-amazon-zumiez-signet-macys-and-j-c-penney?cid=CS-BENZ-FT-press_releases-726558,1.0
1aefda0b59d74b03,2020-01-20T00:00:00Z,news,TalkMarkets,The Best Tesla Bull Case I Have Ever Read: Tilson,https://talkmarkets.com/content/the-best-tesla-bull-case-i-have-ever-read-tilson?post=247831,1.0
77c931f5e3f26347,2020-01-20T00:00:00Z,news,TalkMarkets,"Market Signals for the US stock market And Indian Stock - Monday, Jan. 20",https://talkmarkets.com/content/market-signals-for-the-us-stock-market-and-indian-stock-monday-jan-20?post=247738,1.0
184596af9502a5eb,2020-01-20T00:00:00Z,news,Zacks,"Amazon (AMZN) to Open Warehouse in Atlanta, Add 500+ Jobs",http://www.zacks.com/stock/news/726303/amazon-amzn-to-open-warehouse-in-atlanta-add-500%2B-jobs?cid=CS-BENZ-FT-analyst_blog|company_news_tech_sector-726303,1.0
2016b94f9f50b6a0,2020-01-20T00:00:00Z,news,Zacks,"Netflix, Johnson & Johnson, Procter & Gamble and Intel are part of Zacks Earnings Preview",http://www.zacks.com/stock/news/726532/netflix-johnson-johnson-procter-gamble-and-intel-are-part-of-zacks-earnings-preview?cid=CS-BENZ-FT-press_releases-726532,1.0
6f07b28b89e955bc,2020-01-20T00:00:00Z,news,Zacks,Tesla (TSLA): Does This Rally Still Have Legs?,http://www.zacks.com/stock/news/727143/tesla-tsla-does-this-rally-still-have-legs?cid=CS-BENZ-FT-stocks_in_the_news|investment_ideas-727143,1.0
76c64e370ea2c8b8,2020-01-21T00:00:00Z,news,Investor's Business Daily,Dow Jones Futures: Stock Market Resistant To China Virus; These 3 Tech Giants Rise Late,http://www.investors.com/market-trend/stock-market-today/dow-jones-futures-stock-market-rally-resistant-to-china-virus-netflix-ibm-tesla-rise/?src=A00237A&ven=BenzingaCP&src=AURLAAM,1.0
ff18b4e2f538d22a,2020-01-21T00:00:00Z,news,Zacks,"The Zacks Analyst Blog Highlights: Alphabet, JPMorgan Chase, Comcast, IBM and QUALCOMM",http://www.zacks.com/stock/news/727946/the-zacks-analyst-blog-highlights-alphabet-jpmorgan-chase-comcast-ibm-and-qualcomm?cid=CS-BENZ-FT-press_releases-727946,1.0
6c3a3a669445eaba,2020-01-21T00:00:00Z,news,Investor's Business Daily,"Stock Market Worsens On Coronavirus Fears; China Stocks Hit, but Tesla, Costco Shine",http://www.investors.com/market-trend/stock-market-today/stock-market-worsens-on-coronavirus-fears-china-stocks-hit-tesla-costco-shine/?src=A00237A&ven=BenzingaCP&src=AURLAAM,1.0
ae74f8e3df0588c4,2020-01-21T00:00:00Z,news,Investor's Business Daily,"Stock Market Slips From Record Highs On China Virus; Intel, Roku, Tesla Are Key Movers",http://www.investors.com/market-trend/stock-market-today/dow-jones-industrial-average-china-virus-intel-roku-tesla-stock/?src=A00237A&ven=BenzingaCP&src=AURLAAM,1.0
2e9d5afe1544eb92,2020-01-21T00:00:00Z,news,Investor's Business Daily,"Dow Jones Today, Futures Pare Losses After China Virus Rattles Markets; Halliburton, Tesla, Logitech Rise",http://www.investors.com/market-trend/stock-market-today/dow-jones-today-china-virus-rattles-markets-halliburton-tesla-logitech-rise/?src=A00237A&ven=BenzingaCP&src=AURLAAM,1.0
3662579b5a427f80,2020-01-21T00:00:00Z,news,Zacks,Intel (INTC) to Post Q4 Earnings: DCG & CCG in Spotlight,http://www.zacks.com/stock/news/728009/intel-intc-to-post-q4-earnings-dcg-ccg-in-spotlight?cid=CS-BENZ-FT-analyst_blog|earnings_preview-728009,1.0
4ddd943698ad0027,2020-01-21T00:00:00Z,news,Zacks,Apple Partner Pegatron Plans New Facilities in Vietnam,http://www.zacks.com/stock/news/728046/apple-partner-pegatron-plans-new-facilities-in-vietnam?cid=CS-BENZ-FT-analyst_blog|company_news_tech_sector-728046,1.0
f0d2ca86e4c27b01,2020-01-21T00:00:00Z,news,Zacks,Netflix Beats Expectations and The Street Is Not Impressed,http://www.zacks.com/stock/news/728502/netflix-beats-expectations-and-the-street-is-not-impressed?cid=CS-BENZ-FT-video_blog-728502,1.0
433f3bcb9da5eebd,2020-01-21T00:00:00Z,news,Zacks,"Trump in Davos, Global Economic Outlook, Netflix Earnings & A Strong Buy Tech Stock - Free Lunch",http://www.zacks.com/stock/news/728382/trump-in-davos-global-economic-outlook-netflix-earnings-a-strong-buy-tech-stock-free-lunch?cid=CS-BENZ-FT-stocks_in_the_news|major_headlines-728382,1.0
bb9fb0a5ba242494,2020-01-21T00:00:00Z,news,Zacks,"Inphi, iRobot, Netflix, Disney and Apple highlighted as Zacks Bull and Bear of the Day",http://www.zacks.com/stock/news/727905/inphi-irobot-netflix-disney-and-apple-highlighted-as-zacks-bull-and-bear-of-the-day?cid=CS-BENZ-FT-press_releases-727905,1.0
377d56b38128d32f,2020-01-21T00:00:00Z,news,Zacks,Goldman Sachs (GS) Secures South African Banking License,http://www.zacks.com/stock/news/727887/goldman-sachs-gs-secures-south-african-banking-license?cid=CS-BENZ-FT-analyst_blog|company_news_-_finance_sector-727887,1.0
fab578c05a24e79f,2020-01-21T00:00:00Z,news,TalkMarkets,"Dow Jones, Nasdaq 100, S&P 500 Outlook: Boeing, Netflix Drag On Stocks",https://talkmarkets.com/content/dow-jones-nasdaq-100-sp-500-outlook-boeing-netflix-drag-on-stocks?post=247932,1.0
933b144cfb3b97e0,2020-01-21T00:00:00Z,news,Zacks,Boeing's 737 Max Debacle Helps Airbus Take Off,http://www.zacks.com/stock/news/727890/boeings-737-max-debacle-helps-airbus-take-off?cid=CS-BENZ-FT-analyst_blog|industry_focus-727890,1.0
66e9bc1f95b64145,2020-01-21T00:00:00Z,news,TalkMarkets,"Boeing 737 MAX Unlikely To Be Ungrounded At Least Until Mid-Year, Company Says",https://talkmarkets.com/content/boeing-737-max-unlikely-to-be-ungrounded-at-least-until-mid-year-company-says?post=247956,1.0
686c23f93856353a,2020-01-21T00:00:00Z,news,GuruFocus,Nasdaq European Debt Market Continues to Expand in 2019,http://www.gurufocus.com/news/1018735/nasdaq-european-debt-market-continues-to-expand-in-2019,1.0
dffc6fe745d6f294,2020-01-21T00:00:00Z,news,TalkMarkets,"CVS, Walgreens Shares Slide As Amazon Files International Trademarks For Pharmacy Business",https://talkmarkets.com/content/cvs-walgreens-shares-slide-as-amazon-files-international-trademarks-for-pharmacy-business?post=247962,1.0
609995269dff43e9,2020-01-21T00:00:00Z,news,Investor's Business Daily,Four Top Growth Stocks To Watch Include Hot IPO Stocks Bill.com And XP; Netflix Reports Late,http://www.investors.com/stock-lists/stocks-near-a-buy-zone/stocks-to-watch-stock-market-rally-bill-xp-netflix/?src=A00237A&ven=BenzingaCP&src=AURLAAM,1.0
8a0857d2e3ea953d,2020-01-21T00:00:00Z,news,GuruFocus,Einhorn Short Target Netflix Soars Despite Low US Subscriber Growth,http://www.gurufocus.com/news/1019491/einhorn-short-target-netflix-soars-despite-low-us-subscriber-growth,1.0
67abb9884bda2b7e,2020-01-22T00:00:00Z,news,Zacks,Coronavirus Infects Wall Street: Stocks to Gain & Lose,http://www.zacks.com/stock/news/728972/coronavirus-infects-wall-street-stocks-to-gain-lose?cid=CS-BENZ-FT-analyst_blog|investment_ideas-728972,1.0
c4034b1fafa76d80,2020-01-22T00:00:00Z,news,Zacks,"Tesla, NIO and the Electric Boogie",http://www.zacks.com/stock/news/729751/tesla-nio-and-the-electric-boogie?cid=CS-BENZ-FT-paper_traders-729751,1.0
21eaf49d461528e1,2020-01-22T00:00:00Z,news,GuruFocus,Bernard Horn Comments on JPMorgan Chase,http://www.gurufocus.com/news/1020144/bernard-horn-comments-on-jpmorgan-chase,1.0
4293829559740def,2020-01-22T00:00:00Z,news,TalkMarkets,Will ECB Spark Big FX Moves Like BoC?,https://talkmarkets.com/content/will-ecb-spark-big-fx-moves-like-boc?post=248071,1.0
edc76b3ea02b36fe,2020-01-22T00:00:00Z,news,Investor's Business Daily,"Stock Market Higher, But Boeing, JNJ Weigh On The Dow; Tesla Tops $100 Billion Milestone",http://www.investors.com/market-trend/stock-market-today/dow-jones-higher-neflix-stock-earnings-tesla-stock-new-highs/?src=A00237A&ven=BenzingaCP&src=AURLAAM,1.0
38d8668edbc27b4d,2020-01-22T00:00:00Z,news,Zacks,"Netflix (NFLX) Q4 Earnings Crush Estimates, Revenues Up Y/Y",http://www.zacks.com/stock/news/729033/netflix-nflx-q4-earnings-crush-estimates-revenues-up-y-y?cid=CS-BENZ-FT-analyst_blog|earnings_article-729033,1.0
af35e7fb07e5e153,2020-01-22T00:00:00Z,news,Zacks,"Top Stock Analyst Reports for Pfizer, Wells Fargo & SAP",http://www.zacks.com/research-daily/729250/top-stock-analyst-reports-for-pfizer-wells-fargo-sap?cid=CS-BENZ-FT-research_daily-729250,1.0
267422b8ce343b76,2020-01-22T00:00:00Z,news,GuruFocus,Paycom Software Set to Join S&P 500,http://www.gurufocus.com/news/1020420/paycom-software-set-to-join-sp-500,1.0
b6423d89930a1d54,2020-01-22T00:00:00Z,news,GuruFocus,"CHURCHILL MANAGEMENT Corp Buys Vanguard Information Technology ETF, Vanguard S&P 500 ...",http://www.gurufocus.com/news/1020292/churchill-management-corp-buys-vanguard-information-technology-etf-vanguard-sp-500-etf-vanguard-smallcap-etf-sells-consumer-discretionary-select-sector-spdr-fund-consumer-staples-select-sector-spdr-fund-utilities-sele,1.0
cc583c23d09276d1,2020-01-22T00:00:00Z,news,Investor's Business Daily,"Dow Jones Futures: After Stock Market Pause, These 5 Top Stocks Move On News",http://www.investors.com/market-trend/stock-market-today/dow-jones-futures-stock-market-rally-pause-texas-instruments-teradyne-paypal-paycom/?src=A00237A&ven=BenzingaCP&src=AURLAAM,1.0
9db085a2ba0cd7a2,2020-01-22T00:00:00Z,news,Zacks,"Buy Apple Stock Before Q1 Earnings on Services, AirPods & iPhone Growth?",http://www.zacks.com/stock/news/729777/buy-apple-stock-before-q1-earnings-on-services-airpods-iphone-growth?cid=CS-BENZ-FT-stocks_in_the_news|major_headlines-729777,1.0
0fa474692776ce93,2020-01-22T00:00:00Z,news,TalkMarkets,"For Netflix, Getting (And Keeping) Subscribers In The Face Of Competition Is Expensive",https://talkmarkets.com/content/for-netflix-getting-and-keeping-subscribers-in-the-face-of-competition-is-expensive?post=248048,1.0
12dca900920ce666,2020-01-22T00:00:00Z,news,GuruFocus,Wall Street Recommends This Trio of Low Price-Book Stocks,http://www.gurufocus.com/news/1019833/wall-street-recommends-this-trio-of-low-pricebook-stocks,1.0
1b51ac4f03e9e591,2020-01-22T00:00:00Z,news,Investor's Business Daily,"Nasdaq Rallies To New High As Stocks Rebound, But Boeing Drags The Dow",http://www.investors.com/market-trend/stock-market-today/nasdaq-hits-new-high-as-stock-market-rebounds-dow-jones-lags/?src=A00237A&ven=BenzingaCP&src=AURLAAM,1.0
66a08daf4b5155aa,2020-01-22T00:00:00Z,news,GuruFocus,Nasdaq Announces ESG Reporting Technology Solution,http://www.gurufocus.com/news/1019844/nasdaq-announces-esg-reporting-technology-solution,1.0
bcc90ee7ba86fc50,2020-01-23T00:00:00Z,news,Investor's Business Daily,"Paycom Rallies On S&P 500 News, And Other Key Events In IBD 50",http://www.investors.com/stock-lists/ibd-50/paycom-stock-rallies-addition-sp-500-index-ibd50/?src=A00237A&ven=BenzingaCP&src=AURLAAM,1.0
4bd5d9beaf315811,2020-01-23T00:00:00Z,news,TalkMarkets,"Euro Battered Post ECB, Coronavirus In Focus",https://talkmarkets.com/content/euro-battered-post-ecb-coronavirus-in-focus?post=248280,1.0
f6d1b99710b439ac,2020-01-23T00:00:00Z,news,TalkMarkets,"Intel Reports Q4 Adjusted EPS $1.52, Consensus $1.25",https://talkmarkets.com/content/intel-reports-q4-adjusted-eps-152-consensus-125?post=248227,1.0
ddc8bdc6f53e6416,2020-01-23T00:00:00Z,news,Investor's Business Daily,"Dow Jones Drops On Spreading Virus Fears, Earnings Results; Tesla Volatile On Downgrade",http://www.investors.com/market-trend/stock-market-today/dow-jones-slides-virus-fears-tesla-stock-downgrade/?src=A00237A&ven=BenzingaCP&src=AURLAAM,1.0
16d40ecf61ba4986,2020-01-23T00:00:00Z,news,GuruFocus,Southwest Posts 4th-Quarter Earnings Miss as Boeing Issues Continue,http://www.gurufocus.com/news/1020665/southwest-posts-4thquarter-earnings-miss-as-boeing-issues-continue,1.0
7ce3f8fa49eca1ce,2020-01-23T00:00:00Z,news,TalkMarkets,Tesla Breaks The $100bn Market Cap Ceiling,https://talkmarkets.com/content/tesla-breaks-the-100bn-market-cap-ceiling?post=248157,1.0
b67718cd88434214,2020-01-23T00:00:00Z,news,TalkMarkets,Intel (INTC) Sell Into Earnings Because Of This,https://talkmarkets.com/content/intel-intc-sell-into-earnings-because-of-this?post=248219,1.0
9e02c2165f30ab2c,2020-01-23T00:00:00Z,news,GuruFocus,"McKinley Carter Wealth Services, Inc. Buys ProShares S&P 500 Dividend Aristocrats ETF, ...",http://www.gurufocus.com/news/1021014/mckinley-carter-wealth-services-inc-buys-proshares-sp-500-dividend-aristocrats-etf-boeing-co-intel-corp-sells-netflix-inc-marathon-petroleum-corp-qualcomm-inc,1.0
56aaf69f769ba958,2020-01-23T00:00:00Z,news,Investor's Business Daily,"Dow Jones Futures: Intel, Atlassian Soar On Earnings, Boost AMD, Nvidia, ServiceNow; Broadcom Rises On Apple Deal",http://www.investors.com/market-trend/stock-market-today/dow-jones-futures-intel-atlassian-soar-on-earnings-boost-amd-nvidia-broadcom-apple-deal/?src=A00237A&ven=BenzingaCP&src=AURLAAM,1.0
c0c1757397a9027a,2020-01-23T00:00:00Z,news,Zacks,"Tech Daily: Netflix Earnings, Analyst Opinion, iPhone Demand, More",http://www.zacks.com/stock/news/731020/tech-daily-netflix-earnings-analyst-opinion-iphone-demand-more?cid=CS-BENZ-FT-analyst_blog|stock_roundup-731020,1.0
5718fc78717663e8,2020-01-23T00:00:00Z,news,Zacks,"Intel, Intuitive, Skyworks All Beat Earnings",http://www.zacks.com/stock/news/730962/intel-intuitive-skyworks-all-beat-earnings?cid=CS-BENZ-FT-analyst_blog|earnings_article-730962,1.0
f6311f72a88897fe,2020-01-23T00:00:00Z,news,Zacks,Intel (INTC) Q4 Earnings and Revenues Surpass Estimates,http://www.zacks.com/stock/news/730956/intel-intc-q4-earnings-and-revenues-surpass-estimates?cid=CS-BENZ-FT-tale_of_the_tape|yseop_template_4-730956,1.0
c9590aa3ea15514f,2020-01-23T00:00:00Z,news,Investor's Business Daily,"Gain Access To Top Chipmaker, Key Apple Supplier With This Foreign Stock Play",http://www.investors.com/etfs-and-funds/etf-leaders/tech-stocks-leading-taiwan-play-include-top-chipmaker-apple-supplier/?src=A00237A&ven=BenzingaCP&src=AURLAAM,1.0
4aad32263a9c9b39,2020-01-23T00:00:00Z,news,Zacks,Quest Diagnostics (DGX) Reports Next Week: Wall Street Expects Earnings Growth,http://www.zacks.com/stock/news/730780/quest-diagnostics-dgx-reports-next-week-wall-street-expects-earnings-growth?cid=CS-BENZ-FT-tale_of_the_tape|yseop_template_9-730780,1.0
f35577250f4fe5f9,2020-01-23T00:00:00Z,news,Investor's Business Daily,"Dow Jones Today, Futures Ease On China Virus; Citrix Systems, Paycom, Comcast Stock Climb",http://www.investors.com/market-trend/stock-market-today/dow-jones-today-futures-slump-on-china-virus-citrix-systems-comcast-stock-climb/?src=A00237A&ven=BenzingaCP&src=AURLAAM,1.0
c0a33c3d4a25904d,2020-01-23T00:00:00Z,news,Investor's Business Daily,Dow Jones Recovers After 200-Point Drop; Intel Surges Late; Netflix Rebounds Bullishly,http://www.investors.com/market-trend/stock-market-today/dow-jones-recovers-after-200-point-drop-intel-surges-late-netflix-rebound-bullishly/?src=A00237A&ven=BenzingaCP&src=AURLAAM,1.0
df7775023b7e6b02,2020-01-23T00:00:00Z,news,Zacks,Big Oil Stocks: Why Chevron's (CVX) the Best Right Now,http://www.zacks.com/stock/news/731022/big-oil-stocks-why-chevrons-cvx-the-best-right-now?cid=CS-BENZ-FT-analyst_blog|rank_focused-731022,1.0
f518243299c263d0,2020-01-23T00:00:00Z,news,Zacks,MSCI (MSCI) Reports Next Week: Wall Street Expects Earnings Growth,http://www.zacks.com/stock/news/730752/msci-msci-reports-next-week-wall-street-expects-earnings-growth?cid=CS-BENZ-FT-tale_of_the_tape|yseop_template_9-730752,1.0
08e4aac4fc065214,2020-01-23T00:00:00Z,news,GuruFocus,Airbus' Skytra selects Nasdaq to provide the technology for its new venue for air travel ...,http://www.gurufocus.com/news/1020539/airbus-skytra-selects-nasdaq-to-provide-the-technology-for-its-new-venue-for-air-travel-price-derivatives,1.0
d191b0eb2e436308,2020-01-23T00:00:00Z,news,Zacks,First Merchants (FRME) Reports Next Week: Wall Street Expects Earnings Growth,http://www.zacks.com/stock/news/730770/first-merchants-frme-reports-next-week-wall-street-expects-earnings-growth?cid=CS-BENZ-FT-tale_of_the_tape|yseop_template_9-730770,1.0
10bb47f688b5697e,2020-01-23T00:00:00Z,news,Zacks,"Zacks Investment Ideas feature highlights: Tesla, Apple, Ford, General Motors and Fiat Chrysler",http://www.zacks.com/stock/news/730344/zacks-investment-ideas-feature-highlights-tesla-apple-ford-general-motors-and-fiat-chrysler?cid=CS-BENZ-FT-press_releases-730344,1.0
4226a018eb1ca8c9,2020-01-23T00:00:00Z,news,GuruFocus,Performant Regains Continued Listing Standard Compliance with Nasdaq,http://www.gurufocus.com/news/1020731/performant-regains-continued-listing-standard-compliance-with-nasdaq,1.0
ac4a015718b70881,2020-01-23T00:00:00Z,news,Zacks,Pfizer (PFE) Q4 Earnings Coming Up: What's in the Cards?,http://www.zacks.com/stock/news/730297/pfizer-pfe-q4-earnings-coming-up-whats-in-the-cards?cid=CS-BENZ-FT-analyst_blog|earnings_preview-730297,1.0
68f8641307ba766d,2020-01-23T00:00:00Z,news,Zacks,Alexion Pharmaceuticals (ALXN) Reports Next Week: Wall Street Expects Earnings Growth,http://www.zacks.com/stock/news/730798/alexion-pharmaceuticals-alxn-reports-next-week-wall-street-expects-earnings-growth?cid=CS-BENZ-FT-tale_of_the_tape|yseop_template_9-730798,1.0
827dc7bf9cd33d3d,2020-01-23T00:00:00Z,news,GuruFocus,"Gilead, Bristol-Myers Pumped More Into R&D Than Shareholder Enrichments",http://www.gurufocus.com/news/1020972/gilead-bristolmyers-pumped-more-into-rd-than-shareholder-enrichments,1.0
79aa320af8902ff5,2020-01-23T00:00:00Z,news,GuruFocus,Netflix Sets the Stage for a Bleak 2020,http://www.gurufocus.com/news/1020875/netflix-sets-the-stage-for-a-bleak-2020,1.0
7912b05177eea750,2020-01-23T00:00:00Z,news,Zacks,Unitil (UTL) Reports Next Week: Wall Street Expects Earnings Growth,http://www.zacks.com/stock/news/730726/unitil-utl-reports-next-week-wall-street-expects-earnings-growth?cid=CS-BENZ-FT-tale_of_the_tape|yseop_template_9-730726,1.0
1181165034884c6a,2020-01-24T00:00:00Z,news,Investor's Business Daily,"Dow Jones Today Gets Intel, AmEx Lift; Futures Rise As Chips Rally; Broadcom Deepens Apple Ties",http://www.investors.com/market-trend/stock-market-today/dow-jones-today-gets-intel-amex-lift-futures-rise-as-chips-rally-broadcom-deepens-apple-ties/?src=A00237A&ven=BenzingaCP&src=AURLAAM,1.0
dff2efcf75283eee,2020-01-24T00:00:00Z,news,Investor's Business Daily,"Dow Jones Higher On Strong Earnings; American Express And Intel Jump, While Atlassian Breaks Out",http://www.investors.com/market-trend/stock-market-today/dow-jones-industrial-average-higher-earnings-american-express-intel/?src=A00237A&ven=BenzingaCP&src=AURLAAM,1.0
12dde191a2050568,2020-01-24T00:00:00Z,news,Investor's Business Daily,"Dow Jones Swoons As Much As 300 Points On Rising Coronavirus Fears; Intel, AmEx Bright Spots",http://www.investors.com/market-trend/stock-market-today/dow-jones-swoons-300-points-on-rising-coronavirus-fears/?src=A00237A&ven=BenzingaCP&src=AURLAAM,1.0
5bb7d7810719804b,2020-01-24T00:00:00Z,news,Investor's Business Daily,Top Stocks Making New Highs Before Market Sell-Off Include This Big Apple Supplier,http://www.investors.com/stock-lists/new-highs/top-stocks-making-new-highs-include-big-apple-supplier/?src=A00237A&ven=BenzingaCP&src=AURLAAM,1.0
8755e5df0e94ff6a,2020-01-24T00:00:00Z,news,TalkMarkets,3 Chip ETFs To Buy On Intel's Stellar Forecast,https://talkmarkets.com/content/3-chip-etfs-to-buy-on-intels-stellar-forecast?post=248344,1.0
5c7ca3447d0338f9,2020-01-24T00:00:00Z,news,Zacks,"Chip ETFs to Surge on Intel's Solid Q4 Earnings, Upbeat View",http://www.zacks.com/stock/news/731737/chip-etfs-to-surge-on-intels-solid-q4-earnings-upbeat-view?cid=CS-BENZ-FT-etf_news_and_commentary-731737,1.0
e3849f387cf14339,2020-01-24T00:00:00Z,news,Zacks,"Zacks Earnings Trends Highlights: JPMorgan, Wells Fargo, Bank of America, Citigroup and Goldman",http://www.zacks.com/stock/news/731779/zacks-earnings-trends-highlights-jpmorgan-wells-fargo-bank-of-america-citigroup-and-goldman?cid=CS-BENZ-FT-press_releases-731779,1.0
53c607ada8d4b3d8,2020-01-24T00:00:00Z,news,GuruFocus,"Brand Asset Management Group, Inc. Buys SPDR S&P 500 ETF Trust, Vanguard Total ...",http://www.gurufocus.com/news/1021579/brand-asset-management-group-inc-buys-spdr-sp-500-etf-trust-vanguard-total-international-stock-vanguard-sp-500-etf-sells-ishares-05-year-tips-bond-etf-union-pacific-corp-umb-financial-corp,1.0
2e6435921d7aa7a8,2020-01-24T00:00:00Z,news,Zacks,5 International ETFs Beating S&P 500 in 2020,http://www.zacks.com/stock/news/731483/5-international-etfs-beating-sp-500-in-2020?cid=CS-BENZ-FT-etf_news_and_commentary-731483,1.0
2ce1bef8e100c5d0,2020-01-24T00:00:00Z,news,Zacks,"The Zacks Analyst Blog Highlights: Alphabet, salesforce.com, L3Harris, McKesson and Synopsys",http://www.zacks.com/stock/news/731744/the-zacks-analyst-blog-highlights-alphabet-salesforcecom-l3harris-mckesson-and-synopsys?cid=CS-BENZ-FT-press_releases-731744,1.0
a43dad4fb6272467,2020-01-24T00:00:00Z,news,GuruFocus,"Nicolet Bankshares Inc Buys SPDR Portfolio S&P 500 Value ETF, SPDR Portfolio S&P ...",http://www.gurufocus.com/news/1021512/nicolet-bankshares-inc-buys-spdr-portfolio-sp-500-value-etf-spdr-portfolio-sp-500-growth-etf-vanguard-total-bond-market-etf-sells-flexshares-global-upstream-natural-resources-index-exact-sciences-corp-johnson--johnson,1.0
b96186b3742df42e,2020-01-24T00:00:00Z,news,GuruFocus,U.S. Energy Corp. Regains Full Compliance with Nasdaq Listing Standards,http://www.gurufocus.com/news/1021242/us-energy-corp-regains-full-compliance-with-nasdaq-listing-standards,1.0
0264cd9192dbff1c,2020-01-24T00:00:00Z,news,Zacks,Tesla's (TSLA) Unintended Acceleration Problem,http://www.zacks.com/stock/news/732039/teslas-tsla-unintended-acceleration-problem?cid=CS-BENZ-FT-analyst_blog-732039,1.0
0f832b1913c73c05,2020-01-24T00:00:00Z,news,Zacks,"Top Stock Research Reports for Intel, Boeing & Blackstone",http://www.zacks.com/research-daily/731801/top-stock-research-reports-for-intel-boeing-blackstone?cid=CS-BENZ-FT-research_daily-731801,1.0
e81cf01b24281be1,2020-01-24T00:00:00Z,news,Zacks,"Exact Sciences, GameStop, Intel, Intuitive Surgical and Skyworks highlighted as Zacks Bull and Bear of the Day",http://www.zacks.com/stock/news/731786/exact-sciences-gamestop-intel-intuitive-surgical-and-skyworks-highlighted-as-zacks-bull-and-bear-of-the-day?cid=CS-BENZ-FT-press_releases-731786,1.0
479aa238183b0c2f,2020-01-24T00:00:00Z,news,GuruFocus,"First Personal Financial Services Buys ProShares S&P 500 Dividend Aristocrats ETF, ...",http://www.gurufocus.com/news/1021520/first-personal-financial-services-buys-proshares-sp-500-dividend-aristocrats-etf-ishares-core-sp-midcap-etf-ishares-core-sp-500-etf,1.0
f1b89916f65de5ad,2020-01-24T00:00:00Z,news,Zacks,"Intel's (INTC) Q4 Earnings Beat, DCG Growth Aids Revenues",http://www.zacks.com/stock/news/731728/intels-intc-q4-earnings-beat-dcg-growth-aids-revenues?cid=CS-BENZ-FT-analyst_blog|earnings_article-731728,1.0
b863e7f560519ea1,2020-01-24T00:00:00Z,news,Zacks,Booz Allen Hamilton (BAH) Reports Next Week: Wall Street Expects Earnings Growth,http://www.zacks.com/stock/news/731944/booz-allen-hamilton-bah-reports-next-week-wall-street-expects-earnings-growth?cid=CS-BENZ-FT-tale_of_the_tape|yseop_template_9-731944,1.0
e917e7bcc9f11a65,2020-01-24T00:00:00Z,news,GuruFocus,"Gulf Resources, Inc. Regains Compliance with Nasdaq Shareholder Approval Requirements",http://www.gurufocus.com/news/1021377/gulf-resources-inc-regains-compliance-with-nasdaq-shareholder-approval-requirements,1.0
881f41bd30fe1775,2020-01-24T00:00:00Z,news,Zacks,Factors Setting the Tone for Microsoft's (MSFT) Q2 Results,http://www.zacks.com/stock/news/731610/factors-setting-the-tone-for-microsofts-msft-q2-results?cid=CS-BENZ-FT-analyst_blog|earnings_preview-731610,1.0
cf7aef011815419e,2020-01-24T00:00:00Z,news,GuruFocus,Wall Street Suggests Catching These — Falling Knives,http://www.gurufocus.com/news/1021212/wall-street-suggests-catching-these-2-falling-knives,1.0
9fbd9e6bba8a91bc,2020-01-24T00:00:00Z,news,GuruFocus,Live Ventures Incorporated Receives Notification of Deficiency from Nasdaq Related to Delayed ...,http://www.gurufocus.com/news/1021635/live-ventures-incorporated-receives-notification-of-deficiency-from-nasdaq-related-to-delayed-annual-report-on-form-10k,1.0
d440feda0cec6c55,2020-01-24T00:00:00Z,news,Investor's Business Daily,Stocks Fall On Virus Outbreak; Dow Jones Leader Intel Rallies,http://www.investors.com/market-trend/stock-market-today/dow-jones-sell-off-on-china-virus-scare-chip-stock-intel-rally/?src=A00237A&ven=BenzingaCP&src=AURLAAM,1.0
b40946617e06b0ed,2020-01-24T00:00:00Z,news,Zacks,"The Zacks Analyst Blog Highlights: Chevron, Netflix, NextEra, IBM and HCA",http://www.zacks.com/stock/news/731729/the-zacks-analyst-blog-highlights-chevron-netflix-nextera-ibm-and-hca?cid=CS-BENZ-FT-press_releases-731729,1.0
8d0918915b5bf319,2020-01-24T00:00:00Z,news,Zacks,Will Global Services Unit Aid Boeing's (BA) Q4 Earnings?,http://www.zacks.com/stock/news/731656/will-global-services-unit-aid-boeings-ba-q4-earnings?cid=CS-BENZ-FT-analyst_blog|earnings_preview-731656,1.0
c62dc7a3d75368ff,2020-01-25T00:00:00Z,news,TalkMarkets,Will The Competition Get To Netflix?,https://talkmarkets.com/content/will-the-competition-get-to-netflix?post=248326,1.0
cc5ff681e4aa53ee,2020-01-25T00:00:00Z,news,GuruFocus,"Teleoperation Service Market Views: Taking A Nimble Approach to 2020 | Google, Nokia, ...",http://www.gurufocus.com/news/1021780/teleoperation-service-market-views-taking-a-nimble-approach-to-2020--google-nokia-bluefin-robotics-abb-intel,1.0
bc29dd3510bc78ca,2020-01-26T00:00:00Z,news,TalkMarkets,"Market Signals for the US stock market And Indian Stock - Monday, Jan. 27",https://talkmarkets.com/content/market-signals-for-the-us-stock-market-and-indian-stock-monday-jan-27?post=248536,1.0
d9e7038450246802,2020-01-26T00:00:00Z,news,TalkMarkets,Netflix Soars As Comcast Falters Ahead Of Entry Into Streaming Wars,https://talkmarkets.com/content/netflix-soars-as-comcast-falters-ahead-of-entry-into-streaming-wars?post=248444,1.0
3a1eb3bcad99f698,2020-01-26T00:00:00Z,news,TalkMarkets,"46 Firms going Ex-Dividend, including Pfizer, Realty Income and Dominion Resouces",https://talkmarkets.com/content/46-firms-going-ex-dividend-including-pfizer-realty-income-and-dominion-resouces?post=248546,1.0
ff462acb76143e13,2020-01-26T00:00:00Z,news,TalkMarkets,"46 Firms going Ex-Dividend next week, including Pfizer, Realty Income and Dominion Resouces",https://talkmarkets.com/content/46-firms-going-ex-dividend-next-week-including-pfizer-realty-income-and-dominion-resouces?post=248546,1.0
0fca3fbdbb8797c9,2020-01-26T00:00:00Z,news,TalkMarkets,"Crude Oil, S&P 500 Sink As Gold Prices Rally - Market Volatility Back?",https://talkmarkets.com/content/crude-oil-sp-500-sink-as-gold-prices-rally-market-volatility-back?post=248491,1.0
defbdbed4af6c642,2020-01-27T00:00:00Z,news,TalkMarkets,S&P 500 Energy Sector (XLE) Breaks Down,https://talkmarkets.com/content/sp-500-energy-sector-xle-breaks-down?post=248642,1.0
198b2090b27658d5,2020-01-27T00:00:00Z,news,Investor's Business Daily,"Dow Jones Dives 450 Points; China Stocks Hit, But P&G Stock Holds Near Buy Point",http://www.investors.com/market-trend/stock-market-today/dow-jones-dives-450-points-as-coronavirus-spreads/?src=A00237A&ven=BenzingaCP&src=AURLAAM,1.0
2584d0b9766c3942,2020-01-27T00:00:00Z,news,Investor's Business Daily,"Dow Jones Futures: China Coronavirus Slams Stock Market Rally; Apple, AMD, Starbucks On Tap; Acceleron Skyrockets",http://www.investors.com/market-trend/stock-market-today/dow-jones-futures-china-coronavirus-slams-stock-market-rally-apple-amd-starbucks-on-tap/?src=A00237A&ven=BenzingaCP&src=AURLAAM,1.0
9d48f88c37ad5a52,2020-01-27T00:00:00Z,news,Zacks,Apple Set to Beat Q1 Earnings Estimates: Tech ETFs to Buy,http://www.zacks.com/stock/news/735030/apple-set-to-beat-q1-earnings-estimates-tech-etfs-to-buy?cid=CS-BENZ-FT-etf_news_and_commentary-735030,1.0
196cc97a3cffb152,2020-01-27T00:00:00Z,news,TalkMarkets,Will Overbought Conditions Offer A 5% Sale For S&P 500?,https://talkmarkets.com/content/will-overbought-conditions-offer-a-5-sale-for-sp-500?post=248567,1.0
4081a23503c3bfa4,2020-01-27T00:00:00Z,news,Investor's Business Daily,Dow Jones Dives 450 Points In Stock Market Rout As Deadly China Virus Spreads,http://www.investors.com/market-trend/stock-market-today/dow-jones-dives-450-points-in-stock-market-rout-china-virus-spreads/?src=A00237A&ven=BenzingaCP&src=AURLAAM,1.0
85348037b2f73738,2020-01-27T00:00:00Z,news,Zacks,Will Chevron (CVX) Pull Out of Indonesian Deepwater Stake?,http://www.zacks.com/stock/news/734677/will-chevron-cvx-pull-out-of-indonesian-deepwater-stake?cid=CS-BENZ-FT-analyst_blog|company_news_-_energy_sector-734677,1.0
e4577f845609701a,2020-01-27T00:00:00Z,news,Investor's Business Daily,"Dow Jones Today, China-Related Stocks Lead Declines As Coronavirus Outbreak Expands",http://www.investors.com/market-trend/stock-market-today/dow-jones-today-china-stocks-lead-declines-coronavirus-outbreak-expands/?src=A00237A&ven=BenzingaCP&src=AURLAAM,1.0
153070cc3c54bd3c,2020-01-27T00:00:00Z,news,Zacks,Intel (INTC) Is Up 1.12% in One Week: What You Should Know,http://www.zacks.com/stock/news/734987/intel-intc-is-up-112-in-one-week-what-you-should-know?cid=CS-BENZ-FT-tale_of_the_tape|yseop_template_10-734987,1.0
c07621dd3ae22da2,2020-01-27T00:00:00Z,news,Zacks,"Apple, Microsoft, Facebook, Amazon and Intel are part of Zacks Earnings Preview",http://www.zacks.com/stock/news/734825/apple-microsoft-facebook-amazon-and-intel-are-part-of-zacks-earnings-preview?cid=CS-BENZ-FT-press_releases-734825,1.0
2afab4706f9aa586,2020-01-27T00:00:00Z,news,Zacks,"Zacks Investment Ideas feature highlights: Intel, Nvidia, Broadcom, TSMC and Qualcomm",http://www.zacks.com/stock/news/734823/zacks-investment-ideas-feature-highlights-intel-nvidia-broadcom-tsmc-and-qualcomm?cid=CS-BENZ-FT-press_releases-734823,1.0
97119d4b634ff82d,2020-01-27T00:00:00Z,news,Zacks,"Intel (INTC) Soars to 52-Week High, Time to Cash Out?",http://www.zacks.com/stock/news/734690/intel-intc-soars-to-52-week-high-time-to-cash-out?cid=CS-BENZ-FT-52_week_high-734690,1.0
67c917126a4b054e,2020-01-27T00:00:00Z,news,Zacks,Will Lower Commercial Deliveries Hurt Boeing (BA) Q4 Earnings?,http://www.zacks.com/stock/news/734713/will-lower-commercial-deliveries-hurt-boeing-ba-q4-earnings?cid=CS-BENZ-FT-analyst_blog|earnings_preview-734713,1.0
753511303be78872,2020-01-27T00:00:00Z,news,GuruFocus,Aeterna Zentaris Regains Compliance With Nasdaq Minimum Bid Price Requirement for Continued Listing,http://www.gurufocus.com/news/1022310/aeterna-zentaris-regains-compliance-with-nasdaq-minimum-bid-price-requirement-for-continued-listing,1.0
ab7693cf17b7c1dd,2020-01-27T00:00:00Z,news,GuruFocus,Boeing and Embraer Welcome Brazilian Approval,http://www.gurufocus.com/news/1022627/boeing-and-embraer-welcome-brazilian-approval,1.0
ea6446c79212b0ce,2020-01-28T00:00:00Z,news,Zacks,What Lies Ahead for Microsoft ETFs This Earnings Season?,http://www.zacks.com/stock/news/736815/what-lies-ahead-for-microsoft-etfs-this-earnings-season?cid=CS-BENZ-FT-etf_news_and_commentary-736815,1.0
5d118155d11c63fd,2020-01-28T00:00:00Z,news,Investor's Business Daily,"Stock Market Rises From Its Sick Bed; Nasdaq, S&P 500 Both Up 1% Or More",http://www.investors.com/market-trend/stock-market-today/stock-market-rises-dow-nasdaq-sp-500-all-upe/?src=A00237A&ven=BenzingaCP&src=AURLAAM,1.0
f9490c48beef22a5,2020-01-28T00:00:00Z,news,Investor's Business Daily,S&P 500 Having Its Best Day Of New Year As Dow Flashes A Positive Signal,http://www.investors.com/market-trend/stock-market-today/sp-500-today-best-day-new-year-dow-flashes-positive-signal/?src=A00237A&ven=BenzingaCP&src=AURLAAM,1.0
41d07fbd05db2f92,2020-01-28T00:00:00Z,news,Zacks,Will Solid Defense Deliveries Aid Boeing's (BA) Q4 Earnings?,http://www.zacks.com/stock/news/736651/will-solid-defense-deliveries-aid-boeings-ba-q4-earnings?cid=CS-BENZ-FT-analyst_blog|earnings_preview-736651,1.0
8c93099a24dd53ff,2020-01-28T00:00:00Z,news,Zacks,Is a Beat in Store for Chevron (CVX) This Earnings Season?,http://www.zacks.com/stock/news/736387/is-a-beat-in-store-for-chevron-cvx-this-earnings-season?cid=CS-BENZ-FT-analyst_blog|earnings_preview-736387,1.0
f031af195d9f31ba,2020-01-28T00:00:00Z,news,GuruFocus,"Sharkey, Howes & Javer Buys iShares Core S&P 500 ETF, iShares Core S&P Total U. ...",http://www.gurufocus.com/news/1023344/sharkey-howes--javer-buys-ishares-core-sp-500-etf-ishares-core-sp-total-us-stock-market-etf-ishares-core-msci-emerging-markets-etf-sells-schwab-us-largecap-etf-invesco-sp-emerging-markets-low-volatility-etf-schwab-us-,1.0
06e32e41e000ab7b,2020-01-28T00:00:00Z,news,Zacks,Wall Street Crashes: 5 Defensive ETFs to Your Rescue,http://www.zacks.com/stock/news/737240/wall-street-crashes-5-defensive-etfs-to-your-rescue?cid=CS-BENZ-FT-etf_news_and_commentary-737240,1.0
c119b03b8358076a,2020-01-28T00:00:00Z,news,Investor's Business Daily,"Dow Jones Today, Stocks Bounce As Apple, AMD Rise Before Earnings; Tesla, China Stocks Rally",http://www.investors.com/market-trend/stock-market-today/dow-jones-today-stocks-bounce-apple-amd-rise-before-earnings-tesla-china-stocks-rally/?src=A00237A&ven=BenzingaCP&src=AURLAAM,1.0
6dae7267cb26e577,2020-01-28T00:00:00Z,news,Investor's Business Daily,Stock Market Rebounds Bullishly After Monday Sell-Off; Apple Rallies Ahead Of Earnings,http://www.investors.com/market-trend/stock-market-today/stock-market-rebounds-bullishly-after-monday-sell-off-apple-rallies-ahead-earnings/?src=A00237A&ven=BenzingaCP&src=AURLAAM,1.0
c7d6c44277b20daa,2020-01-28T00:00:00Z,news,Investor's Business Daily,"Dow Jones Futures: Apple, AMD, Xilinx, Maxim Earnings Fuel Big Chip Moves After Stock Market Rebounds From Coronavirus Sell-Off",http://www.investors.com/market-trend/stock-market-today/dow-jones-futures-apple-amd-xilinx-earnings-apple-stock-market-rally-rebounds-coronavirus/?src=A00237A&ven=BenzingaCP&src=AURLAAM,1.0
97ed71deec747b52,2020-01-28T00:00:00Z,news,GuruFocus,Albemarle Corporation Joins S&P 500 Dividend Aristocrats Index,http://www.gurufocus.com/news/1023157/albemarle-corporation-joins-sp-500-dividend-aristocrats-index,1.0
b70c51c8290fada2,2020-01-28T00:00:00Z,news,GuruFocus,"Get In on the AI Health Care Revolution With Globus, BioXcel, Apple, Amazon and Google",http://www.gurufocus.com/news/1023361/get-in-on-the-ai-health-care-revolution-with-globus-bioxcel-apple-amazon-and-google,1.0
f524ad064fecad1b,2020-01-28T00:00:00Z,news,GuruFocus,Intel: An Undervalued Stock Offering Potential Double-Digit Returns,http://www.gurufocus.com/news/1022665/intel-an-undervalued-stock-offering-potential-doubledigit-returns,1.0
b086d392164cb428,2020-01-28T00:00:00Z,news,Zacks,"The Zacks Analyst Blog Highlights: Apple, Amazon and Intel",http://www.zacks.com/stock/news/736567/the-zacks-analyst-blog-highlights-apple-amazon-and-intel?cid=CS-BENZ-FT-press_releases-736567,1.0
67f92c3abecd027a,2020-01-28T00:00:00Z,news,TalkMarkets,"Continue To Expect Earnings Upside For Intel, Good Sign For AMD On Tuesday",https://talkmarkets.com/content/continue-to-expect-earnings-upside-for-intel-good-sign-for-amd-on-tuesday?post=248727,1.0
f03086b66b222bd0,2020-01-28T00:00:00Z,news,Zacks,Will Intel (INTC) Gain on Rising Earnings Estimates?,http://www.zacks.com/stock/news/736995/will-intel-intc-gain-on-rising-earnings-estimates?cid=CS-BENZ-FT-tale_of_the_tape|yseop_template_8-736995,1.0
cee16376f9c4120a,2020-01-28T00:00:00Z,news,Zacks,Will Azure & Office 365 Drive Microsoft's (MSFT) Q2 Earnings?,http://www.zacks.com/stock/news/736573/will-azure-office-365-drive-microsofts-msft-q2-earnings?cid=CS-BENZ-FT-analyst_blog|earnings_preview-736573,1.0
7a212bc65f7c764e,2020-01-29T00:00:00Z,news,Zacks,Gilead's Mantle Cell Lymphoma Drug MAA Gets EMA Validation,http://www.zacks.com/stock/news/738815/gileads-mantle-cell-lymphoma-drug-maa-gets-ema-validation?cid=CS-BENZ-FT-analyst_blog|company_news_-_medical_sector-738815,1.0
e16be04ab40f77e0,2020-01-29T00:00:00Z,news,Zacks,"The Zacks Analyst Blog Highlights: ExxonMobil, Chevron, Royal Dutch Shell and BP",http://www.zacks.com/stock/news/738446/the-zacks-analyst-blog-highlights-exxonmobil-chevron-royal-dutch-shell-and-bp?cid=CS-BENZ-FT-press_releases-738446,1.0
686d10b4eef86d11,2020-01-29T00:00:00Z,news,GuruFocus,"Up-Coming Trends and Demand for Chatbots Market 2020| Apple, Baidu, Applied Voice & ...",http://www.gurufocus.com/news/1023735/upcoming-trends-and-demand-for-chatbots-market-2020-apple-baidu-applied-voice--speech-technologies,1.0
17fabac9132e4674,2020-01-29T00:00:00Z,news,Investor's Business Daily,"Dow Jones Today Rises On Apple, Dow, Boeing; Chips Take A Hit, Fed Prepares To Vote",http://www.investors.com/market-trend/stock-market-today/dow-jones-today-rises-on-apple-dow-boeing-chips-take-a-hit-fed-prepares-to-vote/?src=A00237A&ven=BenzingaCP&src=AURLAAM,1.0
9d52a49705d7ea8f,2020-01-29T00:00:00Z,news,TalkMarkets,Bitcoin Jumps Near Three-month High While Apple Delivers Record Earnings,https://talkmarkets.com/content/bitcoin-jumps-near-three-month-high-while-apple-delivers-record-earnings?post=248882,1.0
d84c2b39682cd778,2020-01-29T00:00:00Z,news,Investor's Business Daily,"Dow Jones Futures: Tesla, Facebook, Microsoft, ServiceNow Are Big Movers; These 3 Chip Stocks Flash Buy Signals",http://www.investors.com/market-trend/stock-market-today/dow-jones-futures-tesla-stock-skyrockets-facebook-microsoft-servicenow-earnings-movers/?src=A00237A&ven=BenzingaCP&src=AURLAAM,1.0
8a607c2cc2974262,2020-01-29T00:00:00Z,news,Zacks,EPlus (PLUS) to Report Q3 Results: Wall Street Expects Earnings Growth,http://www.zacks.com/stock/news/739151/eplus-plus-to-report-q3-results-wall-street-expects-earnings-growth?cid=CS-BENZ-FT-tale_of_the_tape|yseop_template_9-739151,1.0
7dcbaaefe06cf938,2020-01-29T00:00:00Z,news,Zacks,Ametek (AME) Reports Next Week: Wall Street Expects Earnings Growth,http://www.zacks.com/stock/news/739108/ametek-ame-reports-next-week-wall-street-expects-earnings-growth?cid=CS-BENZ-FT-tale_of_the_tape|yseop_template_9-739108,1.0
5e8eb7161fe6b160,2020-01-29T00:00:00Z,news,GuruFocus,David Einhorn Is Short Netflix,http://www.gurufocus.com/news/1024133/david-einhorn-is-short-netflix,1.0
1999c0410fe8faef,2020-01-29T00:00:00Z,news,Zacks,Boston Scientific (BSX) Reports Next Week: Wall Street Expects Earnings Growth,http://www.zacks.com/stock/news/739103/boston-scientific-bsx-reports-next-week-wall-street-expects-earnings-growth?cid=CS-BENZ-FT-tale_of_the_tape|yseop_template_9-739103,1.0
e3b97646c38168a1,2020-01-29T00:00:00Z,news,Zacks,Nasdaq (NDAQ) Surpasses Q4 Earnings and Revenue Estimates,http://www.zacks.com/stock/news/738924/nasdaq-ndaq-surpasses-q4-earnings-and-revenue-estimates?cid=CS-BENZ-FT-analyst_blog|earnings_article-738924,1.0
d66c50fb20eb0a07,2020-01-29T00:00:00Z,news,Zacks,Can The Uptrend Continue for Intel?,http://www.zacks.com/stock/news/738463/can-the-uptrend-continue-for-intel?cid=CS-BENZ-FT-tale_of_the_tape|20_day_moving_average-738463,1.0
a0a405c66250e6c2,2020-01-29T00:00:00Z,news,TalkMarkets,Intel Is Still The King Of The Chips,https://talkmarkets.com/content/intel-is-still-the-king-of-the-chips?post=249058,1.0
037e13d060770c09,2020-01-29T00:00:00Z,news,Investor's Business Daily,"Amazon Earnings, Q4 GDP Report Lead Investing Action Plan",http://www.investors.com/research/investing-action-plan/amazon-earnings-stock-eyes-buy-point-q4-2019-gdp-growth-estimate-due/?src=A00237A&ven=BenzingaCP&src=AURLAAM,1.0
94a48f55a3cbc03a,2020-01-29T00:00:00Z,news,Investor's Business Daily,Do You Rely Too Much On Apple Stock?,http://www.investors.com/etfs-and-funds/sectors/sp500-investors-do-you-rely-too-much-apple-stock/?src=A00237A&ven=BenzingaCP&src=AURLAAM,1.0
f8b32c16f6d424fc,2020-01-29T00:00:00Z,news,Zacks,Apple ETFs to Buy Post Blockbuster Q1 Results,http://www.zacks.com/stock/news/738852/apple-etfs-to-buy-post-blockbuster-q1-results?cid=CS-BENZ-FT-etf_news_and_commentary-738852,1.0
ee2bae53ad967155,2020-01-29T00:00:00Z,news,Zacks,Glu Mobile (GLUU) Reports Next Week: Wall Street Expects Earnings Growth,http://www.zacks.com/stock/news/739171/glu-mobile-gluu-reports-next-week-wall-street-expects-earnings-growth?cid=CS-BENZ-FT-tale_of_the_tape|yseop_template_9-739171,1.0
15a472a180ce6bf7,2020-01-29T00:00:00Z,news,Zacks,DHT Holdings (DHT) to Report Q4 Results: Wall Street Expects Earnings Growth,http://www.zacks.com/stock/news/739090/dht-holdings-dht-to-report-q4-results-wall-street-expects-earnings-growth?cid=CS-BENZ-FT-tale_of_the_tape|yseop_template_9-739090,1.0
07da72cf8e0149c7,2020-01-29T00:00:00Z,news,Investor's Business Daily,"Dow Jones Gains On Bullish Apple Earnings, Fed Holds On Rates; Why Boeing Stock Is Not A Buy Now",http://www.investors.com/market-trend/stock-market-today/dow-jones-gains-on-bullish-apple-earnings-why-boeing-stock-is-not-a-buy-now/?src=A00237A&ven=BenzingaCP&src=AURLAAM,1.0
31c396393791d055,2020-01-29T00:00:00Z,news,Zacks,"The Zacks Analyst Blog Highlights: Facebook, Amazon, Pinterest and Fox",http://www.zacks.com/stock/news/738466/the-zacks-analyst-blog-highlights-facebook-amazon-pinterest-and-fox?cid=CS-BENZ-FT-press_releases-738466,1.0
6422951396f17741,2020-01-29T00:00:00Z,news,Zacks,Nasdaq (NDAQ) Beats Q4 Earnings and Revenue Estimates,http://www.zacks.com/stock/news/738563/nasdaq-ndaq-beats-q4-earnings-and-revenue-estimates?cid=CS-BENZ-FT-tale_of_the_tape|yseop_template_4-738563,1.0
227081092bc4259c,2020-01-29T00:00:00Z,news,Zacks,JPMorgan (JPM) Mulls to Cut 1% Jobs in Consumer Division,http://www.zacks.com/stock/news/738686/jpmorgan-jpm-mulls-to-cut-1-jobs-in-consumer-division?cid=CS-BENZ-FT-analyst_blog|company_news_-_finance_sector-738686,1.0
9dc94a764d4c6491,2020-01-29T00:00:00Z,news,TalkMarkets,Coronavirus Outbreak Could Cripple EV Sales For Tesla And Nio In China,https://talkmarkets.com/content/coronavirus-outbreak-could-cripple-ev-sales-for-tesla-and-nio-in-china?post=248985,1.0
2d6bc10220971de7,2020-01-29T00:00:00Z,news,GuruFocus,CGI reports director election results,http://www.gurufocus.com/news/1024313/cgi-reports-director-election-results,1.0
b2afd4423a5f56eb,2020-01-29T00:00:00Z,news,Investor's Business Daily,"Dow Rallies On Apple, McDonald's Earnings; Tesla, Facebook To Report Late",http://www.investors.com/market-trend/stock-market-today/dow-jones-apple-mcdonalds-fuel-rally-on-earnings-tesla-facebook-microsoft-report-next/?src=A00237A&ven=BenzingaCP&src=AURLAAM,1.0
f46ff5e8472bac6f,2020-01-30T00:00:00Z,news,GuruFocus,"Veritas Investment Management LLP Buys Align Technology Inc, Amazon. ...",http://www.gurufocus.com/news/1025051/veritas-investment-management-llp-buys-align-technology-inc-amazoncom-inc-paysign-inc-sells-danaher-corp-becton-dickinson-and-co-cocacola-co,1.0
e1e5b12ef55f18fc,2020-01-30T00:00:00Z,news,TalkMarkets,"Tesla soars on upbeat earnings, Facebook struggles with expenses",https://talkmarkets.com/content/tesla-soars-on-upbeat-earnings-facebook-struggles-with-expenses?post=249049,1.0
a3ad87336c21bb7f,2020-01-30T00:00:00Z,news,Zacks,Microsoft's Azure Returns to Growth: 5 ETFs to Buy,http://www.zacks.com/stock/news/740829/microsofts-azure-returns-to-growth-5-etfs-to-buy?cid=CS-BENZ-FT-etf_news_and_commentary-740829,1.0
4cffd598bcf389af,2020-01-30T00:00:00Z,news,Investor's Business Daily,"Dividend ETF Has Strong Growth Element With Apple, Microsoft, Nvidia",http://www.investors.com/etfs-and-funds/etf-leaders/dividend-stocks-go-with-growth-in-first-trust-etf-apple-microsoft-nvidia/?src=A00237A&ven=BenzingaCP&src=AURLAAM,1.0
b3dea3e53ad50f83,2020-01-30T00:00:00Z,news,GuruFocus,"Texas Capital Bancshares Inc Buys iShares Russell Mid-Cap ETF, iShares S&P 500 Growth ...",http://www.gurufocus.com/news/1025059/texas-capital-bancshares-inc-buys-ishares-russell-midcap-etf-ishares-sp-500-growth-etf-vanguard-ftse-developed-markets-etf-sells-ishares-core-sp-midcap-etf-ishares-core-us-aggregate-bond-etf-ishares-russell-2000-value,1.0
e167b947ad0831e4,2020-01-30T00:00:00Z,news,Investor's Business Daily,Seven Dow Jones Stocks Sink 2 Points Or More; Why It's Not Time To Sell Apple Stock Yet,http://www.investors.com/market-trend/stock-market-today/dow-jones-stocks-sink-2-points-or-more-why-its-not-time-to-sell-apple-stock-yet/?src=A00237A&ven=BenzingaCP&src=AURLAAM,1.0
6f4d5381c087d224,2020-01-30T00:00:00Z,news,Zacks,"Tesla's (TSLA) Q4 Earnings & Revenues Beat Estimates, Up Y/Y",http://www.zacks.com/stock/news/740396/teslas-tsla-q4-earnings-revenues-beat-estimates-up-y-y?cid=CS-BENZ-FT-analyst_blog|earnings_article-740396,1.0
06bf33d2f9044c1f,2020-01-30T00:00:00Z,news,Zacks,Facebook Tumbles Post Q4 Results: What's in Store for ETFs?,http://www.zacks.com/stock/news/741004/facebook-tumbles-post-q4-results-whats-in-store-for-etfs?cid=CS-BENZ-FT-etf_news_and_commentary-741004,1.0
f27568c1aa1c96e3,2020-01-30T00:00:00Z,news,GuruFocus,"Sonata Capital Group Inc Buys Microsoft Corp, iShares U.S. ...",http://www.gurufocus.com/news/1025063/sonata-capital-group-inc-buys-microsoft-corp-ishares-us-preferred-stock-alibaba-group-holding-sells-vanguard-consumer-discretionary-etf,1.0
103cdec184ad809f,2020-01-30T00:00:00Z,news,Investor's Business Daily,"Dow Jones Futures: Amazon Surges On Earnings, Leads Four Stocks Flashing Buy Signals",http://www.investors.com/market-trend/stock-market-today/dow-jones-futures-amazon-stock-surges-vertex-wdc-stock-ew-stock-buy-signals-ibm-ceo-out/?src=A00237A&ven=BenzingaCP&src=AURLAAM,1.0
bc98608ec8c7e7ab,2020-01-30T00:00:00Z,news,Investor's Business Daily,"Dow Jones Today, Futures Dive On Fed, Coronavirus Risk; Microsoft, Qorvo, Lam Research Rally",http://www.investors.com/market-trend/stock-market-today/dow-jones-today-futures-dive-fed-coronavirus-risk-microsoft-qorvo-lam-research-rally/?src=A00237A&ven=BenzingaCP&src=AURLAAM,1.0
a7af20d84d3559b1,2020-01-30T00:00:00Z,news,Zacks,"Q4 GDP 2.1%, In-Line with Q3; Plus Q4 Earnings from VZ, KO & More",http://www.zacks.com/stock/news/740766/q4-gdp-21-in-line-with-q3-plus-q4-earnings-from-vz-ko-more?cid=CS-BENZ-FT-ahead_of_wall_street-740766,1.0
aedab5e05e834534,2020-01-30T00:00:00Z,news,GuruFocus,"Mizuho Securities Usa Inc. Buys SPDR S&P 500 ETF Trust, SPDR Dow Jones Industrial ...",http://www.gurufocus.com/news/1025064/mizuho-securities-usa-inc-buys-spdr-sp-500-etf-trust-spdr-dow-jones-industrial-average-etf-trust-consumer-discretionary-select-sector-spdr-fund-sells-powershares-qqq-trust-ser-1-merck-inc-twelve-seas-investment-co,1.0
310eb014a21bf24a,2020-01-30T00:00:00Z,news,Zacks,Sapiens (SPNS) and Tesla (TSLA) Are Aggressive Growth Stocks,http://www.zacks.com/stock/news/741324/sapiens-spns-and-tesla-tsla-are-aggressive-growth-stocks?cid=CS-BENZ-FT-video_blog-741324,1.0
392d0d26945d09a5,2020-01-30T00:00:00Z,news,Zacks,"Earnings Season Scorecard and Research Reports for Apple, PetroChina & Others",http://www.zacks.com/research-daily/740844/earnings-season-scorecard-and-research-reports-for-apple-petrochina-others?cid=CS-BENZ-FT-research_daily-740844,1.0
39b4468a4d1ab74b,2020-01-30T00:00:00Z,news,GuruFocus,"Big Data Services Market to Boom: Key Players IBM, Microsoft, Oracle, Hewlett-Packard",http://www.gurufocus.com/news/1025268/big-data-services-market-to-boom-key-players-ibm-microsoft-oracle-hewlettpackard,1.0
419cab12347bcaa1,2020-01-30T00:00:00Z,news,GuruFocus,Berkshire Holding Amazon Rockets on 4th-Quarter Earnings Beat,http://www.gurufocus.com/news/1025048/berkshire-holding-amazon-rockets-on-4thquarter-earnings-beat,1.0
8da9deb4059adf5f,2020-01-30T00:00:00Z,news,TalkMarkets,When Will OPEC+ Meet?,https://talkmarkets.com/content/when-will-opec-meet?post=249184,1.0
854ef7bf5a68de1f,2020-01-30T00:00:00Z,news,GuruFocus,Spirit AeroSystems Announces 7'7 MAX Production Agreement with Boeing,http://www.gurufocus.com/news/1024660/spirit-aerosystems-announces-737-max-production-agreement-with-boeing,1.0
f8304c101574b68d,2020-01-30T00:00:00Z,news,TalkMarkets,Stocks And Precious Metals Charts - Davos Man Dismisses Risk - Amazon Soars After The Bell,https://talkmarkets.com/content/stocks-and-precious-metals-charts-davos-man-dismisses-risk-amazon-soars-after-the-bell?post=249156,1.0
9f43563633382873,2020-01-30T00:00:00Z,news,Zacks,Disney Earnings Preview: Buy DIS Stock on the Dip for 2020 Streaming Growth?,http://www.zacks.com/stock/news/740218/disney-earnings-preview-buy-dis-stock-on-the-dip-for-2020-streaming-growth?cid=CS-BENZ-FT-stocks_in_the_news|earnings_preview-740218,1.0
f097664a1d5b07ea,2020-01-31T00:00:00Z,news,Investor's Business Daily,Dow Jones Tanks 566 Points Amid Coronavirus Impact; Why It's Time To Sell Luckin Coffee Stock,http://www.investors.com/market-trend/stock-market-today/dow-jones-tanks-566-points-amid-coronavirus-impact-time-to-sell-luckin-coffee-stock/?src=A00237A&ven=BenzingaCP&src=AURLAAM,1.0
6376fb48c4166b58,2020-01-31T00:00:00Z,news,GuruFocus,Nasdaq Names Roland Chai Global Chief Risk Officer,http://www.gurufocus.com/news/1025824/nasdaq-names-roland-chai-global-chief-risk-officer,1.0
eddf77f49a632a10,2020-01-31T00:00:00Z,news,Investor's Business Daily,Dow Jones Plunges 600 Points As U.S. Declares Coronavirus Public Health Emergency,http://www.investors.com/market-trend/stock-market-today/dow-jones-dives-550-points-in-stock-market-rout-coronavirus-cases-soar/?src=A00237A&ven=BenzingaCP&src=AURLAAM,1.0
d44400751192e3ae,2020-01-31T00:00:00Z,news,Investor's Business Daily,Dow Jones Futures Fall On Coronavirus Fears; Amazon Leads Four Stocks Flashing Buy Signals,http://www.investors.com/market-trend/stock-market-today/dow-jones-futures-fall-coronavirus-amazon-stock-surges-ibm-ceo-out/?src=A00237A&ven=BenzingaCP&src=AURLAAM,1.0
ee04d68393e5c59f,2020-01-31T00:00:00Z,news,TalkMarkets,Italy: Unexpectedly Bad GDP Growth Prompts Downgrade,https://talkmarkets.com/content/italy-unexpectedly-bad-gdp-growth-prompts-downgrade?post=249283,1.0
684ac5ebdcddae93,2020-01-31T00:00:00Z,news,Investor's Business Daily,"Stock Market Falls On Coronavirus Fears; Amazon Hits Buy Point On Earnings, While Visa Dives",http://www.investors.com/market-trend/stock-market-today/dow-jones-dives-coronavirus-fears-amazon-stock-earnings/?src=A00237A&ven=BenzingaCP&src=AURLAAM,1.0
08725e87e294234c,2020-01-31T00:00:00Z,news,Investor's Business Daily,"Dow Jones Craters 400 Points As Exxon Mobil, Chevron Earnings Weigh; Amazon Breaks Out",http://www.investors.com/market-trend/stock-market-today/dow-jones-craters-400-points-as-exxon-mobil-chevron-earnings-weigh-amazon-stock-breaks-out/?src=A00237A&ven=BenzingaCP&src=AURLAAM,1.0
47070d2878e9f9ce,2020-01-31T00:00:00Z,news,TalkMarkets,The Coronavirus Doesn't Matter Either… We Have The Federal Reserve,https://talkmarkets.com/content/the-coronavirus-doesnt-matter-either-we-have-the-federal-reserve?post=249270,1.0
0ff1de035a0a0d26,2020-01-31T00:00:00Z,news,GuruFocus,Bellicum Reports Inducement Grant Under Nasdaq Listing Rule 56'5(c)(4),http://www.gurufocus.com/news/1026252/bellicum-reports-inducement-grant-under-nasdaq-listing-rule-5635c4,1.0
cf5c1e1822661958,2020-01-31T00:00:00Z,news,Investor's Business Daily,"Disney+ Results Due As More Chip, Payment, Software Stocks Report: Action Plan",http://www.investors.com/research/investing-action-plan/disney-earnings-disney-plus-subscribers-chip-payment-software-earnings-due/?src=A00237A&ven=BenzingaCP&src=AURLAAM,1.0
fa44434e4b3f0c9b,2020-01-31T00:00:00Z,news,GuruFocus,Realty Income To Join S&P 500 Dividend Aristocrats® Index,http://www.gurufocus.com/news/1026290/realty-income-to-join-sp-500-dividend-aristocrats-index,1.0
e4c0074ea36222c7,2020-01-31T00:00:00Z,news,TalkMarkets,Life In A Post-Brexit World: What's Next For The UK?,https://talkmarkets.com/content/life-in-a-post-brexit-world-whats-next-for-the-uk?post=249266,1.0
be9b41e181df2bc7,2020-02-01T00:00:00Z,news,TalkMarkets,Markets Grapple With GDP Impacts Of Coronavirus,https://talkmarkets.com/content/markets-grapple-with-gdp-impacts-of-coronavirus?post=249361,1.0
c35f248eb44d843d,2020-02-02T00:00:00Z,news,TalkMarkets,Short Amazon (AMZN)?,https://talkmarkets.com/content/short-amazon-amzn?post=249434,1.0
50542b999b922119,2020-02-02T00:00:00Z,news,TalkMarkets,"Market Signals for the US stock market And Indian Stock - Monday, February 3",https://talkmarkets.com/content/market-signals-for-the-us-stock-market-and-indian-stock-monday-february-3?post=249496,1.0
1f84105597560cf3,2020-02-03T00:00:00Z,news,Zacks,"Q4 Earnings Scorecard and Analyst Reports for Amazon, Pfizer & Others",http://www.zacks.com/research-daily/746712/q4-earnings-scorecard-and-analyst-reports-for-amazon-pfizer-others?cid=CS-BENZ-FT-research_daily-746712,1.0
84f4fbecb77f7294,2020-02-03T00:00:00Z,news,TalkMarkets,Best And Worst Performing S&P 500 Stocks YTD,https://talkmarkets.com/content/best-and-worst-performing-sp-500-stocks-ytd?post=249595,1.0
6a6d04bde9ba379a,2020-02-03T00:00:00Z,news,Zacks,5 Top S&P 500 Stocks With Double-Digit Returns in January,http://www.zacks.com/stock/news/746619/5-top-sp-500-stocks-with-double-digit-returns-in-january?cid=CS-BENZ-FT-analyst_blog|investment_ideas-746619,1.0
e634e54fdae15532,2020-02-03T00:00:00Z,news,Zacks,XPO Logistics (XPO) Reports Next Week: Wall Street Expects Earnings Growth,http://www.zacks.com/stock/news/747180/xpo-logistics-xpo-reports-next-week-wall-street-expects-earnings-growth?cid=CS-BENZ-FT-tale_of_the_tape|yseop_template_9-747180,1.0
71b01c1925c0982e,2020-02-03T00:00:00Z,news,Zacks,Compass Minerals (CMP) Reports Next Week: Wall Street Expects Earnings Growth,http://www.zacks.com/stock/news/747205/compass-minerals-cmp-reports-next-week-wall-street-expects-earnings-growth?cid=CS-BENZ-FT-tale_of_the_tape|yseop_template_9-747205,1.0
9befac42a41c8697,2020-02-03T00:00:00Z,news,TalkMarkets,"RBA & Brexit Keeps Vol High In Aussie, Pound",https://talkmarkets.com/content/rba--brexit-keeps-vol-high-in-aussie-pound?post=249675,1.0
5d899c3e281a5eb6,2020-02-03T00:00:00Z,news,GuruFocus,"Municipal Employees' Retirement System of Michigan Buys iShares Core S&P 500 ETF, SPDR ...",http://www.gurufocus.com/news/1027190/municipal-employees-retirement-system-of-michigan-buys-ishares-core-sp-500-etf-spdr-barclays-short-term-treasury-etf-spdr-barclays-long-term-treasury-etf-sells-paypal-holdings-inc-broadcom-inc-nvr-inc,1.0
1f92e47eb76cda88,2020-02-03T00:00:00Z,news,GuruFocus,Neovasc Provides Update on Nasdaq Compliance,http://www.gurufocus.com/news/1026877/neovasc-provides-update-on-nasdaq-compliance,1.0
d14681e90e775338,2020-02-03T00:00:00Z,news,Zacks,"Manufacturing, Jobs, Google Q4 Data On Deck",http://www.zacks.com/stock/news/746903/manufacturing-jobs-google-q4-data-on-deck?cid=CS-BENZ-FT-ahead_of_wall_street-746903,1.0
c4b022d4c0e7e1eb,2020-02-03T00:00:00Z,news,Zacks,"The Zacks Analyst Blog Highlights: Walt Disney Company, NIKE, Yum China and Apple",http://www.zacks.com/stock/news/746566/the-zacks-analyst-blog-highlights-walt-disney-company-nike-yum-china-and-apple?cid=CS-BENZ-FT-press_releases-746566,1.0
3c866971b19e1be1,2020-02-03T00:00:00Z,news,Zacks,Will Theme Park Attendance Aid Disney's (DIS) Q1 Earnings?,http://www.zacks.com/stock/news/746905/will-theme-park-attendance-aid-disneys-dis-q1-earnings?cid=CS-BENZ-FT-analyst_blog|earnings_preview-746905,1.0
9b8179a166b1a9c1,2020-02-03T00:00:00Z,news,Zacks,Will Disney+ Blast DIS To Infinity & Beyond?,http://www.zacks.com/stock/news/746965/will-disney%2B-blast-dis-to-infinity-beyond?cid=CS-BENZ-FT-stocks_in_the_news|investment_ideas-746965,1.0
446152c2aad99fb1,2020-02-03T00:00:00Z,news,Investor's Business Daily,Dow Jones Recovers Despite Coronavirus Cases; China Death Toll Passes SARS,http://www.investors.com/market-trend/stock-market-today/dow-jones-rebounds-as-nike-disney-stock-rally-despite-coronavirus-spread/?src=A00237A&ven=BenzingaCP&src=AURLAAM,1.0
0120de8b6e6356a7,2020-02-03T00:00:00Z,news,Zacks,DaVita HealthCare (DVA) Reports Next Week: Wall Street Expects Earnings Growth,http://www.zacks.com/stock/news/747188/davita-healthcare-dva-reports-next-week-wall-street-expects-earnings-growth?cid=CS-BENZ-FT-tale_of_the_tape|yseop_template_9-747188,1.0
9d716f250d8b5d51,2020-02-03T00:00:00Z,news,Investor's Business Daily,"Snap, Disney, Match, Chipotle Lead Tuesday's Earnings Rush: Investing Action Plan",http://www.investors.com/research/investing-action-plan/snap-stock-buy-range-disney-earnings-match-ford-chipotle-due/?src=A00237A&ven=BenzingaCP&src=AURLAAM,1.0
233e867ae38c4e9b,2020-02-03T00:00:00Z,news,Zacks,Disney+'s First Quarterly Results Are On Deck,http://www.zacks.com/stock/news/747402/disney%2Bs-first-quarterly-results-are-on-deck?cid=CS-BENZ-FT-video_blog-747402,1.0
fab2c042fb08b7d4,2020-02-03T00:00:00Z,news,Investor's Business Daily,"Dow Jones Up, But Lags This Key Sector; Time To Sell Some Shares In Microsoft Stock?",http://www.investors.com/market-trend/stock-market-today/dow-jones-up-but-lags-key-sector-time-to-sell-microsoft-stock/?src=A00237A&ven=BenzingaCP&src=AURLAAM,1.0
ec862ae05a6260d4,2020-02-03T00:00:00Z,news,Investor's Business Daily,"Apple, Microsoft, Tesla Drive Big Gains In These Top Stock Plays This Year",http://www.investors.com/etfs-and-funds/etfs/best-etfs-apple-microsoft-tesla-among-leaders-top-stocks/?src=A00237A&ven=BenzingaCP&src=AURLAAM,1.0
7926232908e7ee66,2020-02-03T00:00:00Z,news,Zacks,"The Zacks Analyst Blog Highlights: Microsoft, Facebook, Novartis, Tesla and Raytheon",http://www.zacks.com/stock/news/746578/the-zacks-analyst-blog-highlights-microsoft-facebook-novartis-tesla-and-raytheon?cid=CS-BENZ-FT-press_releases-746578,1.0
324874c673fa66d9,2020-02-03T00:00:00Z,news,Zacks,Mercury General (MCY) Reports Next Week: Wall Street Expects Earnings Growth,http://www.zacks.com/stock/news/747169/mercury-general-mcy-reports-next-week-wall-street-expects-earnings-growth?cid=CS-BENZ-FT-tale_of_the_tape|yseop_template_9-747169,1.0
b3a9b45aae4b9580,2020-02-03T00:00:00Z,news,Zacks,Golub Capital BDC (GBDC) Reports Next Week: Wall Street Expects Earnings Growth,http://www.zacks.com/stock/news/747191/golub-capital-bdc-gbdc-reports-next-week-wall-street-expects-earnings-growth?cid=CS-BENZ-FT-tale_of_the_tape|yseop_template_9-747191,1.0
85059f7e5ab0e929,2020-02-03T00:00:00Z,news,GuruFocus,Nasdaq Acquires OneReport to Accelerate Delivery of ESG Reporting and Workflow Solution to ...,http://www.gurufocus.com/news/1027069/nasdaq-acquires-onereport-to-accelerate-delivery-of-esg-reporting-and-workflow-solution-to-corporate-clients,1.0
35afa2a85b1edfd2,2020-02-03T00:00:00Z,news,Investor's Business Daily,"Amid Stock Market Rebound, Top Stocks To Watch Include Amazon, Atlassian And PayPal",http://www.investors.com/stock-lists/stocks-near-a-buy-zone/stocks-to-watch-include-amazon-powerful-breakout-atlassian-stock-chegg-stock-paypal-stock/?src=A00237A&ven=BenzingaCP&src=AURLAAM,1.0
9395c5792697f5d0,2020-02-04T00:00:00Z,news,Zacks,"Disney, Gilead & Snap Post Mixed Quarters, Chipotle Beats",http://www.zacks.com/stock/news/749361/disney-gilead-snap-post-mixed-quarters-chipotle-beats?cid=CS-BENZ-FT-analyst_blog|earnings_article-749361,1.0
6a6d41d950605bd1,2020-02-04T00:00:00Z,news,Zacks,"Tesla Soars Again, Disney Earnings Preview & Buy Microsoft Stock - Free Lunch",http://www.zacks.com/stock/news/749117/tesla-soars-again-disney-earnings-preview-buy-microsoft-stock-free-lunch?cid=CS-BENZ-FT-stocks_in_the_news|major_headlines-749117,1.0
1623e07b13ce853e,2020-02-04T00:00:00Z,news,Zacks,"The Zacks Analyst Blog Highlights: Amazon.com, Procter & Gamble, Pfizer, Southwest Airlines and Humana",http://www.zacks.com/stock/news/748352/the-zacks-analyst-blog-highlights-amazoncom-procter-gamble-pfizer-southwest-airlines-and-humana?cid=CS-BENZ-FT-press_releases-748352,1.0
92be27e2f9bf38e5,2020-02-04T00:00:00Z,news,Zacks,"Oil & Gas Stock Roundup: ExxonMobil, Chevron & Shell Report Q4 Earnings",http://www.zacks.com/stock/news/748361/oil-gas-stock-roundup-exxonmobil-chevron-shell-report-q4-earnings?cid=CS-BENZ-FT-analyst_blog|stock_roundup-748361,1.0
e99823aba344e23e,2020-02-04T00:00:00Z,news,Investor's Business Daily,"Nasdaq Makes Record High, Erases Losses From Coronavirus Scare",http://www.investors.com/market-trend/stock-market-today/stock-market-rallies-chinese-chip-stocks-lead/?src=A00237A&ven=BenzingaCP&src=AURLAAM,1.0
90fdcbd66a0a53d2,2020-02-04T00:00:00Z,news,Zacks,Tesla (TSLA) Signs Battery-Supply Agreement With China's CATL,http://www.zacks.com/stock/news/748514/tesla-tsla-signs-battery-supply-agreement-with-chinas-catl?cid=CS-BENZ-FT-analyst_blog|company_news_-_corporate_actions-748514,1.0
3ca539e3722655d0,2020-02-04T00:00:00Z,news,GuruFocus,Goldman Sachs Sets BioMarin Target 75% Above Current Price,http://www.gurufocus.com/news/1028396/goldman-sachs-sets-biomarin-target-75-above-current-price,1.0
8017b60c52e0d1e5,2020-02-04T00:00:00Z,news,Investor's Business Daily,"Dow Jones Today, Futures Rise As China, Chip Stocks Rally; Tesla Gets A Trillion-Dollar Forecast",http://www.investors.com/market-trend/stock-market-today/dow-jones-today-futures-rise-china-chip-stocks-rally-tesla-gets-trillion-dollar-forecast/?src=A00237A&ven=BenzingaCP&src=AURLAAM,1.0
2ca49da7a9b04660,2020-02-04T00:00:00Z,news,GuruFocus,"John Hussman Buys Amazon, Facebook",http://www.gurufocus.com/news/1028219/john-hussman-buys-amazon-facebook,1.0
47a5cd3114bf0dbe,2020-02-04T00:00:00Z,news,Zacks,"Alphabet (GOOGL) Q4 Earnings Beat Estimates, Revenues Miss",http://www.zacks.com/stock/news/748294/alphabet-googl-q4-earnings-beat-estimates-revenues-miss?cid=CS-BENZ-FT-analyst_blog|earnings_article-748294,1.0
2a4b4d84fd1d917a,2020-02-04T00:00:00Z,news,TalkMarkets,"Tesla jumps 20% in a day, set to open higher again",https://talkmarkets.com/content/tesla-jumps-20-in-a-day-set-to-open-higher-again?post=249656,1.0
d4cc10af34dddb52,2020-02-04T00:00:00Z,news,Zacks,Disney to Report Earnings Today: Here's What to Expect,http://www.zacks.com/stock/news/748599/disney-to-report-earnings-today-heres-what-to-expect?cid=CS-BENZ-FT-analyst_blog|earnings_preview-748599,1.0
e20076ab0dd3886c,2020-02-04T00:00:00Z,news,Zacks,"The Zacks Analyst Blog Highlights: Disney, Netflix, Comcast and AT&T",http://www.zacks.com/stock/news/748340/the-zacks-analyst-blog-highlights-disney-netflix-comcast-and-att?cid=CS-BENZ-FT-press_releases-748340,1.0
43abb93f6c6e6b08,2020-02-04T00:00:00Z,news,Zacks,"Top Stock Reports for Walmart, AT&T & Tesla",http://www.zacks.com/research-daily/748643/top-stock-reports-for-walmart-att-tesla?cid=CS-BENZ-FT-research_daily-748643,1.0
8e72d5c45a20442b,2020-02-04T00:00:00Z,news,Investor's Business Daily,Dow Jones Soars Nearly 500 Points; Stocks Recover From Coronavirus Panic,http://www.investors.com/market-trend/stock-market-today/dow-jones-soars-nearly-500-points-stocks-recover-from-coronavirus-panic/?src=A00237A&ven=BenzingaCP&src=AURLAAM,1.0
0987bf82c9f05bab,2020-02-04T00:00:00Z,news,Investor's Business Daily,Dow Jones Futures: Is The Stock Market Rally Already Extended? Tesla Keeps Soaring; Three Key Earnings Movers,http://www.investors.com/market-trend/stock-market-today/dow-jones-futures-stock-market-rally-extended-tesla-soars-disney-chipotle-snap-earnings/?src=A00237A&ven=BenzingaCP&src=AURLAAM,1.0
3bf096cf3c2261f4,2020-02-04T00:00:00Z,news,TalkMarkets,"Disney Streaming Service Tops 26M Subscribers, Company Beats Earnings Estimates",https://talkmarkets.com/content/disney-streaming-service-tops-26m-subscribers-company-beats-earnings-estimates?post=249759,1.0
df377aaa5efec4ce,2020-02-04T00:00:00Z,news,Investor's Business Daily,Dow Jones Surges 500 Points As Stock Market Rallies; Nasdaq Hits New High,http://www.investors.com/market-trend/stock-market-today/dow-jones-surges-500-points-as-stock-market-rallies-nasdaq-hits-new-high/?src=A00237A&ven=BenzingaCP&src=AURLAAM,1.0
2d452e461139da0a,2020-02-04T00:00:00Z,news,Investor's Business Daily,Dow Jones Jumps On Eased Coronavirus Fears; Tesla Soars As Much As 160 Points To Top 940,http://www.investors.com/market-trend/stock-market-today/dow-jones-industrial-average-jumps-fading-virus-fears-tesla-stock/?src=A00237A&ven=BenzingaCP&src=AURLAAM,1.0
56ec76ec7fbd34e5,2020-02-04T00:00:00Z,news,Investor's Business Daily,"Dow Jones Soars 450 Points, Led By Microsoft, Nike, Apple; Disney Rallies Ahead Of Earnings",http://www.investors.com/market-trend/stock-market-today/dow-jones-soars-450-points-led-by-microsoft-nike-apple/?src=A00237A&ven=BenzingaCP&src=AURLAAM,1.0
30f919c871a20f9c,2020-02-04T00:00:00Z,news,Zacks,Goldman (GS) Mulls to Offer Loans in Partnership With Amazon,http://www.zacks.com/stock/news/748349/goldman-gs-mulls-to-offer-loans-in-partnership-with-amazon?cid=CS-BENZ-FT-analyst_blog|company_news_-_finance_sector-748349,1.0
87e31ce07b095f44,2020-02-05T00:00:00Z,news,Zacks,SunPower (SPWR) Reports Next Week: Wall Street Expects Earnings Growth,http://www.zacks.com/stock/news/750930/sunpower-spwr-reports-next-week-wall-street-expects-earnings-growth?cid=CS-BENZ-FT-tale_of_the_tape|yseop_template_9-750930,1.0
2715c7ddc8e25a07,2020-02-05T00:00:00Z,news,Zacks,CF Industries (CF) Reports Next Week: Wall Street Expects Earnings Growth,http://www.zacks.com/stock/news/750936/cf-industries-cf-reports-next-week-wall-street-expects-earnings-growth?cid=CS-BENZ-FT-tale_of_the_tape|yseop_template_9-750936,1.0
0b5bd9e0881dbc3e,2020-02-05T00:00:00Z,news,Zacks,Insight Enterprises (NSIT) Reports Next Week: Wall Street Expects Earnings Growth,http://www.zacks.com/stock/news/750906/insight-enterprises-nsit-reports-next-week-wall-street-expects-earnings-growth?cid=CS-BENZ-FT-tale_of_the_tape|yseop_template_9-750906,1.0
c52056ba571eb15f,2020-02-05T00:00:00Z,news,GuruFocus,Roanoke Asset Management Corp Buys Amazon. ...,http://www.gurufocus.com/news/1029243/roanoke-asset-management-corp-buys-amazoncom-inc-glaxosmithkline-plc-pioneer-natural-resources-co-sells-danaher-corp-facebook-inc-wright-medical-group-nv,1.0
2230a3f0139a21af,2020-02-05T00:00:00Z,news,Investor's Business Daily,"Dow Jones Futures: After Growth Lags Stock Market Rally, Qualcomm, Paycom, Twilio, Peloton Are Big Earnings Movers",http://www.investors.com/market-trend/stock-market-today/dow-jones-futures-stock-market-rally-qualcomm-twilio-paycom-peloton-earnings-movers/?src=A00237A&ven=BenzingaCP&src=AURLAAM,1.0
c58dae12a2cac513,2020-02-05T00:00:00Z,news,Investor's Business Daily,"Stocks Close Higher, But Weak Software Sector Drags Nasdaq's Performance",http://www.investors.com/market-trend/stock-market-today/nasdaq-lags-software-internet-stocks-struggle/?src=A00237A&ven=BenzingaCP&src=AURLAAM,1.0
88a9c5aa0c026ae5,2020-02-05T00:00:00Z,news,Zacks,Forget Coronavirus: 5 Must-Buy Nasdaq Stocks to Tap Rally,http://www.zacks.com/stock/news/750173/forget-coronavirus-5-must-buy-nasdaq-stocks-to-tap-rally?cid=CS-BENZ-FT-analyst_blog|industry_focus-750173,1.0
1bd101c667e302c7,2020-02-05T00:00:00Z,news,TalkMarkets,When Will I Close My Tesla Short?,https://talkmarkets.com/content/when-will-i-close-my-tesla-short?post=249817,1.0
11df490074dc1f93,2020-02-05T00:00:00Z,news,TalkMarkets,"Oil firms up on production cut hopes, Nasdaq at record highs",https://talkmarkets.com/content/oil-firms-up-on-production-cut-hopes-nasdaq-at-record-highs?post=249803,1.0
bfb91a846ba5f31f,2020-02-05T00:00:00Z,news,Investor's Business Daily,Dow Jones Leads Stock Market Rally; Take Profits In These Software Stocks?,http://www.investors.com/market-trend/stock-market-today/dow-jones-leads-stock-market-rally-take-profits-in-these-software-stocks/?src=A00237A&ven=BenzingaCP&src=AURLAAM,1.0
cd8a017eb30106db,2020-02-05T00:00:00Z,news,GuruFocus,"Fifth Third Securities, Inc. Buys Invesco S&P 500 Low Volatility ETF, iShares Core ...",http://www.gurufocus.com/news/1028872/fifth-third-securities-inc-buys-invesco-sp-500-low-volatility-etf-ishares-core-dividend-growth-etf-vanguard-shortterm-corporate-bond-etf-sells-first-trust-financial-alphadex-fund,1.0
54857a3b33803ecf,2020-02-05T00:00:00Z,news,Zacks,"The Zacks Analyst Blog Highlights: Disney, Chipotle, Ford, Gilead and Snap",http://www.zacks.com/stock/news/750165/the-zacks-analyst-blog-highlights-disney-chipotle-ford-gilead-and-snap?cid=CS-BENZ-FT-press_releases-750165,1.0
f02c196dc4b696b3,2020-02-05T00:00:00Z,news,Zacks,Google ETFs Gain Despite Mixed earnings,http://www.zacks.com/stock/news/751390/google-etfs-gain-despite-mixed-earnings?cid=CS-BENZ-FT-etf_news_and_commentary-751390,1.0
881e449a0ceee0c4,2020-02-05T00:00:00Z,news,Investor's Business Daily,"Dow Jones Today, Futures Surge As Coronavirus Slows; Inphi, Microchip Stir Chip Rally",http://www.investors.com/market-trend/stock-market-today/dow-jones-today-futures-rise-coronavirus-slows-inphi-microchip-stir-chip-rally/?src=A00237A&ven=BenzingaCP&src=AURLAAM,1.0
3e451d92f1cfc7ff,2020-02-05T00:00:00Z,news,Zacks,5 Red Hot Stocks That Drove Nasdaq ETF to New Highs,http://www.zacks.com/stock/news/750696/5-red-hot-stocks-that-drove-nasdaq-etf-to-new-highs?cid=CS-BENZ-FT-etf_news_and_commentary-750696,1.0
a6d48b14cfd61c15,2020-02-05T00:00:00Z,news,Zacks,Bruker (BRKR) Reports Next Week: Wall Street Expects Earnings Growth,http://www.zacks.com/stock/news/750942/bruker-brkr-reports-next-week-wall-street-expects-earnings-growth?cid=CS-BENZ-FT-tale_of_the_tape|yseop_template_9-750942,1.0
bf82c71d9dd4042e,2020-02-05T00:00:00Z,news,Zacks,"Tesla, Disney, Snapchat, eBay, it's all good news!",http://www.zacks.com/stock/news/751208/tesla-disney-snapchat-ebay-its-all-good-news?cid=CS-BENZ-FT-paper_traders-751208,1.0
9f2df7694ccfa289,2020-02-05T00:00:00Z,news,Investor's Business Daily,"Dow Jones Jumps 885 Points This Week On Fading Coronavirus Fears; Chipotle, Snap, Spotify, Tesla Fall Sharply",http://www.investors.com/market-trend/stock-market-today/dow-jones-jumps-coronavirus-news-disney-stock-tesla-stock-downgrade/?src=A00237A&ven=BenzingaCP&src=AURLAAM,1.0
6c8672605490f999,2020-02-05T00:00:00Z,news,TalkMarkets,"And Even If Finance Gets A Brexit Deal, Equivalence Is Not The Answer",https://talkmarkets.com/content/and-even-if-finance-gets-a-brexit-deal-equivalence-is-not-the-answer?post=249968,1.0
9e364091ac8bc02f,2020-02-05T00:00:00Z,news,TalkMarkets,Tesla Is Just The Latest In A String Of 'Single Stock Manias',https://talkmarkets.com/content/tesla-is-just-the-latest-in-a-string-of-single-stock-manias?post=249908,1.0
b3796b44c0160222,2020-02-06T00:00:00Z,news,Investor's Business Daily,Dow Jones Keeps Strong Gains From Recent Days; Why These 4 Stocks Are Crushing It,http://www.investors.com/market-trend/stock-market-today/dow-jones-keeps-strong-gains-4-stocks-crushing-it/?src=A00237A&ven=BenzingaCP&src=AURLAAM,1.0
e2b42cc105b64ecb,2020-02-06T00:00:00Z,news,Zacks,ETFs to Gain on Disney's Q1 Earnings & Solid Subscriber Growth,http://www.zacks.com/stock/news/753281/etfs-to-gain-on-disneys-q1-earnings-solid-subscriber-growth?cid=CS-BENZ-FT-etf_news_and_commentary-753281,1.0
745dacf321d8713d,2020-02-06T00:00:00Z,news,Zacks,Has the Correction in Tesla ETFs Begun?,http://www.zacks.com/stock/news/752190/has-the-correction-in-tesla-etfs-begun?cid=CS-BENZ-FT-etf_news_and_commentary-752190,1.0
f60bd40af15e896f,2020-02-06T00:00:00Z,news,GuruFocus,"Retirement Income Solutions, Inc Buys iShares Core S&P 500 ETF, iShares Russell ...",http://www.gurufocus.com/news/1031470/retirement-income-solutions-inc-buys-ishares-core-sp-500-etf-ishares-russell-1000-growth-etf-ishares-core-sp-midcap-etf-sells-dte-energy-co-exxon-mobil-corp-chevron-corp,1.0
c8bc61c30a9b877f,2020-02-06T00:00:00Z,news,Investor's Business Daily,Not Finding ETFs In Buy Areas? Here's One That Beats The S&P 500,http://www.investors.com/etfs-and-funds/etf-leaders/medical-devices-etf-in-buy-zone/?src=A00237A&ven=BenzingaCP&src=AURLAAM,1.0
954176adea44ed82,2020-02-06T00:00:00Z,news,Investor's Business Daily,"Dow Jones, Up 1,100 Points This Week, Hits Record High On This China News",http://www.investors.com/market-trend/stock-market-today/dow-jones-up-1100-points-this-week-hits-new-high-on-china-news/?src=A00237A&ven=BenzingaCP&src=AURLAAM,1.0
7d72608b26434173,2020-02-06T00:00:00Z,news,GuruFocus,Disney: Storming Out of the Gates in DTC,http://www.gurufocus.com/news/1029434/disney-storming-out-of-the-gates-in-dtc,1.0
6b08dbb5e42e4520,2020-02-06T00:00:00Z,news,Zacks,"Alteryx, Boeing, Intercontinental Exchange and eBay as Zacks Bull and Bear of the Day",http://www.zacks.com/stock/news/752416/alteryx-boeing-intercontinental-exchange-and-ebay-as-zacks-bull-and-bear-of-the-day?cid=CS-BENZ-FT-press_releases-752416,1.0
5863ed9e5db81707,2020-02-06T00:00:00Z,news,Investor's Business Daily,"Dow Jones Futures: Uber, Lyft Move To Buy Zones; Pinterest, Bill.com, eBay Are Big Movers",http://www.investors.com/market-trend/stock-market-today/dow-jones-futures-uber-stock-lyft-move-to-buy-zones-pinterest-bill-com-ebay-big-movers/?src=A00237A&ven=BenzingaCP&src=AURLAAM,1.0
cef725b91e871c8c,2020-02-06T00:00:00Z,news,Investor's Business Daily,"Dow Jones Today, Futures Rise On China Tariff Cut: Twitter Soars, Paycom Dives On Earnings",http://www.investors.com/market-trend/stock-market-today/dow-jones-today-futures-jump-on-china-tariff-cut-twitter-soars-paycom-qualcomm-dive-on-earnings/?src=A00237A&ven=BenzingaCP&src=AURLAAM,1.0
03eb29e064f3575e,2020-02-06T00:00:00Z,news,Zacks,JPMorgan Likely to Face Lawsuit for Precious Metal Spoofing,http://www.zacks.com/stock/news/752230/jpmorgan-likely-to-face-lawsuit-for-precious-metal-spoofing?cid=CS-BENZ-FT-analyst_blog|company_news_-_finance_sector-752230,1.0
f75ae5b2cfe1d1bc,2020-02-06T00:00:00Z,news,Zacks,"Zacks Earnings Trends Highlights: Apple, Microsoft, Alphabet and Intel",http://www.zacks.com/stock/news/752404/zacks-earnings-trends-highlights-apple-microsoft-alphabet-and-intel?cid=CS-BENZ-FT-press_releases-752404,1.0
8b12f8ad38ad8871,2020-02-06T00:00:00Z,news,GuruFocus,Facebook is Most Imitated Brand for Phishing Attempts: Check Point Research's Q4 2019 ...,http://www.gurufocus.com/news/1029642/facebook-is-most-imitated-brand-for-phishing-attemptscheck-point-researchs-q4-2019-brand-phishing-report-,1.0
1d010052cb9298f2,2020-02-06T00:00:00Z,news,Zacks,"Tesla, Tesla, Tesla: Where Does The Rally End?",http://www.zacks.com/commentary/752708/tesla-tesla-tesla-where-does-the-rally-end?cid=CS-BENZ-FT-investment_ideas-752708,1.0
c580cd363de972a6,2020-02-06T00:00:00Z,news,Investor's Business Daily,"Dow Jones Sets Record High On China News; 5 Big Earnings Movers Include Twitter, As Tesla Falls Again",http://www.investors.com/market-trend/stock-market-today/dow-jones-sets-record-high-china-news-twitter-earnings-tesla-stock/?src=A00237A&ven=BenzingaCP&src=AURLAAM,1.0
c007ba05e9dd041b,2020-02-06T00:00:00Z,news,TalkMarkets,Supply Chain Shock – Here's The Most Exposed S&P500 Industries To China,https://talkmarkets.com/content/supply-chain-shock--heres-the-most-exposed-sp500-industries-to-china?post=250092,1.0
b061ebfb85ae7a0a,2020-02-06T00:00:00Z,news,GuruFocus,MicroVision Receives Positive Nasdaq Listing Determination,http://www.gurufocus.com/news/1029931/microvision-receives-positive-nasdaq-listing-determination,1.0
32d276c0e7abe32f,2020-02-06T00:00:00Z,news,GuruFocus,Nasdaq Private Market Sets New Annual Transaction Record in 2019,http://www.gurufocus.com/news/1029929/nasdaq-private-market-sets-new-annual-transaction-record-in-2019,1.0
d57cfc19adc84c9c,2020-02-07T00:00:00Z,news,GuruFocus,"Banco Santander, S.A. Buys Banco Santander Mexico SA, Amazon. ...",http://www.gurufocus.com/news/1032338/banco-santander-sa-buys-banco-santander-mexico-sa-amazoncom-inc-etrade-financial-corp-sells-pepsico-inc-the-estee-lauder-inc-automatic-data-processing-inc,1.0
cefab0ac4345234e,2020-02-07T00:00:00Z,news,Investor's Business Daily,"Dow Jones Stock Sets Up A Buy Point As Uber, Bill.com, Paycom Lead Upside",http://www.investors.com/market-trend/stock-market-today/dow-jones-stock-sets-up-a-buy-point-as-uber-bill-com-paycom-lead-upside/?src=A00237A&ven=BenzingaCP&src=AURLAAM,1.0
511483f15c525185,2020-02-07T00:00:00Z,news,Zacks,"The Zacks Analyst Blog Highlights: Apple, Amazon, Inseego, Aspen and Frontline",http://www.zacks.com/stock/news/754039/the-zacks-analyst-blog-highlights-apple-amazon-inseego-aspen-and-frontline?cid=CS-BENZ-FT-press_releases-754039,1.0
1f1c94315611c37c,2020-02-07T00:00:00Z,news,Investor's Business Daily,Top-Rated Defense Stock Breaks Out To New Highs As Boeing Gears Up For 737 Max,http://www.investors.com/stock-lists/new-highs/top-stocks-defense-leader-breaks-out-as-boeing-gears-up-for-737-max/?src=A00237A&ven=BenzingaCP&src=AURLAAM,1.0
3dda868bf04adaee,2020-02-07T00:00:00Z,news,Investor's Business Daily,"Dow Jones Dives 300 Points Despite Strong Jobs Report, As Selling Ramps Up",http://www.investors.com/market-trend/stock-market-today/dow-jones-tumbles-200-points-still-on-track-for-3-percent-weekly-gain/?src=A00237A&ven=BenzingaCP&src=AURLAAM,1.0
391f739ef21a8856,2020-02-07T00:00:00Z,news,Zacks,JPMorgan (JPM) Intends to Resume Offering FHA-Backed Loans,http://www.zacks.com/stock/news/754159/jpmorgan-jpm-intends-to-resume-offering-fha-backed-loans?cid=CS-BENZ-FT-analyst_blog|company_news_-_finance_sector-754159,1.0
68b27f236e245a2d,2020-02-07T00:00:00Z,news,GuruFocus,"Pinnacle Wealth Planning Services, Inc. Buys Arthur J. Gallagher, Amazon. ...",http://www.gurufocus.com/news/1031929/pinnacle-wealth-planning-services-inc-buys-arthur-j-gallagher-amazoncom-inc-abbvie-inc-sells-spdr-portfolio-sp-500-value-etf-ishares-msci-eafe-etf-ishares-sp-500-growth-etf,1.0
d6033371822b9d9d,2020-02-07T00:00:00Z,news,Zacks,"The Zacks Analyst Blog Highlights: Exxon Mobil, Chevron, IBM, Gilead and Edwards Lifesciences",http://www.zacks.com/stock/news/754033/the-zacks-analyst-blog-highlights-exxon-mobil-chevron-ibm-gilead-and-edwards-lifesciences?cid=CS-BENZ-FT-press_releases-754033,1.0
15c72e9823ef1cf7,2020-02-07T00:00:00Z,news,GuruFocus,"Independent Advisor Alliance Buys iShares Core S&P 500 ETF, iShares Edge MSCI Min ...",http://www.gurufocus.com/news/1031909/independent-advisor-alliance-buys-ishares-core-sp-500-etf-ishares-edge-msci-min-volatility-usa-etf-powershares-qqq-trust-ser-1-sells-spdr-gold-trust-walmart-inc-constellation-brands-inc,1.0
14babbb052f2a4b8,2020-02-07T00:00:00Z,news,TalkMarkets,"JPMorgan Now Expects China Q1 GDP To Drop To 1%, Crash To -4% If Coronavirus Is Not Contained",https://talkmarkets.com/content/jpmorgan-now-expects-china-q1-gdp-to-drop-to-1-crash-to-4-if-coronavirus-is-not-contained?post=250194,1.0
a2f7b46e5a00ade5,2020-02-08T00:00:00Z,news,TalkMarkets,"Market Vaccine For Virus Is More Fed's ""Not QE""",https://talkmarkets.com/content/market-vaccine-for-virus-is-more-feds-not-qe?post=250236,1.0
b990072dd5320b31,2020-02-09T00:00:00Z,news,Investor's Business Daily,"Dow Jones Futures: Stock Market Rally Isn't 'Different This Time'; Alibaba, Nvidia Lead Key Earnings; Apple, Tesla In Focus",http://www.investors.com/market-trend/stock-market-today/dow-jones-futures-stock-market-rally-alibaba-nvidia-earnings-due-apple-tesla-china-plants-in-focus/?src=A00237A&ven=BenzingaCP&src=AURLAAM,1.0
ab94ae7edebe5822,2020-02-09T00:00:00Z,news,TalkMarkets,"USD Forecast: US Dollar Hinges On Virus Fear, Sentiment & Powell",https://talkmarkets.com/content/usd-forecast-us-dollar-hinges-on-virus-fear-sentiment--powell?post=250283,1.0
2f969854adb0205a,2020-02-09T00:00:00Z,news,TalkMarkets,Palladium May Rise With Oil-Linked NOK On Powell Testimony,https://talkmarkets.com/content/palladium-may-rise-with-oil-linked-nok-on-powell-testimony?post=250363,1.0
ec722e04d463d065,2020-02-10T00:00:00Z,news,Investor's Business Daily,"Topping The S&P 500, This Mutual Fund Seeks Cyclical And GARP Stocks",http://www.investors.com/etfs-and-funds/mutual-funds/best-mutual-funds-why-top-fund-seek-cyclicals/?src=A00237A&ven=BenzingaCP&src=AURLAAM,1.0
3b295122a72d336a,2020-02-10T00:00:00Z,news,GuruFocus,Alphabet Heads My List of Balance-Sheet Powerhouses,http://www.gurufocus.com/news/1034373/alphabet-heads-my-list-of-balancesheet-powerhouses,1.0
f3bcb1cf03188fc8,2020-02-10T00:00:00Z,news,Investor's Business Daily,"Dow Jones Futures: Microsoft Tops Apple, Amazon Bests Google As Big Tech Leads Stock Market Rally; Slack Slacks Off Late",http://www.investors.com/market-trend/stock-market-today/dow-jones-futures-microsoft-tops-apple-amazon-bests-google-stock-market-rally/?src=A00237A&ven=BenzingaCP&src=AURLAAM,1.0
54b12065ec71964b,2020-02-10T00:00:00Z,news,GuruFocus,"M Holdings Securities, Inc. Buys iShares Core S&P 500 ETF, PowerShares FTSE RAFI US ...",http://www.gurufocus.com/news/1034692/m-holdings-securities-inc-buys-ishares-core-sp-500-etf-powershares-ftse-rafi-us-1500-smallmid-portfolio-ishares-13-year-treasury-bond-etf-sells-direxion-daily-sp-500-bull-3x-shares-apple-inc-procter--gamble-co,1.0
460010b1dc47707a,2020-02-10T00:00:00Z,news,Zacks,BofA (BAC) CEO Moynihan's 2019 Compensation Remains Stable,http://www.zacks.com/stock/news/758291/bofa-bac-ceo-moynihans-2019-compensation-remains-stable?cid=CS-BENZ-FT-analyst_blog|company_news_-_finance_sector-758291,1.0
8c89e86808902040,2020-02-10T00:00:00Z,news,GuruFocus,Diamond Hill Capital Trades Devon for Chevron,http://www.gurufocus.com/news/1034320/diamond-hill-capital-trades-devon-for-chevron,1.0
041a548b7456d5f9,2020-02-10T00:00:00Z,news,GuruFocus,"Nasdaq, Inc. Announces Proposed Senior Notes Offering",http://www.gurufocus.com/news/1033484/nasdaq-inc-announces-proposed-senior-notes-offering,1.0
fe00346a3cdafeb0,2020-02-10T00:00:00Z,news,GuruFocus,"Financial Partners Group, Inc Buys ProShares S&P 500 Dividend Aristocrats ETF, Vanguard ...",http://www.gurufocus.com/news/1034483/financial-partners-group-inc-buys-proshares-sp-500-dividend-aristocrats-etf-vanguard-smallcap-etf-vaneck-vectors-etf-trust--vaneck-vectors-mornings-sells-ishares-iboxx--investment-grade-corporate-bond-et-cerner-corp-s,1.0
9c823e8f8614b4e5,2020-02-10T00:00:00Z,news,TalkMarkets,Divergences Between Boeing And Spirit AeroSystems,https://talkmarkets.com/content/divergences-between-boeing-and-spirit-aerosystems?post=250508,1.0
22e8882602b92854,2020-02-10T00:00:00Z,news,Investor's Business Daily,"Dow Jones Today, Futures Flat As Stock Market Looks To Coronavirus Impact, Powell Testimony",http://www.investors.com/market-trend/stock-market-today/dow-jones-today-futures-flat-stock-market-looks-to-coronavirus-impact-powell-testimony/?src=A00237A&ven=BenzingaCP&src=AURLAAM,1.0
b744c6b3fd3aa278,2020-02-10T00:00:00Z,news,Investor's Business Daily,"Dow Jones, Tech Stocks Gain As Viral Outbreak Slows",http://www.investors.com/market-trend/stock-market-today/dow-jones-tech-stocks-gain-viral-outbreak-coronavirus/?src=A00237A&ven=BenzingaCP&src=AURLAAM,1.0
11676f524e80f59f,2020-02-10T00:00:00Z,news,Zacks,Is Netflix (NFLX) Stock Outpacing Its Consumer Discretionary Peers This Year?,http://www.zacks.com/stock/news/758627/is-netflix-nflx-stock-outpacing-its-consumer-discretionary-peers-this-year?cid=CS-BENZ-FT-tale_of_the_tape|yseop_template_1-758627,1.0
a1b0a060accb8816,2020-02-10T00:00:00Z,news,Investor's Business Daily,"Dow Jones Reverses Higher As Boeing, Microsoft Rally, And Coronavirus Pace Slows",http://www.investors.com/market-trend/stock-market-today/dow-jones-reverses-higher-boeing-microsoft-stock-rally-coronavirus-pace-slows/?src=A00237A&ven=BenzingaCP&src=AURLAAM,1.0
4626cc86739539cd,2020-02-10T00:00:00Z,news,Investor's Business Daily,"Netflix Takes Out New Buy Point Amid Streaming Wars, But Is It Still In The Zone?",http://www.investors.com/stock-lists/sector-leaders/netflix-stock-takes-out-new-buy-point-streaming-wars-heat-up/?src=A00237A&ven=BenzingaCP&src=AURLAAM,1.0
f297d315b06cc2f4,2020-02-10T00:00:00Z,news,TalkMarkets,Disney Delivers 26.5M Disney+ Subscribers,https://talkmarkets.com/content/disney-delivers-265m-disney-subscribers?post=250410,1.0
e8d95386a1a1e5c0,2020-02-11T00:00:00Z,news,Zacks,Gilead's BLA for CAR T Cell Therapy Gets FDA Acceptance,http://www.zacks.com/stock/news/760081/gileads-bla-for-car-t-cell-therapy-gets-fda-acceptance?cid=CS-BENZ-FT-analyst_blog|company_news_-_medical_sector-760081,1.0
ee1f1769cef23c5b,2020-02-11T00:00:00Z,news,GuruFocus,"Sym Financial Corporation Buys SPDR S&P 500 ETF Trust, iShares Edge MSCI Min Volatility ...",http://www.gurufocus.com/news/1035589/sym-financial-corporation-buys-spdr-sp-500-etf-trust-ishares-edge-msci-min-volatility-usa-etf-ishares-edge-msci-usa-momentum-factor-etf-sells-vanguard-total-stock-market-etf-apple-inc-spdr-nuveen-bloomberg-barclays-hi,1.0
3eec273781145262,2020-02-11T00:00:00Z,news,Zacks,5 ETFs Riding on Tesla's Incredible Surge,http://www.zacks.com/stock/news/760664/5-etfs-riding-on-teslas-incredible-surge?cid=CS-BENZ-FT-etf_news_and_commentary-760664,1.0
4dca85a3b195234c,2020-02-11T00:00:00Z,news,GuruFocus,"Capital One, National Association Buys iShares Core MSCI EAFE ETF, SPDR S&P 500 ETF ...",http://www.gurufocus.com/news/1035866/capital-one-national-association-buys-ishares-core-msci-eafe-etf-spdr-sp-500-etf-trust-vanguard-total-international-bond-etf-sells-ishares-core-sp-500-etf-apple-inc-vanguard-shortterm-corporate-bond-etf,1.0
e149274dd950ba85,2020-02-11T00:00:00Z,news,Zacks,"The Zacks Analyst Blog Highlights: Microsoft, JP Morgan Chase and Pfizer",http://www.zacks.com/stock/news/760300/the-zacks-analyst-blog-highlights-microsoft-jp-morgan-chase-and-pfizer?cid=CS-BENZ-FT-press_releases-760300,1.0
dc63661419c68af3,2020-02-11T00:00:00Z,news,GuruFocus,"Nelson, Van Denburg & Campbell Wealth Management G Buys Vanguard S&P 500 Value ETF, ...",http://www.gurufocus.com/news/1036053/nelson-van-denburg--campbell-wealth-management-g-buys-vanguard-sp-500-value-etf-vanguard-midcap-value-etf-vanguard-smallcap-value-etf-sells-schwab-us-midcap-etf-schwab-us-smallcap-etf-ishares-north-american-techsoftwa,1.0
1e1504c523bb4347,2020-02-11T00:00:00Z,news,Investor's Business Daily,"Dow Jones Gain Cools, Microsoft Off 2%; These 3 Growth Stocks Show Strength",http://www.investors.com/market-trend/stock-market-today/dow-jones-gain-cools-on-ftc-antitrust-probe-news-3-growth-stocks-show-strength/?src=A00237A&ven=BenzingaCP&src=AURLAAM,1.0
c94b41f7beb7960b,2020-02-11T00:00:00Z,news,Investor's Business Daily,"Nasdaq, Chip Stocks Lead Stock Market Rally; Retail Leader Soars On Guidance",http://www.investors.com/market-trend/stock-market-today/stock-market-rally-led-by-nasdaq-semiconductor-stocks/?src=A00237A&ven=BenzingaCP&src=AURLAAM,1.0
8d09c8c1057a1b3c,2020-02-11T00:00:00Z,news,GuruFocus,Wall Street Posts Gains on Tuesday,http://www.gurufocus.com/news/1035908/wall-street-posts-gains-on-tuesday,1.0
441a79a41a843755,2020-02-11T00:00:00Z,news,GuruFocus,"Gavea Investimentos Ltda Buys IAC/InterActiveCorp, Amazon. ...",http://www.gurufocus.com/news/1035577/gavea-investimentos-ltda-buys-iacinteractivecorp-amazoncom-inc-dollar-tree-inc-sells-philip-morris-international-inc,1.0
943062f0714e0378,2020-02-11T00:00:00Z,news,Zacks,"Zacks.com featured highlights include: KB Home, Morgan Stanley, Clearway Energy, Booz Allen Hamilton and Intel",http://www.zacks.com/stock/news/760290/zackscom-featured-highlights-include-kb-home-morgan-stanley-clearway-energy-booz-allen-hamilton-and-intel?cid=CS-BENZ-FT-press_releases-760290,1.0
c08269014b8e2eb1,2020-02-11T00:00:00Z,news,GuruFocus,VirnetX Prevails at Federal Appeals Court as Apple's Requests for Rehearings are Denied,http://www.gurufocus.com/news/1035770/virnetx-prevails-at-federal-appeals-court-as-apples-requests-for-rehearings-are-denied,1.0
414dd4ee8827c6ec,2020-02-11T00:00:00Z,news,Investor's Business Daily,"Dow Pares Gains On FTC Probe Of Big-Cap Techs, But Nasdaq, S&P 500 At New High",http://www.investors.com/market-trend/stock-market-today/dow-jones-pares-gains-on-ftc-probe-but-nasdaq-sp-at-new-high/?src=A00237A&ven=BenzingaCP&src=AURLAAM,1.0
9731c220c6373145,2020-02-11T00:00:00Z,news,Investor's Business Daily,"Stock Market Higher On Fed Chief Powell Comments; 4 Key Earnings Movers Include Chegg, Lyft, Under Armour",http://www.investors.com/market-trend/stock-market-today/dow-jones-higher-fed-chief-powell-tesla-stock-lyft-under-armour-coronavirus/?src=A00237A&ven=BenzingaCP&src=AURLAAM,1.0
764c8703b306a7a8,2020-02-12T00:00:00Z,news,GuruFocus,"Richard Pzena Trims Walmart, Merck Positions",http://www.gurufocus.com/news/1036826/richard-pzena-trims-walmart-merck-positions,1.0
32f36bea01269cef,2020-02-12T00:00:00Z,news,Zacks,Tesla's Competition Heats Up With Nikola's Badger Truck,http://www.zacks.com/stock/news/762580/teslas-competition-heats-up-with-nikolas-badger-truck?cid=CS-BENZ-FT-paper_traders-762580,1.0
557a8c6333989af8,2020-02-12T00:00:00Z,news,Zacks,"Alibaba, NETGEAR, Netflix, The Walt Disney Company and Sony highlighted as Zacks Bull and Bear of the Day",http://www.zacks.com/stock/news/761934/alibaba-netgear-netflix-the-walt-disney-company-and-sony-highlighted-as-zacks-bull-and-bear-of-the-day?cid=CS-BENZ-FT-press_releases-761934,1.0
96b76a607b7a5777,2020-02-12T00:00:00Z,news,Zacks,"The Zacks Analyst Blog Highlights: AbbVie, Accenture, TOTAL, Amazon.com and Intuit",http://www.zacks.com/stock/news/761974/the-zacks-analyst-blog-highlights-abbvie-accenture-total-amazoncom-and-intuit?cid=CS-BENZ-FT-press_releases-761974,1.0
c1a3931667c6b433,2020-02-12T00:00:00Z,news,GuruFocus,"Adventist Health System Sunbelt Healthcare Corp Buys SPDR S&P 500 ETF Trust, SPDR ...",http://www.gurufocus.com/news/1036892/adventist-health-system-sunbelt-healthcare-corp-buys-spdr-sp-500-etf-trust-spdr-barclays-high-yield-bond-etf-ishares-iboxx--high-yield-corporate-bond-etf-sells-spdr-gold-minishares-premier-inc,1.0
990fea85f27400d9,2020-02-12T00:00:00Z,news,Zacks,Why is Chevron a Better Big-Oil Stock Than ExxonMobil?,http://www.zacks.com/stock/news/762008/why-is-chevron-a-better-big-oil-stock-than-exxonmobil?cid=CS-BENZ-FT-analyst_blog|investment_ideas-762008,1.0
2b5e08541b3336bf,2020-02-12T00:00:00Z,news,Investor's Business Daily,"Dow Jones Hits Record Highs On Coronavirus Update; Big Earnings Movers Include CyberArk, Lyft, Shopify",http://www.investors.com/market-trend/stock-market-today/dow-jones-rallies-coronavirus-update-lyft-stock-shopify-stock/?src=A00237A&ven=BenzingaCP&src=AURLAAM,1.0
62285e31f49de42b,2020-02-12T00:00:00Z,news,Investor's Business Daily,Dow Jones Romps 200 Points To Record High As Coronavirus Fears Ease,http://www.investors.com/market-trend/stock-market-today/dow-jones-romps-200-points-to-record-high-as-coronvirus-fears-ease/?src=A00237A&ven=BenzingaCP&src=AURLAAM,1.0
bf13f64551b5b7d3,2020-02-12T00:00:00Z,news,TalkMarkets,OPEC Revises Demand Lower,https://talkmarkets.com/content/opec-revises-demand-lower?post=250803,1.0
f8b42320ae5ded78,2020-02-12T00:00:00Z,news,Zacks,"The Zacks Analyst Blog Highlights: Microsoft, IBM, Intel, Apple and Lam Research",http://www.zacks.com/stock/news/761963/the-zacks-analyst-blog-highlights-microsoft-ibm-intel-apple-and-lam-research?cid=CS-BENZ-FT-press_releases-761963,1.0
306517940cfe14ea,2020-02-12T00:00:00Z,news,Investor's Business Daily,"Dow Jones Futures Fall As Coronavirus Cases Spike; Applied Materials, Tesla Move Late; Alibaba Earnings Loom",http://www.investors.com/market-trend/stock-market-today/dow-jones-futures-coronavirus-cases-soar-amat-stock-tesla-stock-alibaba-earnings/?src=A00237A&ven=BenzingaCP&src=AURLAAM,1.0
08b0a8e0da710104,2020-02-12T00:00:00Z,news,Investor's Business Daily,"Dow Jones Futures: After Stock Market Rally Soars, Applied Materials, Tesla Move Late; Alibaba Earnings Loom",http://www.investors.com/market-trend/stock-market-today/dow-jones-futures-stock-market-rally-hits-highs-amat-stock-tesla-stock-alibaba-earnings/?src=A00237A&ven=BenzingaCP&src=AURLAAM,1.0
cc17ec474feb26b6,2020-02-12T00:00:00Z,news,Investor's Business Daily,"Dow Jones Today, Futures Rise As Coronavirus Slows; Shopify, CVS Health, Akamai Rise On Earnings",http://www.investors.com/market-trend/stock-market-today/dow-jones-today-futures-rise-as-coronavirus-slows-shopify-cvs-health-akamai-rise-on-earnings/?src=A00237A&ven=BenzingaCP&src=AURLAAM,1.0
54303866ec2d2cea,2020-02-12T00:00:00Z,news,GuruFocus,"First Eagle Investment Cuts 'M, Microsoft",http://www.gurufocus.com/news/1036124/first-eagle-investment-cuts-3m-microsoft,1.0
097d4dec7e844542,2020-02-12T00:00:00Z,news,Zacks,Pfizer's Xtandi Improves OS Rate in Prostate Cancer Study,http://www.zacks.com/stock/news/762124/pfizers-xtandi-improves-os-rate-in-prostate-cancer-study?cid=CS-BENZ-FT-analyst_blog|company_news_-_medical_sector-762124,1.0
0a828eb2622c9125,2020-02-13T00:00:00Z,news,Zacks,Nasdaq Bubble = Disruptive Growth + Demand Premium,http://www.zacks.com/stock/news/764438/nasdaq-bubble-%3D-disruptive-growth-%2B-demand-premium?cid=CS-BENZ-FT-video_blog-764438,1.0
a59618f0caf3679d,2020-02-13T00:00:00Z,news,GuruFocus,"Cornerstone Advisory, LLP Buys Tortoise Midstream Energy Fund,, JPMorgan Ultra-Short Income ...",http://www.gurufocus.com/news/1037578/cornerstone-advisory-llp-buys-tortoise-midstream-energy-fund-jpmorgan-ultrashort-income-etf-cohen--steers-infrastructure-fund-inc-sells-cohen--steers-global-inc-builder-inc-fiduciaryclaymore-energy-infrastructure-fund,1.0
f7dcf207a3699df1,2020-02-13T00:00:00Z,news,GuruFocus,Crown Royal Regal Apple Partners with Joe Freshgoods as Creative Director to Curate The Royal ...,http://www.gurufocus.com/news/1038165/crown-royal-regal-apple-partners-with-joe-freshgoods-as-creative-director-to-curate-the-royal-pop-up-featuring-limitededition-merch-experience-inspired-by-chicagos-unique-culture-and-style,1.0
bf0f2d79a59d6bca,2020-02-13T00:00:00Z,news,Investor's Business Daily,Dow Jones Cuts Losses But Still Under Pressure As Coronavirus Cases Spike,http://www.investors.com/market-trend/stock-market-today/dow-jones-cuts-losses-still-red-as-coronavirus-cases-spike/?src=A00237A&ven=BenzingaCP&src=AURLAAM,1.0
3e351098b0110335,2020-02-13T00:00:00Z,news,GuruFocus,"Retrophin, Inc. Reports Inducement Grants Under Nasdaq Listing Rule 56'5(c)(4)",http://www.gurufocus.com/news/1038446/retrophin-inc-reports-inducement-grants-under-nasdaq-listing-rule-5635c4,1.0
530bb29df8f0bbed,2020-02-13T00:00:00Z,news,Investor's Business Daily,Dow Jones Recovers After Coronavirus Swoon; Tesla Proves Why It's A Stock Market Leader,http://www.investors.com/market-trend/stock-market-today/dow-jones-recovers-after-coronavirus-swoon-tesla-proves-why-its-a-stock-market-leader/?src=A00237A&ven=BenzingaCP&src=AURLAAM,1.0
8bc975dc54da29c5,2020-02-13T00:00:00Z,news,Zacks,Here's How Walmart (WMT) is Positioned Ahead of Q4 Earnings,http://www.zacks.com/stock/news/763919/heres-how-walmart-wmt-is-positioned-ahead-of-q4-earnings?cid=CS-BENZ-FT-analyst_blog|earnings_preview-763919,1.0
f39b0b3f60347a82,2020-02-13T00:00:00Z,news,GuruFocus,"Dominion Energy, Facebook Add to Partnership on Renewable Energy in Virginia",http://www.gurufocus.com/news/1038129/dominion-energy-facebook-add-to-partnership-on-renewable-energy-in-virginia,1.0
8d25fa08eadba78e,2020-02-13T00:00:00Z,news,Investor's Business Daily,"Adobe, Microsoft Among Top Stocks Hitting 20% Gains; Should You Hold Or Sell?",http://www.investors.com/stock-lists/ibd-50/top-stocks-adobe-microsoft-hit-20-gains-should-you-hold-or-sell/?src=A00237A&ven=BenzingaCP&src=AURLAAM,1.0
edab07ba53c61b0b,2020-02-13T00:00:00Z,news,Investor's Business Daily,"Dow Jones Transports Lag Key Indexes, But This Small Cap Stock Defies Coronavirus News",http://www.investors.com/market-trend/stock-market-today/dow-jones-transports-lag-key-indexes-but-this-small-cap-stock-defies-coronavirus-news/?src=A00237A&ven=BenzingaCP&src=AURLAAM,1.0
67f8e5ff9bc6c21d,2020-02-13T00:00:00Z,news,GuruFocus,Marrone Bio Innovations to Attend the Bank of America Global Agriculture and Materials ...,http://www.gurufocus.com/news/1038049/marrone-bio-innovations-to-attend-the-bank-of-america-global-agriculture-and-materials-conference-2020-in-ft-lauderdale-florida,1.0
a0f100e9a0bfa1c1,2020-02-13T00:00:00Z,news,Zacks,"The Zacks Analyst Blog Highlights: Exxon Mobil, Chevron, Hess and CNOOC",http://www.zacks.com/stock/news/763706/the-zacks-analyst-blog-highlights-exxon-mobil-chevron-hess-and-cnooc?cid=CS-BENZ-FT-press_releases-763706,1.0
6187faa7c07e02e3,2020-02-13T00:00:00Z,news,Zacks,"Jobless Claims, CPI Lower; Tesla (TSLA) Raising Stock Offering",http://www.zacks.com/stock/news/763909/jobless-claims-cpi-lower-tesla-tsla-raising-stock-offering?cid=CS-BENZ-FT-ahead_of_wall_street-763909,1.0
a4ba11bd76b7d06f,2020-02-13T00:00:00Z,news,TalkMarkets,Daily Stock Pick: Intel,https://talkmarkets.com/content/daily-stock-pick-intel?post=250929,1.0
c738b49e9b863e6e,2020-02-14T00:00:00Z,news,Zacks,5 Top-Ranked Nasdaq Stocks That Have Skyrocketed YTD,http://www.zacks.com/stock/news/765454/5-top-ranked-nasdaq-stocks-that-have-skyrocketed-ytd?cid=CS-BENZ-FT-analyst_blog|investment_ideas-765454,1.0
2eb0da3c2348044e,2020-02-14T00:00:00Z,news,Investor's Business Daily,Walmart Earnings Due As Stock Forms Base; Shale Stocks To Report: Investing Action Plan,http://www.investors.com/research/investing-action-plan/walmart-earnings-due-dow-jones-stock-forms-base-synopsys-shale-stocks-report/?src=A00237A&ven=BenzingaCP&src=AURLAAM,1.0
b207018f5d2d0552,2020-02-14T00:00:00Z,news,Zacks,"The Zacks Analyst Blog Highlights: ExxonMobil, ConocoPhillips, Valero Energy, Marathon Petroleum and Chevron",http://www.zacks.com/stock/news/765694/the-zacks-analyst-blog-highlights-exxonmobil-conocophillips-valero-energy-marathon-petroleum-and-chevron?cid=CS-BENZ-FT-press_releases-765694,1.0
8e14db6ade547e3b,2020-02-14T00:00:00Z,news,GuruFocus,"Frontier Investment Mgmt Co Buys ALPS Sector Dividend Dogs, Amazon. ...",http://www.gurufocus.com/news/1038961/frontier-investment-mgmt-co-buys-alps-sector-dividend-dogs-amazoncom-inc-ishares-13-year-treasury-bond-etf-sells-energy-transfer-lp-vanguard-total-bond-market-etf-altice-usa-inc,1.0
f3171d0c4b41f25c,2020-02-14T00:00:00Z,news,TalkMarkets,Cloud Stocks: Qualys Counts On Google aAd Microsoft For Growth,https://talkmarkets.com/content/cloud-stocks-qualys-counts-on-google-aad-microsoft-for-growth?post=251015,1.0
18f3b17b2e011121,2020-02-14T00:00:00Z,news,TalkMarkets,Cloud Stocks: Qualys Counts On Google And Microsoft For Growth,https://talkmarkets.com/content/cloud-stocks-qualys-counts-on-google-and-microsoft-for-growth?post=251015,1.0
00e1268af132f5a9,2020-02-14T00:00:00Z,news,Zacks,"The Zacks Analyst Blog Highlights: Toyota, Honda, Tesla, Goodyear Tire and AutoNation",http://www.zacks.com/stock/news/765696/the-zacks-analyst-blog-highlights-toyota-honda-tesla-goodyear-tire-and-autonation?cid=CS-BENZ-FT-press_releases-765696,1.0
9927d99656bd987f,2020-02-14T00:00:00Z,news,Zacks,"Zacks.com featured highlights include: KB Home, Rush Enterprises, Chevron, Ruth's Hospitality and Lowe's",http://www.zacks.com/stock/news/765672/zackscom-featured-highlights-include-kb-home-rush-enterprises-chevron-ruths-hospitality-and-lowes?cid=CS-BENZ-FT-press_releases-765672,1.0
7cd23c9ba1d704a0,2020-02-14T00:00:00Z,news,Zacks,"Ralph Lauren, J.B. Hunt Transport, Walmart, Amazon and Target highlighted as Zacks Bull and Bear of the Day",http://www.zacks.com/stock/news/765664/ralph-lauren-jb-hunt-transport-walmart-amazon-and-target-highlighted-as-zacks-bull-and-bear-of-the-day?cid=CS-BENZ-FT-press_releases-765664,1.0
14da03ddac2c96d5,2020-02-14T00:00:00Z,news,Zacks,"Zacks Value Trader Highlights: Facebook, Booking, Canada Goose, Pioneer Natural Resources and Innovative Industrial Properties",http://www.zacks.com/stock/news/765679/zacks-value-trader-highlights-facebook-booking-canada-goose-pioneer-natural-resources-and-innovative-industrial-properties?cid=CS-BENZ-FT-press_releases-765679,1.0
05538b60eae2c871,2020-02-14T00:00:00Z,news,Zacks,Will Walmart's (WMT) Q4 Earnings Gain on E-Commerce Business?,http://www.zacks.com/stock/news/765489/will-walmarts-wmt-q4-earnings-gain-on-e-commerce-business?cid=CS-BENZ-FT-analyst_blog|earnings_preview-765489,1.0
fcf79c483b224d7e,2020-02-14T00:00:00Z,news,GuruFocus,Turquoise Hill to Effect Share Consolidation and Voluntarily Delist from Nasdaq,http://www.gurufocus.com/news/1039712/turquoise-hill-to-effect-share-consolidation-and-voluntarily-delist-from-nasdaq,1.0
94196f36cfb28127,2020-02-14T00:00:00Z,news,Zacks,"The Zacks Analyst Blog Highlights: BP, Royal Dutch Shell, Repsol, Exxon Mobil and Chevron",http://www.zacks.com/stock/news/765699/the-zacks-analyst-blog-highlights-bp-royal-dutch-shell-repsol-exxon-mobil-and-chevron?cid=CS-BENZ-FT-press_releases-765699,1.0
2f17f1dd1e131a5c,2020-02-14T00:00:00Z,news,TalkMarkets,BofA: We Are Witnessing The Biggest Asset Bubble Ever Created By A Central Bank,https://talkmarkets.com/content/bofa-we-are-witnessing-the-biggest-asset-bubble-ever-created-by-a-central-bank?post=251057,1.0
165bf57c2f802c19,2020-02-14T00:00:00Z,news,GuruFocus,"Cibc World Markets Corp Buys PepsiCo Inc, Amazon. ...",http://www.gurufocus.com/news/1038973/cibc-world-markets-corp-buys-pepsico-inc-amazoncom-inc-alphabet-inc-sells-aramark-gilead-sciences-inc-caesars-entertainment-corp,1.0
a2137280154e6fb8,2020-02-16T00:00:00Z,news,TalkMarkets,"Tepper's Appaloosa Adds Intelsat, Exits Boeing In Q4",https://talkmarkets.com/content/teppers-appaloosa-adds-intelsat-exits-boeing-in-q4?post=251181,1.0
9c4cf30914c3fde1,2020-02-16T00:00:00Z,news,Investor's Business Daily,Dow Jones Futures: Walmart Earnings Due 3 IPOs Near Buys; Warren Buffett Stock RH Set To Break Out,http://www.investors.com/market-trend/stock-market-today/dow-jones-futures-stock-market-rally-walmart-inmode-earnings-warren-buffet-buys-rh-stock/?src=A00237A&ven=BenzingaCP&src=AURLAAM,1.0
87e8656e5d495c7d,2020-02-16T00:00:00Z,news,TalkMarkets,"DJI, Nasdaq 100, Dax 30 Forecasts For The Week Ahead",https://talkmarkets.com/content/dji-nasdaq-100-dax-30-forecasts-for-the-week-ahead?post=251147,1.0
611f8e9d426822e0,2020-02-17T00:00:00Z,news,Zacks,JPMorgan Targets Full Ownership in China Businesses by 2021,http://www.zacks.com/stock/news/769643/jpmorgan-targets-full-ownership-in-china-businesses-by-2021?cid=CS-BENZ-FT-analyst_blog|company_news_-_finance_sector-769643,1.0
06042b11cef180f0,2020-02-17T00:00:00Z,news,GuruFocus,"Elkhorn Partners Limited Partnership Buys ViacomCBS Inc, iPath Series B S&P 500 VIX ...",http://www.gurufocus.com/news/1041594/elkhorn-partners-limited-partnership-buys-viacomcbs-inc-ipath-series-b-sp-500-vix-shortterm-futures-etn-acacia-research-corp-sells-oshkosh-corp-jefferies-financial-group-inc-kinder-morgan-inc,1.0
27bf6f103107b609,2020-02-17T00:00:00Z,news,TalkMarkets,"Japan GDP Collapse, China To Roll Out More Stimulus",https://talkmarkets.com/content/japan-gdp-collapse-china-to-roll-out-more-stimulus?post=251252,1.0
2447f6a821596d94,2020-02-17T00:00:00Z,news,GuruFocus,"H D Vest Advisory Services Buys iShares Core S&P 500, iShares Core U.S. ...",http://www.gurufocus.com/news/1041442/h-d-vest-advisory-services-buys-ishares-core-sp-500-ishares-core-us-aggregate-bond-ishares-russell-2000-sells-paycom-software-inc-roper-technologies-inc-celgene-corp,1.0
a937a071421f944c,2020-02-17T00:00:00Z,news,GuruFocus,"DZ BANK AG Deutsche Zentral Genossenschafts Bank, Buys Bank of America Corp, The Walt Disney ...",http://www.gurufocus.com/news/1041667/dz-bank-ag-deutsche-zentral-genossenschafts-bank-buys-bank-of-america-corp-the-walt-disney-co-alibaba-group-holding-sells-amazoncom-inc-mcdonalds-corp-adobe-inc,1.0
4ac9b9a301eacf93,2020-02-17T00:00:00Z,news,GuruFocus,Wall Street Analysts Recommends Catching These — Falling Knives,http://www.gurufocus.com/news/1041135/wall-street-analysts-recommends-catching-these-2-falling-knives-,1.0
751e547e30e2d73e,2020-02-17T00:00:00Z,news,GuruFocus,' Stocks That Are Way More Expensive Than Tesla,http://www.gurufocus.com/news/1041208/3-stocks-that-are-way-more-expensive-than-tesla-,1.0
743ae285a3c4d726,2020-02-17T00:00:00Z,news,Investor's Business Daily,"Dow Jones Futures: Apple Warns On Coronavirus After Tesla, Alibaba Caution; Walmart, InMode Earnings Due",http://www.investors.com/market-trend/stock-market-today/dow-jones-futures-apple-warns-on-coronavirus-impact-tesla-alibaba-walmart-inmode-earnings/?src=A00237A&ven=BenzingaCP&src=AURLAAM,1.0
d12ed5fa6a26c3cb,2020-02-18T00:00:00Z,news,Investor's Business Daily,Stocks Pare Losses; Walmart Up Despite Weak Results; 3 Breakouts To Watch,http://www.investors.com/market-trend/stock-market-today/stock-market-pares-losses-earnings-cause-moves/?src=A00237A&ven=BenzingaCP&src=AURLAAM,1.0
61048a44eb90a5c8,2020-02-18T00:00:00Z,news,Zacks,"Walmart (WMT) Q4 Earnings Lag Estimates, Sales Increase Y/Y",http://www.zacks.com/stock/news/771640/walmart-wmt-q4-earnings-lag-estimates-sales-increase-y-y?cid=CS-BENZ-FT-analyst_blog|earnings_article-771640,1.0
03d30aa30265d380,2020-02-18T00:00:00Z,news,TalkMarkets,Three E-commerce Growth Stocks To Buy Instead Of Amazon,https://talkmarkets.com/content/three-e-commerce-growth-stocks-to-buy-instead-of-amazon?post=251389,1.0
1f912959f2d5988d,2020-02-18T00:00:00Z,news,GuruFocus,"Charlie Munger: Boeing Will Survive, and Elon Musk Isn't Wrong All the Time",http://www.gurufocus.com/news/1041698/charlie-munger-boeing-will-survive-and-elon-musk-isnt-wrong-all-the-time,1.0
c62d65684495167f,2020-02-18T00:00:00Z,news,Zacks,Will Apple's Coronavirus Woes Affect Supplier Stocks As Well?,http://www.zacks.com/stock/news/771530/will-apples-coronavirus-woes-affect-supplier-stocks-as-well?cid=CS-BENZ-FT-analyst_blog|industry_focus-771530,1.0
9f6901672977fc56,2020-02-18T00:00:00Z,news,Investor's Business Daily,Dow Jones Today: Stock Futures Pressured On Apple Sales Warning; RH Soars On Increased Buffett Stake,http://www.investors.com/market-trend/stock-market-today/dow-jones-today-stock-futures-pressured-on-apple-sales-warning/?src=A00237A&ven=BenzingaCP&src=AURLAAM,1.0
3e66c3e90c17703b,2020-02-18T00:00:00Z,news,TalkMarkets,3 ETFs That Could Benefit From Apple's Downbeat Guidance,https://talkmarkets.com/content/3-etfs-that-could-benefit-from-apples-downbeat-guidance?post=251456,1.0
3e3fbfbd0898854a,2020-02-18T00:00:00Z,news,Zacks,"Apple's Coronavirus Warning, Tesla Climbs & A Strong Buy Chip Stock - Free Lunch",http://www.zacks.com/stock/news/771984/apples-coronavirus-warning-tesla-climbs-a-strong-buy-chip-stock-free-lunch?cid=CS-BENZ-FT-stocks_in_the_news|major_headlines-771984,1.0
3f32d3f313d21e5d,2020-02-18T00:00:00Z,news,GuruFocus,US Indexes Mostly Lower After Apple's Coronavirus Warning,http://www.gurufocus.com/news/1042962/us-indexes-mostly-lower-after-apples-coronavirus-warning,1.0
07295c7204954ccf,2020-02-18T00:00:00Z,news,GuruFocus,Bioinvent Enters Into Collaboration With Pfizer To Select Second Target For Cancer ...,http://www.gurufocus.com/news/1041897/bioinvent-enters-into-collaboration-with-pfizer-to-select-second-target-for-cancer-immunotherapy-research,1.0
aff14f4e76734edb,2020-02-18T00:00:00Z,news,Investor's Business Daily,"Dow Jones Futures: AMD Ignores Apple-Led Retreat; Enphase, SolarEdge, Amedisys, 10X Genomics, Palomar Are Key Movers Late",http://www.investors.com/market-trend/stock-market-today/dow-jones-futures-amd-stock-market-rally-ignore-apple-enphase-amedisys-10x-genomics-earnings-movers/?src=A00237A&ven=BenzingaCP&src=AURLAAM,1.0
c23d5063d6c6b460,2020-02-18T00:00:00Z,news,Investor's Business Daily,Stock Market Falls On Apple Sales Warning; Key Earnings Movers Include InMode And Walmart,http://www.investors.com/market-trend/stock-market-today/dow-jones-falls-apple-coronavirus-warning-walmart-stock-buy-point/?src=A00237A&ven=BenzingaCP&src=AURLAAM,1.0
bf88c627e538a4ad,2020-02-18T00:00:00Z,news,GuruFocus,Boeing Names New Chairman & CEO Amidst a Confidence Crisis Prevailing In a Sudden Turn of Events,http://www.gurufocus.com/news/1041902/boeing-names-new-chairman--ceo-amidst-a-confidence-crisis-prevailing-in-a-sudden-turn-of-events,1.0
de72f06ffafdebab,2020-02-18T00:00:00Z,news,Zacks,CARZ ETF Gains on Tesla's Rally Despite Mixed Auto Earnings,http://www.zacks.com/stock/news/772243/carz-etf-gains-on-teslas-rally-despite-mixed-auto-earnings?cid=CS-BENZ-FT-etf_news_and_commentary-772243,1.0
9b7fb16f3d18956b,2020-02-18T00:00:00Z,news,TalkMarkets,S&P 500: More Upside Ahead?,https://talkmarkets.com/content/sp-500-more-upside-ahead?post=251430,1.0
2815e27de612f03c,2020-02-18T00:00:00Z,news,TalkMarkets,Apple Warns On Coronavirus To Send Shockwaves Through Markets,https://talkmarkets.com/content/apple-warns-on-coronavirus-to-send-shockwaves-through-markets?post=251386,1.0
9439d93205833cae,2020-02-18T00:00:00Z,news,TalkMarkets,Markets Crash On Apple Warning,https://talkmarkets.com/content/markets-crash-on-apple-warning?post=251419,1.0
d15cad9cbf8b4f68,2020-02-18T00:00:00Z,news,Zacks,"The Zacks Analyst Blog Highlights: NVIDIA, Cisco, Amazon, Facebook and Microsoft",http://www.zacks.com/stock/news/771639/the-zacks-analyst-blog-highlights-nvidia-cisco-amazon-facebook-and-microsoft?cid=CS-BENZ-FT-press_releases-771639,1.0
72048b04a0387728,2020-02-18T00:00:00Z,news,GuruFocus,KPMG and Microsoft Corporation to Form an Alliance to Digitally Transform Professional Services,http://www.gurufocus.com/news/1041877/kpmg-and-microsoft-corporation-to-form-an-alliance-to-digitally-transform-professional-services,1.0
db67a0ae26fc2843,2020-02-19T00:00:00Z,news,Investor's Business Daily,Stock Market Extends Gains On Coronavirus Optimism; Analyst Upgrade Sends Tesla Shares Soaring,http://www.investors.com/market-trend/stock-market-today/stock-market-extends-gains-coronavirus-optimism-analyst-upgrade-sends-tesla-shares-soaring/?src=A00237A&ven=BenzingaCP&src=AURLAAM,1.0
4b70706e0e67d10a,2020-02-19T00:00:00Z,news,Zacks,Pfizer's Cardiomyopathy Drug Vyndaqel Gets Approval in Europe,http://www.zacks.com/stock/news/773134/pfizers-cardiomyopathy-drug-vyndaqel-gets-approval-in-europe?cid=CS-BENZ-FT-analyst_blog|company_news_-_medical_sector-773134,1.0
495e3b6843f4d06f,2020-02-19T00:00:00Z,news,Investor's Business Daily,"Dow Jones Today, Futures Edge Up On Coronavirus News; Tesla Leads Nasdaq, Nike Shuffles Management",http://www.investors.com/market-trend/stock-market-today/dow-jones-today-futures-edge-up-coronavirus-news-tesla-leads-nasdaq-nike-shuffles-management/?src=A00237A&ven=BenzingaCP&src=AURLAAM,1.0
0a63678105dd724b,2020-02-19T00:00:00Z,news,GuruFocus,"Lee Ainslie Cuts Ownes-Corning, Microsoft",http://www.gurufocus.com/news/1043956/lee-ainslie-cuts-ownescorning-microsoft,1.0
76fdfa0ccbdac8ca,2020-02-19T00:00:00Z,news,Investor's Business Daily,"Dow Jones Rallies 150 Points, Nasdaq Hits New High As Coronavirus Cases Slow",http://www.investors.com/market-trend/stock-market-today/dow-jones-up-150-points-nasdaq-hits-new-high-coronavirus-update/?src=A00237A&ven=BenzingaCP&src=AURLAAM,1.0
411819b73e4dcf99,2020-02-19T00:00:00Z,news,GuruFocus,"David Rolfe's Firm Cuts Apple, Visa",http://www.gurufocus.com/news/1043918/david-rolfes-firm-cuts-apple-visa,1.0
28e1fbdccb713633,2020-02-19T00:00:00Z,news,TalkMarkets,"Tesla a standout as US markets sink following Apple warning, Franklin Resources Buys Legg Mason",https://talkmarkets.com/content/tesla-a-standout-as-us-markets-sink-following-apple-warning-franklin-resources-buys-legg-mason?post=251543,1.0
2d69517e71652e0e,2020-02-19T00:00:00Z,news,Zacks,"The Zacks Analyst Blog Highlights: Apple, Eagle Bancorp Montana, Onconova Therapeutics, Proteostasis Therapeutics and Abeona Therapeutics",http://www.zacks.com/stock/news/773348/the-zacks-analyst-blog-highlights-apple-eagle-bancorp-montana-onconova-therapeutics-proteostasis-therapeutics-and-abeona-therapeutics?cid=CS-BENZ-FT-press_releases-773348,1.0
ef0c95bcd50baeb2,2020-02-19T00:00:00Z,news,TalkMarkets,A Dow Without Boeing (BA),https://talkmarkets.com/content/a-dow-without-boeing-ba?post=251629,1.0
dc50884d897680f9,2020-02-19T00:00:00Z,news,Zacks,Walmart Disappoints: ETFs in Focus,http://www.zacks.com/stock/news/773249/walmart-disappoints-etfs-in-focus?cid=CS-BENZ-FT-etf_news_and_commentary-773249,1.0
44c7df1c166b45a8,2020-02-19T00:00:00Z,news,Zacks,"Top Research Reports for Facebook, Netflix & NextEra Energy",http://www.zacks.com/research-daily/773289/top-research-reports-for-facebook-netflix-nextera-energy?cid=CS-BENZ-FT-research_daily-773289,1.0
e60829d85dead419,2020-02-19T00:00:00Z,news,Zacks,Zayo & Microsoft Team Up to Reduce Rural Digital Disparity,http://www.zacks.com/stock/news/773142/zayo-microsoft-team-up-to-reduce-rural-digital-disparity?cid=CS-BENZ-FT-analyst_blog|company_news_tech_sector-773142,1.0
746922bb76208ce9,2020-02-19T00:00:00Z,news,Investor's Business Daily,"Dow Jones Futures: Apple, Tesla, AMD, Nvidia Lead Hot Stock Market Rally; Six Big Earnings Movers Late",http://www.investors.com/market-trend/stock-market-today/dow-jones-futures-apple-tesla-amd-nvidia-stock-market-rally-leaders-solaredge-zillow-earnings/?src=A00237A&ven=BenzingaCP&src=AURLAAM,1.0
3393715d44513b7c,2020-02-19T00:00:00Z,news,GuruFocus,DICK'S Sporting Goods Announces Participation in the BofA Securities Consumer and Retail ...,http://www.gurufocus.com/news/1043839/dicks-sporting-goods-announces-participation-in-the-bofa-securities-consumer-and-retail-technology-conference,1.0
f5b93d39781f2748,2020-02-19T00:00:00Z,news,Investor's Business Daily,"Dow Jones Futures: Tesla Surges Above 900; Enphase Energy Soars, Nvidia, Apple Rise",http://www.investors.com/market-trend/stock-market-today/dow-jones-futures-tesla-stock-price-target-enphase-energy-nvidia-stock-apple-stock/?src=A00237A&ven=BenzingaCP&src=AURLAAM,1.0
3e7606544fa55fb6,2020-02-19T00:00:00Z,news,Zacks,"The Zacks Analyst Blog Highlights: Apple, American Express, Starbucks, Goldman Sachs and BCE",http://www.zacks.com/stock/news/773342/the-zacks-analyst-blog-highlights-apple-american-express-starbucks-goldman-sachs-and-bce?cid=CS-BENZ-FT-press_releases-773342,1.0
060a3d1a95da175c,2020-02-19T00:00:00Z,news,GuruFocus,"After Apple, Facebook, and Amazon - Who are the Next Trillion Dollar Tech Titans?",http://www.gurufocus.com/news/1044285/after-apple-facebook-and-amazon--who-are-the-next-trillion-dollar-tech-titans-,1.0
223656a78897ae55,2020-02-19T00:00:00Z,news,GuruFocus,Squirrels Research Labs Reveals Intel® FPGAs in Power-Efficient Next Generation Ethereum ...,http://www.gurufocus.com/news/1044295/squirrels-research-labs-reveals-intel-fpgas-in-powerefficient-next-generation-ethereum-mining-accelerators,1.0
eb036efc1e20e4bf,2020-02-20T00:00:00Z,news,Zacks,"Beyond Earnings, Is It Tesla That is Energizing Clean ETFs?",http://www.zacks.com/stock/news/775648/beyond-earnings-is-it-tesla-that-is-energizing-clean-etfs?cid=CS-BENZ-FT-etf_news_and_commentary-775648,1.0
ce789d36722616a3,2020-02-20T00:00:00Z,news,Zacks,Bet on Microsoft & 5 Other Top-Ranked Tech Stocks to Win Big,http://www.zacks.com/stock/news/775012/bet-on-microsoft-5-other-top-ranked-tech-stocks-to-win-big?cid=CS-BENZ-FT-analyst_blog|investment_ideas-775012,1.0
f633f5e0fa549cf3,2020-02-20T00:00:00Z,news,Zacks,Is There More Spark in Tesla?,http://www.zacks.com/stock/news/775829/is-there-more-spark-in-tesla?cid=CS-BENZ-FT-analyst_blog-775829,1.0
708f306308090213,2020-02-20T00:00:00Z,news,Investor's Business Daily,"Dow Jones Futures: After Healthy Stock Market Pause, First Solar, Zscaler, EHealth Lead Big Earnings Movers",http://www.investors.com/market-trend/stock-market-today/dow-jones-futures-after-healthy-stock-market-pause-first-solar-universal-display-zscaler-ehealth-dropbox-lead-earnings-movers/?src=A00237A&ven=BenzingaCP&src=AURLAAM,1.0
897e823832d52e1e,2020-02-20T00:00:00Z,news,TalkMarkets,"Dow Jones & Nasdaq 100 Drop As Volatility Spikes, Will Support Hold?",https://talkmarkets.com/content/dow-jones--nasdaq-100-drop-as-volatility-spikes-will-support-hold?post=251794,1.0
ca1b21b525beb65f,2020-02-20T00:00:00Z,news,Zacks,"The Zacks Analyst Blog Highlights: Nvidia, AMD, TSMC and Intel",http://www.zacks.com/stock/news/775117/the-zacks-analyst-blog-highlights-nvidia-amd-tsmc-and-intel?cid=CS-BENZ-FT-press_releases-775117,1.0
4c483f64f152de0f,2020-02-20T00:00:00Z,news,Zacks,Samsung Begins 7nm Chip Production: Should AMD & Intel Worry?,http://www.zacks.com/stock/news/775074/samsung-begins-7nm-chip-production-should-amd-intel-worry?cid=CS-BENZ-FT-analyst_blog|industry_focus-775074,1.0
0242b5f156a59428,2020-02-20T00:00:00Z,news,Zacks,Two Major Takeover Bids Hit Wall Street,http://www.zacks.com/stock/news/775297/two-major-takeover-bids-hit-wall-street?cid=CS-BENZ-FT-economic_highlights-775297,1.0
377859eded6303a9,2020-02-20T00:00:00Z,news,Investor's Business Daily,"Dow Jones Today, Futures Dip As Coronavirus Impact Mounts; ETrade Spikes On Merger News, Domino's Scores Q4 Beat",http://www.investors.com/market-trend/stock-market-today/dow-jones-today-futures-dip-coronavirus-impact-etrade-spikes-on-merger-dominos-scores-beat/?src=A00237A&ven=BenzingaCP&src=AURLAAM,1.0
ce80155ef85de177,2020-02-20T00:00:00Z,news,Investor's Business Daily,"Dow Jones, Nasdaq Hit Session Lows; Domino's Soars, But These 3 Stock Breakouts Fizzle",http://www.investors.com/market-trend/stock-market-today/dow-jones-nasdaq-hit-session-lows-dominos-soars-but-these-3-stock-breakouts-fizzle/?src=A00237A&ven=BenzingaCP&src=AURLAAM,1.0
552657743982f5ff,2020-02-20T00:00:00Z,news,Zacks,"Boston Beer Company, Spirit AeroSystems, Apple, Starbucks and Carnival highlighted as Zacks Bull and Bear of the Day",http://www.zacks.com/stock/news/775035/boston-beer-company-spirit-aerosystems-apple-starbucks-and-carnival-highlighted-as-zacks-bull-and-bear-of-the-day?cid=CS-BENZ-FT-press_releases-775035,1.0
1138adbbd5748310,2020-02-20T00:00:00Z,news,GuruFocus,T. Rowe Price Equity Income Fund Comments on JPMorgan Chase,http://www.gurufocus.com/news/1045867/t-rowe-price-equity-income-fund-comments-on-jpmorgan-chase,1.0
b44d29057c2384e5,2020-02-20T00:00:00Z,news,Zacks,"The Zacks Analyst Blog Highlights: Microsoft, Applied Materials, SAP SE, Lam Research and Tencent",http://www.zacks.com/stock/news/775103/the-zacks-analyst-blog-highlights-microsoft-applied-materials-sap-se-lam-research-and-tencent?cid=CS-BENZ-FT-press_releases-775103,1.0
a55b79ef588cb7a0,2020-02-20T00:00:00Z,news,Zacks,"Zacks Earnings Trends Highlights: Apple, Starbucks, Wynn Resorts and Royal Caribbean",http://www.zacks.com/stock/news/775050/zacks-earnings-trends-highlights-apple-starbucks-wynn-resorts-and-royal-caribbean?cid=CS-BENZ-FT-press_releases-775050,1.0
0bc2513c505ad88f,2020-02-20T00:00:00Z,news,Zacks,"Zacks Market Edge Highlights: Tesla, Micron, Biogen, GameStop and Maxar Technologies",http://www.zacks.com/stock/news/775046/zacks-market-edge-highlights-tesla-micron-biogen-gamestop-and-maxar-technologies?cid=CS-BENZ-FT-press_releases-775046,1.0
7d187ccf56d75e16,2020-02-20T00:00:00Z,news,Zacks,"The Zacks Analyst Blog Highlights: Facebook, Netflix, NextEra Energy, GlaxoSmithKline and T-Mobile US",http://www.zacks.com/stock/news/775066/the-zacks-analyst-blog-highlights-facebook-netflix-nextera-energy-glaxosmithkline-and-t-mobile-us?cid=CS-BENZ-FT-press_releases-775066,1.0
eea7076b0ec9744f,2020-02-20T00:00:00Z,news,Investor's Business Daily,Dow Jones Craters 350 Points Intraday On Profit-Taking; Domino's Holds Gains Bullishly After Breakout,http://www.investors.com/market-trend/stock-market-today/dow-jones-craters-300-points-intraday-on-profit-taking/?src=A00237A&ven=BenzingaCP&src=AURLAAM,1.0
13cb4b08028ef142,2020-02-20T00:00:00Z,news,GuruFocus,"Tech Mega-trends: CEO's of Spotify, Disney, NextTech AR, and Facebank discuss the next wave ...",http://www.gurufocus.com/news/1045804/tech-megatrends-ceos-of-spotify-disney-nexttech-ar-and-facebank-discuss-the-next-wave-in-streaming-digital-entertainment-and-more,1.0
94e907566a8c9bb2,2020-02-20T00:00:00Z,news,Zacks,Is Intel (INTC) Stock a Solid Choice Right Now?,http://www.zacks.com/stock/news/775007/is-intel-intc-stock-a-solid-choice-right-now?cid=CS-BENZ-FT-tale_of_the_tape|industry_rank_and_rising_estimates-775007,1.0
418478e152691834,2020-02-20T00:00:00Z,news,Zacks,"The Zacks Analyst Blog Highlights: Microsoft, International Business Machines, Intel, Apple and Amazon.com",http://www.zacks.com/stock/news/775121/the-zacks-analyst-blog-highlights-microsoft-international-business-machines-intel-apple-and-amazoncom?cid=CS-BENZ-FT-press_releases-775121,1.0
d5752038d97c1c47,2020-02-20T00:00:00Z,news,GuruFocus,Neovasc Will Request Nasdaq Hearing After Company Received Expected Delisting Determination ...,http://www.gurufocus.com/news/1045172/neovasc-will-request-nasdaq-hearing-after-company-received-expected-delisting-determination-from-nasdaq-staff,1.0
706d71af54111d87,2020-02-20T00:00:00Z,news,GuruFocus,"Csx Corp (CSX) EVP & CLO Nathan D Goldman Sold $6'6,960 of Shares",http://www.gurufocus.com/news/1045936/csx-corp-csx-evp--clo-nathan-d-goldman-sold-636960-of-shares,1.0
44aaa7bae8a67b2c,2020-02-21T00:00:00Z,news,Investor's Business Daily,"Dow Jones Tests Key Support As Coronavirus, Economic Fears Hit Stock Market",http://www.investors.com/market-trend/stock-market-today/dow-jones-test-support-coronvirus-economy-fears-hit-stock-market/?src=A00237A&ven=BenzingaCP&src=AURLAAM,1.0
55db165eda3fa1ee,2020-02-21T00:00:00Z,news,Zacks,"Zacks Value Trader Highlights: AbbVie, Allergan, Occidental, Chevron and CVS",http://www.zacks.com/stock/news/777113/zacks-value-trader-highlights-abbvie-allergan-occidental-chevron-and-cvs?cid=CS-BENZ-FT-press_releases-777113,1.0
ac3e8c161168f9f0,2020-02-21T00:00:00Z,news,GuruFocus,"Barber Financial Group, Inc. Buys SPDR Series Trust Portfolio S&P 500 Value, iShares ...",http://www.gurufocus.com/news/1047078/barber-financial-group-inc-buys-spdr-series-trust-portfolio-sp-500-value-ishares-sp-500-value-ishares-edge-msci-intl-quality-factor-sells-first-trust-nasdaq100-technology-sector-index-fd-spdr-series-trust-portfolio-sp,1.0
ec0811ef175083dd,2020-02-21T00:00:00Z,news,Investor's Business Daily,"Dow Jones Today, Futures Slip: Coronavirus Death Rate Rises; Vertex, Tesla Soar; Deere Scores Q4 Beat",http://www.investors.com/market-trend/stock-market-today/dow-jones-today-futures-slip-coronavirus-death-rate-rises-vertex-tesla-soar-deere-rallies/?src=A00237A&ven=BenzingaCP&src=AURLAAM,1.0
700cc9cc81bcdf36,2020-02-21T00:00:00Z,news,GuruFocus,Cheetah Mobile Provides Updates on Google Collaboration,http://www.gurufocus.com/news/1046831/cheetah-mobile-provides-updates-on-google-collaboration,1.0
8f65a62c8cff48e7,2020-02-21T00:00:00Z,news,Zacks,"Everi, Franklin Electric, Tesla, General Motors and Fiat Chrysler highlighted as Zacks Bull and Bear of the Day",http://www.zacks.com/stock/news/777109/everi-franklin-electric-tesla-general-motors-and-fiat-chrysler-highlighted-as-zacks-bull-and-bear-of-the-day?cid=CS-BENZ-FT-press_releases-777109,1.0
31d55c1eba61f5bb,2020-02-21T00:00:00Z,news,Zacks,"Zacks.com featured highlights include: Microsoft, Ruth???s Hospitality, ResMed, Ross Stores and Maxim Integrated Products",http://www.zacks.com/stock/news/777112/zackscom-featured-highlights-include-microsoft-ruths-hospitality-resmed-ross-stores-and-maxim-integrated-products?cid=CS-BENZ-FT-press_releases-777112,1.0
e4d16a15ff8acb05,2020-02-21T00:00:00Z,news,GuruFocus,Tandy Leather Factory Receives Anticipated Nasdaq Listing Determination; To Request Hearing to ...,http://www.gurufocus.com/news/1047409/tandy-leather-factory-receives-anticipated-nasdaq-listing-determinationto-request-hearing-to-address-filing-delay,1.0
56e75f8c0636ad8e,2020-02-21T00:00:00Z,news,Investor's Business Daily,"Stocks Today Fall On Coronavirus News, Treasury Bond Yields Plunge; Take More Gains In Microsoft?",http://www.investors.com/market-trend/stock-market-today/stocks-today-fall-coronavirus-news-treasury-bond-yields-plunge-take-more-gains-microsoft/?src=A00237A&ven=BenzingaCP&src=AURLAAM,1.0
f03e0f5bff552fd6,2020-02-21T00:00:00Z,news,GuruFocus,Intra-Cellular Therapies Announces Inducement Grants Under Nasdaq Listing Rule 56'5(c)(4),http://www.gurufocus.com/news/1047400/intracellular-therapies-announces-inducement-grants-under-nasdaq-listing-rule-5635c4,1.0
103066c3038225b9,2020-02-21T00:00:00Z,news,Investor's Business Daily,Dow Jones Dives 290 Points On New Coronavirus Cases; Key Earnings Movers Include Dropbox And First Solar,http://www.investors.com/market-trend/stock-market-today/dow-jones-dives-new-coronavirus-cases-dropbox-stock-first-solar-stock-earnings/?src=A00237A&ven=BenzingaCP&src=AURLAAM,1.0
4fb112c604bb1578,2020-02-23T00:00:00Z,news,Investor's Business Daily,Dow Jones Futures Dive As Stock Market Faces Coronavirus Pandemic Fears; Apple Eyes Buy Point,http://www.investors.com/market-trend/stock-market-today/dow-jones-futures-stock-market-rally-faces-coronavirus-pandemic-apple-stock-buy-point/?src=A00237A&ven=BenzingaCP&src=AURLAAM,1.0
c535e446d9161e79,2020-02-23T00:00:00Z,news,TalkMarkets,Current Pull Back In S&P 500 Is Only A Blip On The Chart,https://talkmarkets.com/content/current-pull-back-in-sp-500-is-only-a-blip-on-the-chart?post=252093,1.0
ccfa2f81e8fe0e61,2020-02-23T00:00:00Z,news,TalkMarkets,"Dow Jones, Nasdaq 100, Dax 30, Nikkei 225 Forecasts For The Week Ahead",https://talkmarkets.com/content/dow-jones-nasdaq-100-dax-30-nikkei-225-forecasts-for-the-week-ahead?post=252014,1.0
1f535162fe85d75e,2020-02-24T00:00:00Z,news,Zacks,"The Zacks Analyst Blog Highlights: Visa, JPMorgan Chase, Bank of America, AstraZeneca and Duke Energy",http://www.zacks.com/stock/news/781503/the-zacks-analyst-blog-highlights-visa-jpmorgan-chase-bank-of-america-astrazeneca-and-duke-energy?cid=CS-BENZ-FT-press_releases-781503,1.0
0ece4bf0820508f4,2020-02-24T00:00:00Z,news,Zacks,JPMorgan (JPM) Mulls Launch of Online Consumer Bank in the UK,http://www.zacks.com/stock/news/781134/jpmorgan-jpm-mulls-launch-of-online-consumer-bank-in-the-uk?cid=CS-BENZ-FT-analyst_blog|company_news_-_finance_sector-781134,1.0
0d775e62e77ba5bf,2020-02-24T00:00:00Z,news,Investor's Business Daily,Dow Dives As Coronavirus Fears Intensify; Apple Breaks Support In Stock Market Rout,http://www.investors.com/market-trend/stock-market-today/dow-jones-dives-coronavirus-fears-grow-apple-breaks-support-stock-market-rout/?src=A00237A&ven=BenzingaCP&src=AURLAAM,1.0
3215c7bb991e2ce6,2020-02-24T00:00:00Z,news,Investor's Business Daily,Dow Jones Futures Rebound After Tech Titans Lead Stock Market Rally Sell-Off,http://www.investors.com/market-trend/stock-market-today/dow-jones-futures-apple-stock-market-rally-dive-mastercard-coronavirus-warning/?src=A00237A&ven=BenzingaCP&src=AURLAAM,1.0
6c772449b837ecac,2020-02-24T00:00:00Z,news,TalkMarkets,Risk Aversion Spurs Gold & Treasuries To New Extremes,https://talkmarkets.com/content/risk-aversion-spurs-gold--treasuries-to-new-extremes?post=252138,1.0
fb2aadbfddd070e1,2020-02-24T00:00:00Z,news,GuruFocus,CenturyLink Joins Networking Managed Service Provider Program for Microsoft Azure,http://www.gurufocus.com/news/1049202/centurylink-joins-networking-managed-service-provider-program-for-microsoft-azure,1.0
0b7bec2b336eca2d,2020-02-24T00:00:00Z,news,GuruFocus,"Ally Financial Inc. Buys iShares Core S&P Mid-Cap, Amazon. ...",http://www.gurufocus.com/news/1049399/ally-financial-inc-buys-ishares-core-sp-midcap-amazoncom-inc-duke-energy-corp-sells-spdr-sp-500-ishares-select-dividend-etf-facebook-inc,1.0
ce53ceefacef82d8,2020-02-24T00:00:00Z,news,Investor's Business Daily,Stocks To Watch: Nasdaq Sees RS Rating Rise To 83,http://www.investors.com/ibd-data-stories/stocks-to-watch-nasdaq-sees-rs-rating-rise-to-83/?src=A00237A&ven=BenzingaCP&src=AURLAAM,1.0
227f193de62366f5,2020-02-24T00:00:00Z,news,Zacks,"Zacks.com featured highlights include: Signet Jewelers, CACI International, Intel, Science Applications International and Best Buy Company",http://www.zacks.com/stock/news/781318/zackscom-featured-highlights-include-signet-jewelers-caci-international-intel-science-applications-international-and-best-buy-company?cid=CS-BENZ-FT-press_releases-781318,1.0
6826d0f8de98baaf,2020-02-24T00:00:00Z,news,Investor's Business Daily,Dow Jones Slammed 981 Points On Coronavirus News; 5 Top Growth Stocks Test Support,http://www.investors.com/market-trend/stock-market-today/dow-jones-slammed-981-points-coronavirus-news-5-top-growth-stocks-test-support/?src=A00237A&ven=BenzingaCP&src=AURLAAM,1.0
84a66762b94818c2,2020-02-24T00:00:00Z,news,Investor's Business Daily,U.S. Stock Futures Plunge On Coronavirus Pandemic Fears; Apple Takes Heat In Dow Jones,http://www.investors.com/market-trend/stock-market-today/dow-jones-today-us-stock-futures-plunge-coronavirus-spreads/?src=A00237A&ven=BenzingaCP&src=AURLAAM,1.0
18253681017c36fa,2020-02-24T00:00:00Z,news,Zacks,Magic Software (MGIC) to Report Q4 Results: Wall Street Expects Earnings Growth,http://www.zacks.com/stock/news/781475/magic-software-mgic-to-report-q4-results-wall-street-expects-earnings-growth?cid=CS-BENZ-FT-tale_of_the_tape|yseop_template_9-781475,1.0
49c000584170ae0f,2020-02-24T00:00:00Z,news,GuruFocus,Hyve Solutions Announces Certification for Intel Transparent Supply Chain Program,http://www.gurufocus.com/news/1049213/hyve-solutions-announces-certification-for-intel-transparent-supply-chain-program,1.0
48b7c4698b35f083,2020-02-24T00:00:00Z,news,GuruFocus,VirnetX Triumphs in $440 Million Suit as Supreme Court Rejects Apple's Appeal,http://www.gurufocus.com/news/1049379/virnetx-triumphs-in-440-million-suit-as-supreme-court-rejects-apples-appeal,1.0
e500d6b01df5de08,2020-02-24T00:00:00Z,news,Zacks,"The Zacks Analyst Blog Highlights: Johnson & Johnson, Bayer Aktiengesellschaft, Pfizer, Mylan N.V. and Teva Pharmaceutical Industries",http://www.zacks.com/stock/news/781462/the-zacks-analyst-blog-highlights-johnson-johnson-bayer-aktiengesellschaft-pfizer-mylan-nv-and-teva-pharmaceutical-industries?cid=CS-BENZ-FT-press_releases-781462,1.0
f30a01481a05de4e,2020-02-24T00:00:00Z,news,Zacks,"The Zacks Analyst Blog Highlights: PG&E, Hormel Foods, Chevron and Kirkland Lake Gold",http://www.zacks.com/stock/news/781464/the-zacks-analyst-blog-highlights-pge-hormel-foods-chevron-and-kirkland-lake-gold?cid=CS-BENZ-FT-press_releases-781464,1.0
be251800a944d6d5,2020-02-25T00:00:00Z,news,Zacks,ETFs to Play as Goldman Lowers US Q1 GDP Outlook,http://www.zacks.com/stock/news/783931/etfs-to-play-as-goldman-lowers-us-q1-gdp-outlook?cid=CS-BENZ-FT-etf_news_and_commentary-783931,1.0
ca1d2d9efa8622a9,2020-02-25T00:00:00Z,news,Zacks,JPMorgan to Gain from Expected Recovery in Mortgage Business,http://www.zacks.com/stock/news/782885/jpmorgan-to-gain-from-expected-recovery-in-mortgage-business?cid=CS-BENZ-FT-analyst_blog|company_news_-_finance_sector-782885,1.0
8d8499bf3486bed9,2020-02-25T00:00:00Z,news,Investor's Business Daily,Dow Jones Plunges 600 Points As Coronavirus Fears Ravage Stock Market,http://www.investors.com/market-trend/stock-market-today/dow-jones-plunges-600-points-coronavirus-fears-ravage-stock-market/?src=A00237A&ven=BenzingaCP&src=AURLAAM,1.0
03121768d1de9808,2020-02-25T00:00:00Z,news,TalkMarkets,"Disney Adds Beyond Meat Competitor Impossible Foods To Parks, Cruise Menus",https://talkmarkets.com/content/disney-adds-beyond-meat-competitor-impossible-foods-to-parks-cruise-menus?post=252331,1.0
81e0fc84c348e88c,2020-02-25T00:00:00Z,news,TalkMarkets,Iger Out As Disney CEO; Stock Extends Losses,https://talkmarkets.com/content/iger-out-as-disney-ceo-stock-extends-losses?post=252378,1.0
76bb18230e3c2d00,2020-02-25T00:00:00Z,news,GuruFocus,Yacktman Focused Fund Comments on Walt Disney,http://www.gurufocus.com/news/1051798/yacktman-focused-fund-comments-on-walt-disney,1.0
bf25b41ad1d816d3,2020-02-25T00:00:00Z,news,Investor's Business Daily,"Dow Jones Futures: Coronavirus Stock Market Sell-Off Continues; Disney, Salesforce, Virgin Galactic, Insulet, Toll Bros., Planet Fitness Move On Earnings",http://www.investors.com/market-trend/stock-market-today/dow-jones-futures-coronavirus-stock-market-sell-off-disney-ceo-bob-iger-leaves-salesforce-insulet-earnings/?src=A00237A&ven=BenzingaCP&src=AURLAAM,1.0
400e0424a8727a1f,2020-02-25T00:00:00Z,news,Zacks,Apple's January iPhone Sales Fall in China Due to COVID-19,http://www.zacks.com/stock/news/783149/apples-january-iphone-sales-fall-in-china-due-to-covid-19?cid=CS-BENZ-FT-analyst_blog|company_news_tech_sector-783149,1.0
43d0d86804b1bcdd,2020-02-25T00:00:00Z,news,Investor's Business Daily,"Dow Jones Down Nearly 2,000 Points In Two Days On Coronavirus Outbreak",http://www.investors.com/market-trend/stock-market-today/dow-jones-down-nearly-2000-points-coronavirus-outbreak/?src=A00237A&ven=BenzingaCP&src=AURLAAM,1.0
6dad2f4d2524e60f,2020-02-25T00:00:00Z,news,Investor's Business Daily,"Can Apple, Tesla, Other Leaders Show Resilience To Virus Scare?",http://www.investors.com/research/how-to-find-the-best-stocks-to-buy/stocks-to-watch-tesla-amazon-nvidia-apple-resist-coronavirus-crisis/?src=A00237A&ven=BenzingaCP&src=AURLAAM,1.0
74bc6671e154c6f0,2020-02-26T00:00:00Z,news,Investor's Business Daily,Dow Jones Pares Big Gains As Stock Market Rally Fades; Watch This FANG Stock,http://www.investors.com/market-trend/stock-market-today/dow-jones-pares-big-gains-stock-market-rally-fades-fast/?src=A00237A&ven=BenzingaCP&src=AURLAAM,1.0
ac4c5eef77c4243c,2020-02-26T00:00:00Z,news,Zacks,Meet Group (MEET) to Report Q4 Results: Wall Street Expects Earnings Growth,http://www.zacks.com/stock/news/785266/meet-group-meet-to-report-q4-results-wall-street-expects-earnings-growth?cid=CS-BENZ-FT-tale_of_the_tape|yseop_template_9-785266,1.0
dcd1c350ccb79a13,2020-02-26T00:00:00Z,news,Zacks,Virus Erases $1.7T From Wall Street: Play Multi-Asset ETFs,http://www.zacks.com/stock/news/785297/virus-erases-%2417t-from-wall-street-play-multi-asset-etfs?cid=CS-BENZ-FT-etf_news_and_commentary-785297,1.0
cac5898c9b976330,2020-02-26T00:00:00Z,news,Investor's Business Daily,S&P 500 Lower As Stocks Fade; One Financial's Breakout Looks Interesting,http://www.investors.com/market-trend/stock-market-today/stock-market-tumbles-hopes-for-bottom-fade/?src=A00237A&ven=BenzingaCP&src=AURLAAM,1.0
224b4fdc49a4c0c2,2020-02-26T00:00:00Z,news,GuruFocus,"Ronald Muhlenkamp's Firm Exits Celgene, Trims Gilead Position",http://www.gurufocus.com/news/1054491/ronald-muhlenkamps-firm-exits-celgene-trims-gilead-position,1.0
ab2c6967fa29940b,2020-02-26T00:00:00Z,news,GuruFocus,"Pvg Asset Management Corp Buys Invesco S&P 500 Equal Weight, ProShares UltraShort ...",http://www.gurufocus.com/news/1052964/pvg-asset-management-corp-buys-invesco-sp-500-equal-weight-proshares-ultrashort-sp500-royal-dutch-shell-plc-sells-spdr-sp-500-annaly-capital-management-inc-nokia-oyj,1.0
c81acf124885a4c7,2020-02-26T00:00:00Z,news,Zacks,Photronics (PLAB) Reports Next Week: Wall Street Expects Earnings Growth,http://www.zacks.com/stock/news/785252/photronics-plab-reports-next-week-wall-street-expects-earnings-growth?cid=CS-BENZ-FT-tale_of_the_tape|yseop_template_9-785252,1.0
9266f3126e267472,2020-02-26T00:00:00Z,news,Zacks,"The Zacks Analyst Blog Highlights: Burlington Stores, Chipotle Mexican Grill, Apple, Chevron and Deckers Outdoor",http://www.zacks.com/stock/news/784809/the-zacks-analyst-blog-highlights-burlington-stores-chipotle-mexican-grill-apple-chevron-and-deckers-outdoor?cid=CS-BENZ-FT-press_releases-784809,1.0
dba2510c65f08eb4,2020-02-26T00:00:00Z,news,GuruFocus,Boeing and T-Mobile's Credit Set to Follow in Kraft Heinz's Footsteps,http://www.gurufocus.com/news/1054744/boeing-and-tmobiles-credit-set-to-follow-in-kraft-heinzs-footsteps,1.0
7aa36ff9dcb6c53c,2020-02-26T00:00:00Z,news,Zacks,"Intel Unveils 5G Chips: Should QRVO, AVGO, XLNX Take Note?",http://www.zacks.com/stock/news/784780/intel-unveils-5g-chips-should-qrvo-avgo-xlnx-take-note?cid=CS-BENZ-FT-analyst_blog|industry_focus-784780,1.0
007148fdf4b3920d,2020-02-26T00:00:00Z,news,Zacks,"Top Stock Reports for Tesla, Enbridge & DuPont de Nemours",http://www.zacks.com/research-daily/784997/top-stock-reports-for-tesla-enbridge-dupont-de-nemours?cid=CS-BENZ-FT-research_daily-784997,1.0
cf8f58bc4361ba50,2020-02-26T00:00:00Z,news,TalkMarkets,Microsoft Slides After Cutting Personal Computing Guidance Due To Coronavirus; Intel Dragged Lower,https://talkmarkets.com/content/microsoft-slides-after-cutting-personal-computing-guidance-due-to-coronavirus-intel-dragged-lower?post=252524,1.0
e15ec2edfa4f35ba,2020-02-26T00:00:00Z,news,Investor's Business Daily,Dow Jones Loses Early Big Gain; Why Apple Stock Is Not At A Buy Point Yet,http://www.investors.com/market-trend/stock-market-today/dow-jones-loses-early-big-gain-why-apple-stock-is-not-at-a-buy-point-yet/?src=A00237A&ven=BenzingaCP&src=AURLAAM,1.0
6b895623ddffa53b,2020-02-26T00:00:00Z,news,Zacks,Disney Changes CEOs Mid-Stream,http://www.zacks.com/stock/news/784998/disney-changes-ceos-mid-stream?cid=CS-BENZ-FT-ahead_of_wall_street-784998,1.0
fcae5c11dbc66d13,2020-02-26T00:00:00Z,news,Investor's Business Daily,"Dow Jones Rallies After 1,900-Point Plunge In Two Days; Key Movers Include Disney, Salesforce, Virgin Galactic",http://www.investors.com/market-trend/stock-market-today/dow-jones-new-stock-market-correction-disney-stock-uber-stock-twitter-stock/?src=A00237A&ven=BenzingaCP&src=AURLAAM,1.0
009dce6829047c5d,2020-02-26T00:00:00Z,news,TalkMarkets,Coronavirus Rocks Wall Street,https://talkmarkets.com/content/coronavirus-rocks-wall-street?post=252564,1.0
7ff4f08b3225d43a,2020-02-26T00:00:00Z,news,Zacks,Buy Disney (DIS) Stock on the Dip After CEO Bob Iger Steps Down?,http://www.zacks.com/stock/news/785481/buy-disney-dis-stock-on-the-dip-after-ceo-bob-iger-steps-down?cid=CS-BENZ-FT-video_blog-785481,1.0
afb1104778b76493,2020-02-26T00:00:00Z,news,Zacks,Change At The Helm of Disney,http://www.zacks.com/stock/news/785011/change-at-the-helm-of-disney?cid=CS-BENZ-FT-economic_highlights-785011,1.0
58075b03914f2b28,2020-02-26T00:00:00Z,news,Zacks,Disney's Short-Term Hurdles Creates Long-Term Opportunity,http://www.zacks.com/stock/news/785415/disneys-short-term-hurdles-creates-long-term-opportunity?cid=CS-BENZ-FT-stocks_in_the_news|investment_ideas-785415,1.0
4607f62dac167577,2020-02-26T00:00:00Z,news,Zacks,"The Zacks Analyst Blog Highlights: Apple, NetEase, Quotient Technology and Alteryx",http://www.zacks.com/stock/news/784813/the-zacks-analyst-blog-highlights-apple-netease-quotient-technology-and-alteryx?cid=CS-BENZ-FT-press_releases-784813,1.0
854f5abb9cced426,2020-02-27T00:00:00Z,news,Zacks,Gilead Sciences (GILD) Surges: Stock Moves 6.6% Higher,http://www.zacks.com/stock/news/786665/gilead-sciences-gild-surges-stock-moves-66-higher?cid=CS-BENZ-FT-tale_of_the_tape|price_movement-786665,1.0
0f73e8e63fed452d,2020-02-27T00:00:00Z,news,TalkMarkets,Just Four S&P 500 Stocks Up This Week,https://talkmarkets.com/content/just-four-sp-500-stocks-up-this-week?post=252674,1.0
838076b3bf379c01,2020-02-27T00:00:00Z,news,Zacks,"Zacks Market Edge Highlights: Occidental Petroleum, Expedia, United Airlines, Royal Caribbean and Facebook",http://www.zacks.com/stock/news/786595/zacks-market-edge-highlights-occidental-petroleum-expedia-united-airlines-royal-caribbean-and-facebook?cid=CS-BENZ-FT-press_releases-786595,1.0
3ab024961f559ae0,2020-02-27T00:00:00Z,news,GuruFocus,Gardner Denver Holdings Set to Join S&P 500; Cimarex Energy to Join S&P MidCap 400,http://www.gurufocus.com/news/1056917/gardner-denver-holdings-set-to-join-sp-500-cimarex-energy-to-join-sp-midcap-400,1.0
507a561ba08aa49d,2020-02-27T00:00:00Z,news,Zacks,"Top Analyst Reports for Microsoft, Chevron & Accenture",http://www.zacks.com/research-daily/786725/top-analyst-reports-for-microsoft-chevron-accenture?cid=CS-BENZ-FT-research_daily-786725,1.0
5a25f72ab067e415,2020-02-27T00:00:00Z,news,Zacks,Toro (TTC) Reports Next Week: Wall Street Expects Earnings Growth,http://www.zacks.com/stock/news/787078/toro-ttc-reports-next-week-wall-street-expects-earnings-growth?cid=CS-BENZ-FT-tale_of_the_tape|yseop_template_9-787078,1.0
d21cf9480d530e23,2020-02-27T00:00:00Z,news,TalkMarkets,Dow Jones Forecast: Stock Selloff Deepens To Historic Levels,https://talkmarkets.com/content/dow-jones-forecast-stock-selloff-deepens-to-historic-levels?post=252671,1.0
d79914819a0db254,2020-02-27T00:00:00Z,news,Investor's Business Daily,"Dow Jones Rebounds From 2,995-Point Weekly Drop; These 3 Growth Stocks Deliver Sell Signals",http://www.investors.com/market-trend/stock-market-today/dow-jones-rebounds-2991-point-weekly-drop-3-growth-stocks-deliver-sell-signals/?src=A00237A&ven=BenzingaCP&src=AURLAAM,1.0
578df4a2617d3b76,2020-02-27T00:00:00Z,news,Zacks,Burlington Stores (BURL) Reports Next Week: Wall Street Expects Earnings Growth,http://www.zacks.com/stock/news/787117/burlington-stores-burl-reports-next-week-wall-street-expects-earnings-growth?cid=CS-BENZ-FT-tale_of_the_tape|yseop_template_9-787117,1.0
e76b80e844fdb93a,2020-02-27T00:00:00Z,news,Zacks,Microsoft Revises Sales Guidance on Coronavirus: ETFs in Focus,http://www.zacks.com/stock/news/786471/microsoft-revises-sales-guidance-on-coronavirus-etfs-in-focus?cid=CS-BENZ-FT-etf_news_and_commentary-786471,1.0
4cb29e089aeae5b2,2020-02-27T00:00:00Z,news,Investor's Business Daily,"Gilead Sciences Clears Key Benchmark, Hitting 80-Plus RS Rating",http://www.investors.com/ibd-data-stories/gilead-sciences-clears-key-benchmark-hitting-80-plus-rs-rating/?src=A00237A&ven=BenzingaCP&src=AURLAAM,1.0
4775aaab76c0afd2,2020-02-27T00:00:00Z,news,Investor's Business Daily,Dow Jones Plunges 650 Points On Rapidly Spreading Coronavirus; Microsoft Plunges On Revenue Warning,http://www.investors.com/market-trend/stock-market-today/dow-jones-dives-coronavirus-microsoft-stock-plunges-coronavirus-warning/?src=A00237A&ven=BenzingaCP&src=AURLAAM,1.0
7b350f30ff415389,2020-02-27T00:00:00Z,news,Zacks,ETFs to Play as Goldman Forecasts Gold to Hit $1800,http://www.zacks.com/stock/news/787372/etfs-to-play-as-goldman-forecasts-gold-to-hit-%241800?cid=CS-BENZ-FT-etf_news_and_commentary-787372,1.0
45a9cd8b820f4343,2020-02-27T00:00:00Z,news,Zacks,Cantel Medical (CMD) Reports Next Week: Wall Street Expects Earnings Growth,http://www.zacks.com/stock/news/787114/cantel-medical-cmd-reports-next-week-wall-street-expects-earnings-growth?cid=CS-BENZ-FT-tale_of_the_tape|yseop_template_9-787114,1.0
a1ff767f6fbeb355,2020-02-27T00:00:00Z,news,Zacks,"The Zacks Analyst Blog Highlights: Tesla, Enbridge, DuPont de Nemours, Delta Air Lines and Palo Alto Networks",http://www.zacks.com/stock/news/786504/the-zacks-analyst-blog-highlights-tesla-enbridge-dupont-de-nemours-delta-air-lines-and-palo-alto-networks?cid=CS-BENZ-FT-press_releases-786504,1.0
92d915d9df0d6b0d,2020-02-27T00:00:00Z,news,Zacks,Panasonic Parting Ways Isn't Bad for Tesla,http://www.zacks.com/stock/news/787315/panasonic-parting-ways-isnt-bad-for-tesla?cid=CS-BENZ-FT-analyst_blog-787315,1.0
2f3f4b97193e4c12,2020-02-27T00:00:00Z,news,Zacks,Amazon India in Food Delivery,http://www.zacks.com/stock/news/787310/amazon-india-in-food-delivery?cid=CS-BENZ-FT-analyst_blog-787310,1.0
e7dc12e7e71bf3aa,2020-02-27T00:00:00Z,news,Zacks,Tesla & Panasonic to Abort Solar-Cell Production in New York,http://www.zacks.com/stock/news/786763/tesla-panasonic-to-abort-solar-cell-production-in-new-york?cid=CS-BENZ-FT-analyst_blog|company_news_-_corporate_actions-786763,1.0
6fbaa291f87a18b1,2020-02-27T00:00:00Z,news,Zacks,Ciena (CIEN) Reports Next Week: Wall Street Expects Earnings Growth,http://www.zacks.com/stock/news/787115/ciena-cien-reports-next-week-wall-street-expects-earnings-growth?cid=CS-BENZ-FT-tale_of_the_tape|yseop_template_9-787115,1.0
7c4e686e4a952085,2020-02-27T00:00:00Z,news,Investor's Business Daily,"Despite Market Sell-Off, Tesla Drives Big Gains In This Top Tech Stock Play",http://www.investors.com/etfs-and-funds/etf-leaders/tesla-stock-leads-top-tech-etf-big-gains-despite-market-sell-off/?src=A00237A&ven=BenzingaCP&src=AURLAAM,1.0
3b3ba839a42c8d3a,2020-02-27T00:00:00Z,news,Zacks,Global Ship Lease (GSL) Reports Next Week: Wall Street Expects Earnings Growth,http://www.zacks.com/stock/news/787100/global-ship-lease-gsl-reports-next-week-wall-street-expects-earnings-growth?cid=CS-BENZ-FT-tale_of_the_tape|yseop_template_9-787100,1.0
d50c0f920bc1bbe3,2020-02-27T00:00:00Z,news,Zacks,Should Goldman Sachs Equal Weight U.S. Large Cap Equity ETF (GSEW) Be on Your Investing Radar?,http://www.zacks.com/stock/news/786678/should-goldman-sachs-equal-weight-us-large-cap-equity-etf-gsew-be-on-your-investing-radar?cid=CS-BENZ-FT-style_box_etf-786678,1.0
03b4f02ade744db4,2020-02-27T00:00:00Z,news,Zacks,Kroger (KR) Reports Next Week: Wall Street Expects Earnings Growth,http://www.zacks.com/stock/news/787094/kroger-kr-reports-next-week-wall-street-expects-earnings-growth?cid=CS-BENZ-FT-tale_of_the_tape|yseop_template_9-787094,1.0
5b7d594f790ea877,2020-02-27T00:00:00Z,news,Zacks,Spark Energy (SPKE) Reports Next Week: Wall Street Expects Earnings Growth,http://www.zacks.com/stock/news/787082/spark-energy-spke-reports-next-week-wall-street-expects-earnings-growth?cid=CS-BENZ-FT-tale_of_the_tape|yseop_template_9-787082,1.0
230210c4ecf8e836,2020-02-28T00:00:00Z,news,Zacks,Why Is Nasdaq (NDAQ) Down 7.3% Since Last Earnings Report?,http://www.zacks.com/stock/news/788782/why-is-nasdaq-ndaq-down-73-since-last-earnings-report?cid=CS-BENZ-FT-realtime_blog-788782,1.0
8c45235316c1d042,2020-02-28T00:00:00Z,news,Investor's Business Daily,17 S&P 500 Stocks Crash Below Financial Crisis Lows,http://www.investors.com/etfs-and-funds/sectors/sp500-stocks-crash-below-lows-financial-crisis/?src=A00237A&ven=BenzingaCP&src=AURLAAM,1.0
5ffb5b2526057c5e,2020-02-28T00:00:00Z,news,Investor's Business Daily,"Amid Stock Market Correction, Stocks To Watch Include Netflix And Tesla",http://www.investors.com/research/ibd-industry-themes/stock-market-correction-stocks-to-watch-netflix-stock-tesla/?src=A00237A&ven=BenzingaCP&src=AURLAAM,1.0
c36438db16df4454,2020-02-28T00:00:00Z,news,GuruFocus,Bellicum Reports Inducement Grants Under Nasdaq Listing Rule 56'5(c)(4),http://www.gurufocus.com/news/1058577/bellicum-reports-inducement-grants-under-nasdaq-listing-rule-5635c4,1.0
04d4029939b647d8,2020-02-28T00:00:00Z,news,Zacks,"The Zacks Analyst Blog Highlights: Microsoft, Chevron, Accenture, Coca-Cola and Charles Schwab",http://www.zacks.com/stock/news/788161/the-zacks-analyst-blog-highlights-microsoft-chevron-accenture-coca-cola-and-charles-schwab?cid=CS-BENZ-FT-press_releases-788161,1.0
bfcdef4141c0ca8b,2020-02-28T00:00:00Z,news,TalkMarkets,Dividend Stock Spotlight: S&P 500's Highest Yielders From The Sell-Off,https://talkmarkets.com/content/dividend-stock-spotlight-sp-500s-highest-yielders-from-the-sell-off?post=252762,1.0
25c6e314dc7bc341,2020-02-28T00:00:00Z,news,Zacks,"Zacks Value Trader Highlights: JP Morgan Chase, Bank of America, Royal Caribbean, Lululemon and Micron",http://www.zacks.com/stock/news/788182/zacks-value-trader-highlights-jp-morgan-chase-bank-of-america-royal-caribbean-lululemon-and-micron?cid=CS-BENZ-FT-press_releases-788182,1.0
e084c9777ba88539,2020-02-28T00:00:00Z,news,Investor's Business Daily,"Dow Jones Suffers 3,583-Point Drop In Worst Week Since '08 Crisis On Coronavirus Fears",http://www.investors.com/market-trend/stock-market-today/dow-jones-ends-worst-week-since-2008-coronavirus-crash/?src=A00237A&ven=BenzingaCP&src=AURLAAM,1.0
b33062b2cd93773a,2020-02-28T00:00:00Z,news,Zacks,"The Zacks Analyst Blog Highlights: Microsoft, Electronic Arts, Activision Blizzard, Take-Two Interactive Software and Nintendo",http://www.zacks.com/stock/news/788158/the-zacks-analyst-blog-highlights-microsoft-electronic-arts-activision-blizzard-take-two-interactive-software-and-nintendo?cid=CS-BENZ-FT-press_releases-788158,1.0
5641a7835643df9c,2020-02-28T00:00:00Z,news,TalkMarkets,Utilities Now Larger Than Energy — S&P 500 Sector Weightings,https://talkmarkets.com/content/utilities-now-larger-than-energy--sp-500-sector-weightings?post=252717,1.0
d95f9e7116c9b73c,2020-02-28T00:00:00Z,news,Zacks,"The Zacks Analyst Blog Highlights: Lyft, Pinterest, Domino's Pizza, Netflix and Tencent",http://www.zacks.com/stock/news/788167/the-zacks-analyst-blog-highlights-lyft-pinterest-dominos-pizza-netflix-and-tencent?cid=CS-BENZ-FT-press_releases-788167,1.0
a85f2d0873d2738d,2020-02-28T00:00:00Z,news,Investor's Business Daily,"Coronavirus Stock Market Correction Takes Hold As Dow Jones Suffers Worst Week Loss In Years; Microsoft, Mastercard Warn, Disney CEO Bob Iger Out",http://www.investors.com/market-trend/stock-market-today/coronavirus-stock-market-correction-dow-jones-punges-microsoft-mastercard-warn-disney-ceo-bob-iger-out/?src=A00237A&ven=BenzingaCP&src=AURLAAM,1.0
ec0e7ca08af794bc,2020-02-28T00:00:00Z,news,Investor's Business Daily,"Dow Jones Grilled With 4,310-Point Weekly Loss; Time To Sell These 5 Blue Chip Stocks?",http://www.investors.com/market-trend/stock-market-today/dow-jones-grilled-4310-point-weekly-loss-time-sell-5-blue-chip-stocks/?src=A00237A&ven=BenzingaCP&src=AURLAAM,1.0
6d0bcbef8b0408ff,2020-02-28T00:00:00Z,news,TalkMarkets,Polish GDP Weaker Due To Consumption And Inventories,https://talkmarkets.com/content/polish-gdp-weaker-due-to-consumption-and-inventories?post=252750,1.0
5c6a1da3487ca4ea,2020-02-29T00:00:00Z,news,TalkMarkets,Australian Dollar Eyes RBA And GDP But Coronavirus To Dominate,https://talkmarkets.com/content/australian-dollar-eyes-rba-and-gdp-but-coronavirus-to-dominate?post=252828,1.0
e6a2b0a31a888923,2020-03-01T00:00:00Z,news,TalkMarkets,Apple's Downgrade May Be the Beginning of a Much Larger Downturn,https://talkmarkets.com/content/apples-downgrade-may-be-the-beginning-of-a-much-larger-downturn?post=252944,1.0
19fdb147362e37e1,2020-03-01T00:00:00Z,news,TalkMarkets,Fed's Unscheduled Statement Knocked US Dollar Lower,https://talkmarkets.com/content/feds-unscheduled-statement-knocked-us-dollar-lower?post=252941,1.0
4c4377741e11acf4,2020-03-01T00:00:00Z,news,Investor's Business Daily,"Dow Jones Futures In Focus As U.S., Global Covid-19 Cases Rise; Tesla, Nvidia Hold Support In Coronavirus Stock Market Correction",http://www.investors.com/market-trend/stock-market-today/dow-jones-futures-coronavirus-stock-market-correction-tesla-nvidia-shopify-servicenow/?src=A00237A&ven=BenzingaCP&src=AURLAAM,1.0
968d528c30ab28db,2020-03-02T00:00:00Z,news,TalkMarkets,Market Volatility Remains As OECD Warns Of GDP Slash G7 Officials Plan Meeting,https://talkmarkets.com/content/market-volatility-remains-as-oecd-warns-of-gdp-slash-g7-officials-plan-meeting?post=253038,1.0
359d9f85a25ff51d,2020-03-02T00:00:00Z,news,Investor's Business Daily,"Dow Jones Futures: Apple, Microsoft Lead Strong Market Rally, But It's Still A Coronavirus Stock Market Correction; Watch These Leaders",http://www.investors.com/market-trend/stock-market-today/dow-jones-futures-apple-microsoft-lead-market-rally-still-coronavirus-stock-market-correction/?src=A00237A&ven=BenzingaCP&src=AURLAAM,1.0
9d7007141b76309a,2020-03-02T00:00:00Z,news,Investor's Business Daily,"Dow Jones Higher Amid Stock Market Correction, As Coronavirus Fears Rise; Apple, Twitter, Walmart Jump",http://www.investors.com/market-trend/stock-market-today/dow-jones-gains-coronavirus-stock-market-correction-continues-apple-stock/?src=A00237A&ven=BenzingaCP&src=AURLAAM,1.0
b6b7a316be1afadd,2020-03-02T00:00:00Z,news,TalkMarkets,"Wells Fargo Stops Financing Oil Investments In Arctic, Joins JPMorgan And Goldman Sachs",https://talkmarkets.com/content/wells-fargo-stops-financing-oil-investments-in-arctic-joins-jpmorgan-and-goldman-sachs?post=253092,1.0
64eec273f1e74774,2020-03-02T00:00:00Z,news,Zacks,"The Zacks Analyst Blog Highlights: Microsoft, Tesla, Cisco, PayPal and Alphabet",http://www.zacks.com/stock/news/792422/the-zacks-analyst-blog-highlights-microsoft-tesla-cisco-paypal-and-alphabet?cid=CS-BENZ-FT-press_releases-792422,1.0
f30f02b882a97d28,2020-03-02T00:00:00Z,news,GuruFocus,Mario Gabelli Comments on Walt Disney,http://www.gurufocus.com/news/1062518/mario-gabelli-comments-on-walt-disney,1.0
7bd97f3a76ce3c78,2020-03-02T00:00:00Z,news,Investor's Business Daily,Dow Jones Jumps 600 Points As Stock Market Rebounds Despite Coronavirus Spread,http://www.investors.com/market-trend/stock-market-today/dow-jones-jumps-stock-market-rebounds-despite-coronavirus-spread/?src=A00237A&ven=BenzingaCP&src=AURLAAM,1.0
f321f6bf17488e51,2020-03-02T00:00:00Z,news,Investor's Business Daily,"Dow Jones Today, Futures Rebound: Coronavirus Hits Global Growth; Twitter, Apple, JD.com Climb",http://www.investors.com/market-trend/stock-market-today/dow-jones-today-futures-slide-coronavirus-hits-global-growth-twitter-apple-climb/?src=A00237A&ven=BenzingaCP&src=AURLAAM,1.0
bf5dcba030e13e1a,2020-03-02T00:00:00Z,news,Investor's Business Daily,"Dow Jones Rallies 1,300 Points After Worst Week Since Financial Crisis",http://www.investors.com/market-trend/stock-market-today/dow-jones-rallies-1300-points-after-worst-week-since-financial-crisis/?src=A00237A&ven=BenzingaCP&src=AURLAAM,1.0
566392009805229d,2020-03-02T00:00:00Z,news,Investor's Business Daily,"U.S. Stocks Soar After Brutal Week: Walmart, Apple Lead Dow Jones, Costco Surges Ahead Of Earnings",http://www.investors.com/market-trend/stock-market-today/dow-jones-soars-600-points-walmart-apple-lead-costco-surges-ahead-of-earnings/?src=A00237A&ven=BenzingaCP&src=AURLAAM,1.0
60afb3822d480644,2020-03-02T00:00:00Z,news,TalkMarkets,Gilead's $4.9 Bln Deal Shows Regular Death Goes On,https://talkmarkets.com/content/gileads-49-bln-deal-shows-regular-death-goes-on?post=253080,1.0
518032b33e82de75,2020-03-03T00:00:00Z,news,GuruFocus,The Joint Corp. Secures $7.5 Million Line of Credit with J.P. Morgan Chase Bank,http://www.gurufocus.com/news/1063403/the-joint-corp-secures-75-million-line-of-credit-with-jp-morgan-chase-bank,1.0
b9aa62efe8017a61,2020-03-03T00:00:00Z,news,Investor's Business Daily,"Dow Jones Today, Futures Fall As Coronavirus Stimulus Hopes Fade; Tesla, AMD Rise On Upgrades; Target Q4 Revenues Miss",http://www.investors.com/market-trend/stock-market-today/dow-jones-today-futures-fall-coronavirus-stimulus-hopes-fade-tesla-amd-upgraded-target-q4-revenues-miss/?src=A00237A&ven=BenzingaCP&src=AURLAAM,1.0
f969254f6d1c49e3,2020-03-03T00:00:00Z,news,Zacks,"The Zacks Analyst Blog Highlights: Moderna, Inovio Pharmaceuticals, Co-Diagnostics and Apple",http://www.zacks.com/stock/news/794097/the-zacks-analyst-blog-highlights-moderna-inovio-pharmaceuticals-co-diagnostics-and-apple?cid=CS-BENZ-FT-press_releases-794097,1.0
57abc96c2a1612e1,2020-03-03T00:00:00Z,news,TalkMarkets,S&P 500 Q4 Earnings Recap + 6 Stocks With Low China Exposure To Watch,https://talkmarkets.com/content/sp-500-q4-earnings-recap--6-stocks-with-low-china-exposure-to-watch?post=253153,1.0
2ad29a3d2b1b133f,2020-03-03T00:00:00Z,news,Zacks,Gilead to Buy Immuno-Oncology Company Forty Seven for $4.9B,http://www.zacks.com/stock/news/794407/gilead-to-buy-immuno-oncology-company-forty-seven-for-%2449b?cid=CS-BENZ-FT-analyst_blog|company_news_-_medical_sector-794407,1.0
285b7fe31e9731fb,2020-03-03T00:00:00Z,news,TalkMarkets,Fed's 50bp Rate Cut Aids FX Volatility,https://talkmarkets.com/content/feds-50bp-rate-cut-aids-fx-volatility?post=253271,1.0
94cf0530a3c951aa,2020-03-03T00:00:00Z,news,TalkMarkets,Breaking Down The Fed's Emergency Cut,https://talkmarkets.com/content/breaking-down-the-feds-emergency-cut?post=253330,1.0
23d6d38b29695f68,2020-03-03T00:00:00Z,news,GuruFocus,"Gilead Sciences Inc (GILD) EVP,Corp Affairs & Gen Counsel Brett A Pletcher Sold ...",http://www.gurufocus.com/news/1064678/gilead-sciences-inc-gild-evpcorp-affairs--gen-counsel-brett-a-pletcher-sold-740058-of-shares,1.0
1a769360c514372c,2020-03-03T00:00:00Z,news,Investor's Business Daily,"Desktop Software — Microsoft, Adobe: What's Old Is New As The Market Executes A Shakeout",http://www.investors.com/research/ibd-industry-themes/desktop-software-microsoft-adobe-old-is-new-market-executes-shakeout/?src=A00237A&ven=BenzingaCP&src=AURLAAM,1.0
d3bc4ee1a6eae102,2020-03-03T00:00:00Z,news,Investor's Business Daily,"Dow Jones Futures: After Fed Rate Cut Flops, A Coronavirus Stock Market Correction Survival Guide",http://www.investors.com/market-trend/stock-market-today/dow-jones-futures-fed-rate-cut-flops-coronavirus-stock-market-correction-survival-guide/?src=A00237A&ven=BenzingaCP&src=AURLAAM,1.0
a83f9b0e9098c02b,2020-03-03T00:00:00Z,news,GuruFocus,The Walt Disney Company Announces 2020 Disney Accelerator Program to Advance ...,http://www.gurufocus.com/news/1063995/the-walt-disney-company-announces-2020-disney-accelerator-program-to-advance-opportunities-for-innovative-growthstage-startups,1.0
3b88f1e0cc273129,2020-03-03T00:00:00Z,news,Zacks,Apple to Pay $500 Million Settlement Over Battery Scandal,http://www.zacks.com/stock/news/794361/apple-to-pay-%24500-million-settlement-over-battery-scandal?cid=CS-BENZ-FT-analyst_blog|company_news_tech_sector-794361,1.0
bb02cd694f2642a6,2020-03-03T00:00:00Z,news,Zacks,Bull of the Day: Microsoft (MSFT),http://www.zacks.com/commentary/793237/bull-of-the-day-microsoft-msft?cid=CS-BENZ-FT-bull_of_the_day-793237,1.0
8fa75311de599218,2020-03-03T00:00:00Z,news,Zacks,"Pfizer Plans Coronavirus Therapy, Progresses With Tanezumab BLA",http://www.zacks.com/stock/news/794372/pfizer-plans-coronavirus-therapy-progresses-with-tanezumab-bla?cid=CS-BENZ-FT-analyst_blog|company_news_-_medical_sector-794372,1.0
a4667bc5ebcd18d2,2020-03-03T00:00:00Z,news,Zacks,"Microsoft, Shopify, Charles Schwab, E-Trade and Morgan Stanley highlighted as Zacks Bull and Bear of the Day",http://www.zacks.com/stock/news/794394/microsoft-shopify-charles-schwab-e-trade-and-morgan-stanley-highlighted-as-zacks-bull-and-bear-of-the-day?cid=CS-BENZ-FT-press_releases-794394,1.0
5e579700c263cc4e,2020-03-03T00:00:00Z,news,GuruFocus,net—phone's Cloud Communications Service Now Integrates with Microsoft Teams,http://www.gurufocus.com/news/1064387/net2phones-cloud-communications-service-now-integrates-with-microsoft-teams,1.0
9013c5d60e85bf78,2020-03-03T00:00:00Z,news,TalkMarkets,Global Depression Would Have Happened If The Federal Reserve Had Not Done 'Not-QE',https://talkmarkets.com/content/global-depression-would-have-happened-if-the-federal-reserve-had-not-done-not-qe?post=253255,1.0
e83f3e95817d40ad,2020-03-03T00:00:00Z,news,GuruFocus,Nasdaq February 2020 Volumes,http://www.gurufocus.com/news/1064604/nasdaq-february-2020-volumes,1.0
1a3f03160411e92b,2020-03-04T00:00:00Z,news,Zacks,What Fed's Hasty Rate Cut Means for Housing Amid Corona Scare,http://www.zacks.com/stock/news/796101/what-feds-hasty-rate-cut-means-for-housing-amid-corona-scare?cid=CS-BENZ-FT-analyst_blog|industry_focus-796101,1.0
524979ffdb98376f,2020-03-04T00:00:00Z,news,Investor's Business Daily,"Dow Jones Futures: After Strong Stock Market Rally, What Do You Do? Coronavirus Winner Zoom Leads 5 Earnings Movers Late",http://www.investors.com/market-trend/stock-market-today/dow-jones-futures-coronavirus-stock-market-rally-strong-zoom-video-splunk-earnings/?src=A00237A&ven=BenzingaCP&src=AURLAAM,1.0
87b6ace4b8e15b1c,2020-03-04T00:00:00Z,news,GuruFocus,"Intel Corp (INTC) EVP, GM - Data Platforms Group Navin Shenoy Sold $569,898 of Shares",http://www.gurufocus.com/news/1065565/intel-corp-intc-evp-gm--data-platforms-group-navin-shenoy-sold-569898-of-shares,1.0
73eafbe7285922ec,2020-03-04T00:00:00Z,news,Zacks,Will OPEC Cut Production Deeper to Lift Coronavirus-Hit Oil?,http://www.zacks.com/stock/news/796066/will-opec-cut-production-deeper-to-lift-coronavirus-hit-oil?cid=CS-BENZ-FT-analyst_blog|industry_focus-796066,1.0
63c404d8e2d02517,2020-03-04T00:00:00Z,news,Zacks,Apple Supplier Qorvo (QRVO) Trims Q4 View on Coronavirus Woes,http://www.zacks.com/stock/news/797052/apple-supplier-qorvo-qrvo-trims-q4-view-on-coronavirus-woes?cid=CS-BENZ-FT-analyst_blog|company_news_tech_sector-797052,1.0
6c27eb3c8ce949c2,2020-03-04T00:00:00Z,news,Zacks,Buy 5 Top Rate-Sensitive Stocks Amid Fed's Emergency Rate Cut,http://www.zacks.com/stock/news/796013/buy-5-top-rate-sensitive-stocks-amid-feds-emergency-rate-cut?cid=CS-BENZ-FT-analyst_blog|investment_ideas-796013,1.0
695c21128c5bdc92,2020-03-04T00:00:00Z,news,Zacks,"The Zacks Analyst Blog Highlights: Co-Diagnostics, Regeneron Pharmaceuticals, Netflix, Norwegian Cruise Line and American Airlines",http://www.zacks.com/stock/news/796007/the-zacks-analyst-blog-highlights-co-diagnostics-regeneron-pharmaceuticals-netflix-norwegian-cruise-line-and-american-airlines?cid=CS-BENZ-FT-press_releases-796007,1.0
4ce3bb56672900e1,2020-03-04T00:00:00Z,news,Zacks,6 Top-Ranked S&P 500 Stocks Ride Out the Coronavirus Rout,http://www.zacks.com/stock/news/796322/6-top-ranked-sp-500-stocks-ride-out-the-coronavirus-rout?cid=CS-BENZ-FT-analyst_blog|investment_ideas-796322,1.0
6a3afeabb39331d5,2020-03-04T00:00:00Z,news,Zacks,"Tech Daily: Conferences Cancelled, AMD Is A Buy, Waymo Raises Cash, Apple Concessions, More",http://www.zacks.com/stock/news/797058/tech-daily-conferences-cancelled-amd-is-a-buy-waymo-raises-cash-apple-concessions-more?cid=CS-BENZ-FT-analyst_blog|stock_roundup-797058,1.0
7df4e7ce006782e2,2020-03-04T00:00:00Z,news,Investor's Business Daily,This Dow Jones Stock Is Leading The Biden Surge As Sanders' Hopes Dim,http://www.investors.com/research/ibd-industry-themes/unitedhealth-stock-cvs-stock-get-joe-biden-boost-bernie-sanders-medicare-for-all/?src=A00237A&ven=BenzingaCP&src=AURLAAM,1.0
a80871b2f16b7a20,2020-03-04T00:00:00Z,news,TalkMarkets,Boris Plays Brexit Hardball,https://talkmarkets.com/content/boris-plays-brexit-hardball?post=253295,1.0
cdd5fef10494ea99,2020-03-04T00:00:00Z,news,Zacks,Fed's Emergency Rate Cut a Boon for These 5 Stocks,http://www.zacks.com/stock/news/795789/feds-emergency-rate-cut-a-boon-for-these-5-stocks?cid=CS-BENZ-FT-analyst_blog|investment_ideas-795789,1.0
b0ba0166eef1a7d0,2020-03-04T00:00:00Z,news,Zacks,Are Options Traders Betting on a Big Move in Gilead (GILD) Stock?,http://www.zacks.com/stock/news/796035/are-options-traders-betting-on-a-big-move-in-gilead-gild-stock?cid=CS-BENZ-FT-tale_of_the_tape|options-796035,1.0
3d3ef91b180f703a,2020-03-04T00:00:00Z,news,GuruFocus,J.P. Morgan Releases 2020 Guide to Alternatives,http://www.gurufocus.com/news/1065360/jp-morgan-releases-2020-guide-to-alternatives,1.0
8a1c0c26696c78c7,2020-03-04T00:00:00Z,news,Investor's Business Daily,"Retail, Oil Stocks Eye Busy Day With Earnings, OPEC Meeting: Investing Action Plan",http://www.investors.com/research/investing-action-plan/oil-stocks-retail-stocks-eye-busy-day-earnings-opec-meeting/?src=A00237A&ven=BenzingaCP&src=AURLAAM,1.0
71cda1e47a423226,2020-03-04T00:00:00Z,news,Zacks,Lifetime Brands (LCUT) Reports Next Week: Wall Street Expects Earnings Growth,http://www.zacks.com/stock/news/796687/lifetime-brands-lcut-reports-next-week-wall-street-expects-earnings-growth?cid=CS-BENZ-FT-tale_of_the_tape|yseop_template_9-796687,1.0
3eb3b399a759e957,2020-03-05T00:00:00Z,news,Investor's Business Daily,"Dow Jones Today, Futures Retreat; A $113 Billion Coronavirus Hit To Airlines? Vipshop, Marvell, Ciena Rally",http://www.investors.com/market-trend/stock-market-today/dow-jones-today-futures-retreat-airlines-brace-for-113-billion-coronavirus-hit-vipshop-marvell-ciena-rally/?src=A00237A&ven=BenzingaCP&src=AURLAAM,1.0
51b5f97e8d2ea603,2020-03-05T00:00:00Z,news,Zacks,Goldman Forecasts Waning Demand: Oil ETFs to Lose,http://www.zacks.com/stock/news/798868/goldman-forecasts-waning-demand-oil-etfs-to-lose?cid=CS-BENZ-FT-etf_news_and_commentary-798868,1.0
1a0f648374be12b4,2020-03-05T00:00:00Z,news,Zacks,"The Zacks Analyst Blog Highlights: Broadcom, Coca-Cola, Procter & Gamble, McDonald's and Intel",http://www.zacks.com/stock/news/797893/the-zacks-analyst-blog-highlights-broadcom-coca-cola-procter-gamble-mcdonalds-and-intel?cid=CS-BENZ-FT-press_releases-797893,1.0
9a9e12710d89c27e,2020-03-05T00:00:00Z,news,Zacks,5 Must-Buy S&P 500 Large-Cap Growth Stocks at a Discount,http://www.zacks.com/stock/news/797840/5-must-buy-sp-500-large-cap-growth-stocks-at-a-discount?cid=CS-BENZ-FT-analyst_blog|investment_ideas-797840,1.0
49cd4b2177cb12d5,2020-03-05T00:00:00Z,news,Investor's Business Daily,"U.S. Stocks Slammed, 10-Year Yield Plunges To All-Time Low; Boeing, Disney Take Heat In Dow Jones",http://www.investors.com/market-trend/stock-market-today/dow-jones-plunges-900-points-coronavirus-stock-zoom-video-soars-on-earnings/?src=A00237A&ven=BenzingaCP&src=AURLAAM,1.0
2ddb9a674fc04475,2020-03-05T00:00:00Z,news,GuruFocus,The EPAM Cloud Pipeline Released in the Microsoft Azure Marketplace,http://www.gurufocus.com/news/1066266/the-epam-cloud-pipeline-released-in-the-microsoft-azure-marketplace,1.0
cab44fd27dd6e287,2020-03-05T00:00:00Z,news,GuruFocus,Amdocs and Google Cloud Announce Strategic Partnership to Accelerate Communication Providers' ...,http://www.gurufocus.com/news/1066221/amdocs-and-google-cloud-announce-strategic-partnership-to-accelerate-communication-providers-journeys-to-the-cloud,1.0
3536e6bf0ca8e26d,2020-03-05T00:00:00Z,news,Investor's Business Daily,"Dow Jones Futures: Apple, Tesla, Lead Nine Stocks To Watch In Coronavirus Stock Market Correction",http://www.investors.com/market-trend/stock-market-today/dow-jones-futures-watch-apple-tesla-alibaba-nvidia-coronavirus-stock-market-correction-costco-earnings/?src=A00237A&ven=BenzingaCP&src=AURLAAM,1.0
a3ce011efb64eaa0,2020-03-05T00:00:00Z,news,Zacks,Why Is Disney (DIS) Down 15.7% Since Last Earnings Report?,http://www.zacks.com/stock/news/798448/why-is-disney-dis-down-157-since-last-earnings-report?cid=CS-BENZ-FT-realtime_blog-798448,1.0
1a229ebed846b5eb,2020-03-05T00:00:00Z,news,Investor's Business Daily,Dow Jones Dives To New Session Lows As Coronavirus Fears Sink Stock Market,http://www.investors.com/market-trend/stock-market-today/dow-jones-dives-700-points-coronavirus-fears-sink-stock-market/?src=A00237A&ven=BenzingaCP&src=AURLAAM,1.0
fb3a23ca9264c19e,2020-03-05T00:00:00Z,news,Zacks,Severe Volatility Rattles Wall Street,http://www.zacks.com/stock/news/798273/severe-volatility-rattles-wall-street?cid=CS-BENZ-FT-economic_highlights-798273,1.0
7685553ff5cb2f82,2020-03-05T00:00:00Z,news,Investor's Business Daily,Dow Jones Leads U.S. Stock Losses As Coronavirus Worsens,http://www.investors.com/market-trend/stock-market-today/dow-jones-u-s-stocks-extend-losses-as-coronavirus-worsens/?src=A00237A&ven=BenzingaCP&src=AURLAAM,1.0
68ecebf0fac72420,2020-03-05T00:00:00Z,news,Zacks,Jabil (JBL) to Report Q2 Results: Wall Street Expects Earnings Growth,http://www.zacks.com/stock/news/798595/jabil-jbl-to-report-q2-results-wall-street-expects-earnings-growth?cid=CS-BENZ-FT-tale_of_the_tape|yseop_template_9-798595,1.0
85a812802a82ffbc,2020-03-05T00:00:00Z,news,Zacks,Why Is Gilead (GILD) Up 15.4% Since Last Earnings Report?,http://www.zacks.com/stock/news/798437/why-is-gilead-gild-up-154-since-last-earnings-report?cid=CS-BENZ-FT-realtime_blog-798437,1.0
4b2c93d68078e5de,2020-03-05T00:00:00Z,news,Investor's Business Daily,How To Trade Stocks: Do You Know The Seven Most Important Words On Wall Street?,http://www.investors.com/how-to-invest/investors-corner/how-to-trade-stocks-know-seven-most-important-words-wall-street/?src=A00237A&ven=BenzingaCP&src=AURLAAM,1.0
b37acbbe00b763d8,2020-03-05T00:00:00Z,news,GuruFocus,Applied Materials Receives Intel's Preferred Quality Supplier Award,http://www.gurufocus.com/news/1066067/applied-materials-receives-intels-preferred-quality-supplier-award,1.0
35e343dd8329739e,2020-03-06T00:00:00Z,news,Investor's Business Daily,U.S. Stocks Unfazed By Bullish Job Growth; JPMorgan Tanks In Dow Jones As Bond Yields Plunge Again,http://www.investors.com/market-trend/stock-market-today/dow-jones-slumps-again-despite-bullish-job-gains/?src=A00237A&ven=BenzingaCP&src=AURLAAM,1.0
b90b311e49e2333b,2020-03-06T00:00:00Z,news,Zacks,Nokia Partners Intel for '5G Powered by ReefShark' Portfolio,http://www.zacks.com/stock/news/799960/nokia-partners-intel-for-5g-powered-by-reefshark-portfolio?cid=CS-BENZ-FT-analyst_blog|company_news_tech_sector-799960,1.0
81f2da6bf440ef2f,2020-03-06T00:00:00Z,news,Zacks,"The Zacks Analyst Blog Highlights: Walmart, Pfizer, Charter Communications, Lockheed Martin and CME",http://www.zacks.com/stock/news/799701/the-zacks-analyst-blog-highlights-walmart-pfizer-charter-communications-lockheed-martin-and-cme?cid=CS-BENZ-FT-press_releases-799701,1.0
1f5cd4610d8b2726,2020-03-06T00:00:00Z,news,Zacks,"Macy's, Norwegian Cruise Line, Netflix, Apple and Amazon highlighted as Zacks Bull and Bear of the Day",http://www.zacks.com/stock/news/799954/macys-norwegian-cruise-line-netflix-apple-and-amazon-highlighted-as-zacks-bull-and-bear-of-the-day?cid=CS-BENZ-FT-press_releases-799954,1.0
17d52083d9c8d276,2020-03-06T00:00:00Z,news,Investor's Business Daily,Stocks Near Session Lows In Late Trading; Nasdaq Tests Prior Low,http://www.investors.com/market-trend/stock-market-today/sp-500-today-sinks-nasdaq-tests-key-level/?src=A00237A&ven=BenzingaCP&src=AURLAAM,1.0
c0d697fe4f7f2778,2020-03-06T00:00:00Z,news,GuruFocus,Globus Maritime Limited Announces Receipt of Nasdaq Notice of Deficiency,http://www.gurufocus.com/news/1067001/globus-maritime-limited-announces-receipt-of-nasdaq-notice-of-deficiency,1.0
63ebfaf10b20b99c,2020-03-06T00:00:00Z,news,Investor's Business Daily,"Dow Jones Rebounds After 895-Point Plunge, As Coronavirus Stock Market Correction Intensifies",http://www.investors.com/market-trend/stock-market-today/dow-jones-coronavirus-stock-market-correction-worsens-apple-stock/?src=A00237A&ven=BenzingaCP&src=AURLAAM,1.0
e3fa0f509a3b7950,2020-03-06T00:00:00Z,news,Zacks,AT&T Aims to Harness Edge Capabilities With Google Cloud,http://www.zacks.com/stock/news/799815/att-aims-to-harness-edge-capabilities-with-google-cloud?cid=CS-BENZ-FT-analyst_blog|company_news_tech_sector-799815,1.0
2e85f41c3ec9573f,2020-03-06T00:00:00Z,news,Zacks,"Coronavirus, Big Tech, Tesla & An ETF to Invest in Disruption",http://www.zacks.com/stock/news/800538/coronavirus-big-tech-tesla-an-etf-to-invest-in-disruption?cid=CS-BENZ-FT-etf_spotlight-800538,1.0
d92cecbcbd3ee211,2020-03-06T00:00:00Z,news,Zacks,Nasdaq (NDAQ) Reports Y/Y Increase in Volume for February,http://www.zacks.com/stock/news/799944/nasdaq-ndaq-reports-y-y-increase-in-volume-for-february?cid=CS-BENZ-FT-analyst_blog|company_news_-_finance_sector-799944,1.0
493d8705e105a840,2020-03-06T00:00:00Z,news,Investor's Business Daily,"Dow Jones Dives As Stocks Sell Off Despite Jobs Data; Coronavirus Cases Top 100,000",http://www.investors.com/market-trend/stock-market-today/dow-jones-dives-stocks-sell-off-heightened-coronavirus-fears/?src=A00237A&ven=BenzingaCP&src=AURLAAM,1.0
844161c574239982,2020-03-06T00:00:00Z,news,Zacks,"Top Analyst Reports for Alphabet, Procter & Gamble & Royal Dutch Shell",http://www.zacks.com/research-daily/800112/top-analyst-reports-for-alphabet-procter-gamble-royal-dutch-shell?cid=CS-BENZ-FT-research_daily-800112,1.0
751e113eb4ea08f4,2020-03-08T00:00:00Z,news,Investor's Business Daily,"Dow Jones Futures Plunge, Crude Oil Futures Crash On Rising Covid-19 Cases, OPEC Price War: Coronavirus Stock Market Correction",http://www.investors.com/market-trend/stock-market-today/dow-jones-futures-crude-oil-futures-coronavirus-stock-market-correction/?src=A00237A&ven=BenzingaCP&src=AURLAAM,1.0
ad998ad8b6f1baf6,2020-03-09T00:00:00Z,news,GuruFocus,Nordic American Tankers Ltd. (NYSE: NAT) - A lower/decreasing oil price is good for the tanker ...,http://www.gurufocus.com/news/1068076/nordic-american-tankers-ltd-nyse-nat--a-lowerdecreasing-oil-price-is-good-for-the-tanker-market-,1.0
3cc8773b9053f3e1,2020-03-09T00:00:00Z,news,Zacks,5 Emerging Market ETFs Beating S&P 500 Amid Virus Scare,http://www.zacks.com/stock/news/804741/5-emerging-market-etfs-beating-sp-500-amid-virus-scare?cid=CS-BENZ-FT-etf_news_and_commentary-804741,1.0
dc553b6ad8ff6049,2020-03-09T00:00:00Z,news,Zacks,"Zacks.com featured highlights include: Microsoft, ResMed, Maxim Integrated Products and Signature Bank",http://www.zacks.com/stock/news/804012/zackscom-featured-highlights-include-microsoft-resmed-maxim-integrated-products-and-signature-bank?cid=CS-BENZ-FT-press_releases-804012,1.0
613268f3d1c6d3dc,2020-03-09T00:00:00Z,news,Investor's Business Daily,"Dow Jones Rocked Again As 10-Year Yield, Oil Prices Plunge; AutoZone A Bright Spot",http://www.investors.com/market-trend/stock-market-today/dow-jones-rocked-again-10-year-yield-oil-prices-plunge/?src=A00237A&ven=BenzingaCP&src=AURLAAM,1.0
2b5f0fa52630c48a,2020-03-09T00:00:00Z,news,Investor's Business Daily,"Dow Jones Today, Futures Dive: Oil Prices, Bond Yields Tumble As Coronavirus Impact Broadens",http://www.investors.com/market-trend/stock-market-today/dow-jones-today-futures-dive-oil-prices-bond-yields-tumble-as-coronavirus-impact-broadens/?src=A00237A&ven=BenzingaCP&src=AURLAAM,1.0
1faf542385ad23d0,2020-03-09T00:00:00Z,news,Investor's Business Daily,"Walmart, IBD Stock Of The Day, Hits New High In Key Gauge As Coronavirus Infects Stock Market",http://www.investors.com/research/ibd-stock-of-the-day/walmart-stock-hits-high-key-gauge-coronavirus-infects-stock-market/?src=A00237A&ven=BenzingaCP&src=AURLAAM,1.0
b11aaf0447dc8716,2020-03-09T00:00:00Z,news,TalkMarkets,Brace for More Fear and Panic on Wall Street as Markets Tumble,https://talkmarkets.com/content/brace-for-more-fear-and-panic-on-wall-street-as-markets-tumble?post=254027,1.0
7201a2aaf5bc9507,2020-03-09T00:00:00Z,news,Investor's Business Daily,IBD Live: Dow Jones Plunges 6%: What To Do As Coronavirus Stock Market Correction Hits New Lows,http://www.investors.com/research/dow-jones-plunges-in-coronavirus-stock-market-correction/?src=A00237A&ven=BenzingaCP&src=AURLAAM,1.0
1418f5a4cfb1edcd,2020-03-09T00:00:00Z,news,Investor's Business Daily,Stocks To Watch: Gilead Sciences Sees RS Rating Rise To 93,http://www.investors.com/ibd-data-stories/stocks-to-watch-gilead-sciences-sees-rs-rating-rise-to-93/?src=A00237A&ven=BenzingaCP&src=AURLAAM,1.0
74cd822c23d03e49,2020-03-09T00:00:00Z,news,Zacks,"The Zacks Analyst Blog Highlights: Alphabet, Procter & Gamble, Royal Dutch Shell, Alibaba and Enterprise Products",http://www.zacks.com/stock/news/804024/the-zacks-analyst-blog-highlights-alphabet-procter-gamble-royal-dutch-shell-alibaba-and-enterprise-products?cid=CS-BENZ-FT-press_releases-804024,1.0
5fa292f2d396065c,2020-03-09T00:00:00Z,news,GuruFocus,Nasdaq Acquires Institutional Investment Fintech Firm Solovis,http://www.gurufocus.com/news/1068387/nasdaq-acquires-institutional-investment-fintech-firm-solovis,1.0
8aa1fcc61a039b6a,2020-03-09T00:00:00Z,news,Investor's Business Daily,"Dow Jones Plunges 3,272 Points In 3 Days; These Growth Stocks Show Relative Strength",http://www.investors.com/market-trend/stock-market-today/dow-jones-plunges-3272-points-in-3-days-these-growth-stocks-show-relative-strength/?src=A00237A&ven=BenzingaCP&src=AURLAAM,1.0
e4a99dd9e18ae9f6,2020-03-09T00:00:00Z,news,Investor's Business Daily,"Dow Jones Plunges More Than 2,000 Points In One Day; Crude Oil Prices Plunge",http://www.investors.com/market-trend/stock-market-today/dow-jones-plunges-more-than-2000-points-in-one-day-crude-oil-prices-plunge/?src=A00237A&ven=BenzingaCP&src=AURLAAM,1.0
48462d2a95a9c08c,2020-03-09T00:00:00Z,news,Investor's Business Daily,"Dow Jones Crashes 2,000 Points, As Oil Prices Plunge On Price War; Coronavirus Stock Market Correction Worsens",http://www.investors.com/market-trend/stock-market-today/dow-jones-coronavirus-stock-market-correction-worsens-oil-prices-apple-stock/?src=A00237A&ven=BenzingaCP&src=AURLAAM,1.0
3651cb4580cacf59,2020-03-10T00:00:00Z,news,Investor's Business Daily,Dow Jones Up 600 Points In Whipsaw Trading; Coronavirus Aid Package In The Works?,http://www.investors.com/market-trend/stock-market-today/dow-jones-up-whipsaw-trading-coronavirus-package-in-works/?src=A00237A&ven=BenzingaCP&src=AURLAAM,1.0
24bfa15cdc7c72e5,2020-03-10T00:00:00Z,news,Investor's Business Daily,"Dow Jones Rises Meekly After 2,000-Point Trouncing; Will These 5 Growth Stocks Lead Next Upturn?",http://www.investors.com/market-trend/stock-market-today/dow-jones-rises-meekly-after-2000-point-trouncing-will-these-5-growth-stocks-lead-next-upturn/?src=A00237A&ven=BenzingaCP&src=AURLAAM,1.0
05405e3ecbc0c7c5,2020-03-10T00:00:00Z,news,Investor's Business Daily,"Oil Prices Face 'Unprecedented Double Shock,' Could Cut 15 Basis Points From GDP",http://www.investors.com/research/ibd-industry-themes/oil-prices-face-unprecedented-double-shock-could-cut-15-basis-points-from-gdp/?src=A00237A&ven=BenzingaCP&src=AURLAAM,1.0
8eb2cf551affd600,2020-03-10T00:00:00Z,news,TalkMarkets,Disney Goes Positive After Reopening Shops And Restaurants In Shanghai,https://talkmarkets.com/content/disney-goes-positive-after-reopening-shops-and-restaurants-in-shanghai?post=254106,1.0
34188de20d343af3,2020-03-10T00:00:00Z,news,Zacks,Westport Innovations (WPRT) Reports Next Week: Wall Street Expects Earnings Growth,http://www.zacks.com/stock/news/806398/westport-innovations-wprt-reports-next-week-wall-street-expects-earnings-growth?cid=CS-BENZ-FT-tale_of_the_tape|yseop_template_9-806398,1.0
6f00ad85ded4369c,2020-03-10T00:00:00Z,news,Zacks,Wall Street to Bounce Back After Black Monday: 5 Picks,http://www.zacks.com/stock/news/805738/wall-street-to-bounce-back-after-black-monday-5-picks?cid=CS-BENZ-FT-analyst_blog|investment_ideas-805738,1.0
a1737155c8bb1b93,2020-03-10T00:00:00Z,news,Investor's Business Daily,"Dow Jones Today, Futures Rise As Oil Prices, Stocks Rebound; Cypress Soars On Regulator Approval",http://www.investors.com/market-trend/stock-market-today/dow-jones-today-futures-rise-oil-prices-rebound-cypress-soars-on-regulator-approval/?src=A00237A&ven=BenzingaCP&src=AURLAAM,1.0
a5253d94c4e0b0c3,2020-03-10T00:00:00Z,news,Zacks,JPMorgan (JPM) to Cut 140 Switzerland Jobs to Reduce Costs,http://www.zacks.com/stock/news/805848/jpmorgan-jpm-to-cut-140-switzerland-jobs-to-reduce-costs?cid=CS-BENZ-FT-analyst_blog|company_news_-_finance_sector-805848,1.0
636e8b089bb0b770,2020-03-10T00:00:00Z,news,Zacks,Coronavirus-Affected MedTech Drags S&P 500 Index Down,http://www.zacks.com/stock/news/805985/coronavirus-affected-medtech-drags-sp-500-index-down?cid=CS-BENZ-FT-analyst_blog|industry_focus-805985,1.0
d5cbb18a845ee69a,2020-03-10T00:00:00Z,news,GuruFocus,6 Stocks Outperforming the S&P 500 Index,http://www.gurufocus.com/news/1069365/6-stocks-outperforming-the-sp-500-index,1.0
39edc39c69cb2d7b,2020-03-10T00:00:00Z,news,GuruFocus,"Goodrich Petroleum Corp (GDP) Chairman and CEO Walter G Goodrich Bought $52,61' of Shares",http://www.gurufocus.com/news/1069640/goodrich-petroleum-corp-gdp-chairman-and-ceo-walter-g-goodrich-bought-52613-of-shares,1.0
280edcb90dbb34f4,2020-03-10T00:00:00Z,news,GuruFocus,J.P. Morgan Releases 2020 Guide to Retirement,http://www.gurufocus.com/news/1069299/jp-morgan-releases-2020-guide-to-retirement,1.0
b7fef66cd6b946d5,2020-03-10T00:00:00Z,news,Zacks,"Top Stock Reports for AT&T, Exxon Mobil & Nike",http://www.zacks.com/research-daily/806113/top-stock-reports-for-att-exxon-mobil-nike?cid=CS-BENZ-FT-research_daily-806113,1.0
ceaab82cca92401a,2020-03-10T00:00:00Z,news,TalkMarkets,"Dow Jones & Nasdaq 100 Forecast: Airlines, Banks And Shale At Risk",https://talkmarkets.com/content/dow-jones--nasdaq-100-forecast-airlines-banks-and-shale-at-risk?post=254110,1.0
c26d82d89c2001c8,2020-03-10T00:00:00Z,news,Investor's Business Daily,"Dow Jones Futures Fall After Big Market Rally: Apple, Microsoft, Alibaba, Vertex, Netflix Flash Bullish Signal In Coronavirus Stock Market Correction",http://www.investors.com/market-trend/stock-market-today/dow-jones-futures-apple-stock-microsoft-stock-market-rally-coronavirus-stock-market-correction/?src=A00237A&ven=BenzingaCP&src=AURLAAM,1.0
b8f5896cde225b85,2020-03-10T00:00:00Z,news,Investor's Business Daily,"Dow Jones Gives Up Big Gains Amid Trump Payroll Tax Cut Confusion, As Coronavirus Stock Market Correction Continues",http://www.investors.com/market-trend/stock-market-today/dow-jones-trump-coronavirus-stock-market-correction-continues-apple-stock/?src=A00237A&ven=BenzingaCP&src=AURLAAM,1.0
e788320fc14699c9,2020-03-10T00:00:00Z,news,GuruFocus,Cenovus responds to low oil prices with reduced 2020 capital spending,http://www.gurufocus.com/news/1068884/cenovus-responds-to-low-oil-prices-with-reduced-2020-capital-spending,1.0
fa23d6181bc402d9,2020-03-11T00:00:00Z,news,Investor's Business Daily,Dow Jones In Bear Market After Falling 20% From Peak,http://www.investors.com/market-trend/stock-market-today/bear-market-dow-jones-falls-20-from-peak/?src=A00237A&ven=BenzingaCP&src=AURLAAM,1.0
a2f97f6af81c5c0a,2020-03-11T00:00:00Z,news,Zacks,Wall Street Rises on Trump's Stimulus: ETF & Stock Gainers,http://www.zacks.com/stock/news/807514/wall-street-rises-on-trumps-stimulus-etf-stock-gainers?cid=CS-BENZ-FT-etf_news_and_commentary-807514,1.0
8944f5f570d7d4e5,2020-03-11T00:00:00Z,news,Investor's Business Daily,Is Your Dividend Safe From Coronavirus? Consider These S&P 500 Dividend Stocks,http://www.investors.com/etfs-and-funds/sectors/sp500-are-your-dividend-stocks-safe-coronavirus/?src=A00237A&ven=BenzingaCP&src=AURLAAM,1.0
61ece94721c20c29,2020-03-11T00:00:00Z,news,Investor's Business Daily,"Netflix, IBD Stock Of The Day, Outperforms During Market Rout",http://www.investors.com/research/ibd-stock-of-the-day/nflx-stock-outperforms-during-market-rout/?src=A00237A&ven=BenzingaCP&src=AURLAAM,1.0
1053003ad8a09d9e,2020-03-11T00:00:00Z,news,Zacks,Goldman Pulls the Plug on Bull Market,http://www.zacks.com/stock/news/808380/goldman-pulls-the-plug-on-bull-market?cid=CS-BENZ-FT-video_blog-808380,1.0
f792046e6f3c82c5,2020-03-11T00:00:00Z,news,GuruFocus,Nasdaq Scheduled Resumption in Borqs Technologies Inc.,http://www.gurufocus.com/news/1070698/nasdaq-scheduled-resumption-in-borqs-technologies-inc,1.0
f1fa91add456b853,2020-03-11T00:00:00Z,news,Zacks,Shorting the S&P 500 with ETFs: What You Should Know,http://www.zacks.com/stock/news/808325/shorting-the-sp-500-with-etfs-what-you-should-know?cid=CS-BENZ-FT-etf_news_and_commentary-808325,1.0
75385e8836845ecb,2020-03-11T00:00:00Z,news,Investor's Business Daily,"Dow Jones Slammed 1,151 Points On Coronavirus Fears; Will ""Stay At Home"" Stocks Win Big In 2020?",http://www.investors.com/market-trend/stock-market-today/dow-jones-slammed-1151-points-on-coronavirus-fears-will-stay-at-home-stocks-win-big-in-2020/?src=A00237A&ven=BenzingaCP&src=AURLAAM,1.0
2f1ef2600397f332,2020-03-11T00:00:00Z,news,Investor's Business Daily,"Dow Jones Futures: Coronavirus Stock Market Correction Is A Bear; Apple, Tesla, AMD Show Strength",http://www.investors.com/market-trend/stock-market-today/dow-jones-futures-coronavirus-stock-market-correction-is-bear-market-apple-tesla-show-strength/?src=A00237A&ven=BenzingaCP&src=AURLAAM,1.0
083fc47ba3d53136,2020-03-11T00:00:00Z,news,Zacks,Gilead (GILD) Announces Positive Long-Term Results on Descovy,http://www.zacks.com/stock/news/808418/gilead-gild-announces-positive-long-term-results-on-descovy?cid=CS-BENZ-FT-analyst_blog|company_news_-_medical_sector-808418,1.0
4df6e7cc0e99b43b,2020-03-11T00:00:00Z,news,Investor's Business Daily,"Dow Jones Today, Futures Retreat: Cruise Lines, Airlines, Oil Prices Under Pressure; Gilead Sciences, Regeneron Rise",http://www.investors.com/market-trend/stock-market-today/dow-jones-today-futures-retreat-airlines-oil-prices-under-pressure-gilead-sciences-regeneron-rise/?src=A00237A&ven=BenzingaCP&src=AURLAAM,1.0
c9465fc227eb3d09,2020-03-11T00:00:00Z,news,Zacks,"Top Analyst Reports for Amazon, IBM & Biogen",http://www.zacks.com/research-daily/807693/top-analyst-reports-for-amazon-ibm-biogen?cid=CS-BENZ-FT-research_daily-807693,1.0
c90323f7a4cabd70,2020-03-11T00:00:00Z,news,Investor's Business Daily,Wall Street Vs. Coronavirus: How To Prep For Post-Panic Rebound,http://www.investors.com/research/how-to-find-the-best-stocks-to-buy/stocks-to-watch-coronavirus-stock-market-panic-netflix-edu-stock-volatility/?src=A00237A&ven=BenzingaCP&src=AURLAAM,1.0
db58a14b392ff99f,2020-03-11T00:00:00Z,news,Zacks,"The Zacks Analyst Blog Highlights: ExxonMobil, Chevron, Royal Dutch Shell, Phillips 66 Partners and BP Midstream Partners",http://www.zacks.com/stock/news/807646/the-zacks-analyst-blog-highlights-exxonmobil-chevron-royal-dutch-shell-phillips-66-partners-and-bp-midstream-partners?cid=CS-BENZ-FT-press_releases-807646,1.0
331aa5f6a186bc56,2020-03-11T00:00:00Z,news,TalkMarkets,ECB Could Double Down on TLTROs to Combat Coronavirus Market Meltdown,https://talkmarkets.com/content/ecb-could-double-down-on-tltros-to-combat-coronavirus-market-meltdown?post=254165,1.0
da2a661e0aecc4fd,2020-03-11T00:00:00Z,news,Zacks,"The Zacks Analyst Blog Highlights: AT&T, Exxon Mobil, Nike, Boeing and Cognizant Technology Solutions",http://www.zacks.com/stock/news/807632/the-zacks-analyst-blog-highlights-att-exxon-mobil-nike-boeing-and-cognizant-technology-solutions?cid=CS-BENZ-FT-press_releases-807632,1.0
5f1b451c5cb36645,2020-03-12T00:00:00Z,news,Zacks,Buy 3 Defense Stocks Amid Coronavirus-Led Boeing Debacle,http://www.zacks.com/stock/news/809690/buy-3-defense-stocks-amid-coronavirus-led-boeing-debacle?cid=CS-BENZ-FT-analyst_blog|investment_ideas-809690,1.0
a4a713c8f4ecb43a,2020-03-12T00:00:00Z,news,Investor's Business Daily,"Dow Jones Dives Deeper Into Bear Market After Trump Coronavirus Response, Fed Stimulus",http://www.investors.com/market-trend/stock-market-today/dow-jones-dives-10-percent-coronavirus-stock-rout-trump-travel-ban/?src=A00237A&ven=BenzingaCP&src=AURLAAM,1.0
bfe023e977d15b53,2020-03-12T00:00:00Z,news,Investor's Business Daily,Stocks To Watch: Gilead Sciences Sees Relative Strength Rating Rise To 92,http://www.investors.com/ibd-data-stories/stocks-to-watch-gilead-sciences-sees-relative-strength-rating-rise-to-92/?src=A00237A&ven=BenzingaCP&src=AURLAAM,1.0
9dc700fae5246a73,2020-03-12T00:00:00Z,news,Zacks,"Top Research Reports for Alibaba, Roche & Intel",http://www.zacks.com/research-daily/809720/top-research-reports-for-alibaba-roche-intel?cid=CS-BENZ-FT-research_daily-809720,1.0
24b276ba40d07a2b,2020-03-12T00:00:00Z,news,Zacks,"Rubicon, Rogers, Lam Research, Applied Materials and Intel as Zacks Bull and Bear of the Day",http://www.zacks.com/stock/news/809688/rubicon-rogers-lam-research-applied-materials-and-intel-as-zacks-bull-and-bear-of-the-day?cid=CS-BENZ-FT-press_releases-809688,1.0
d0ea60d9ab82375e,2020-03-12T00:00:00Z,news,Zacks,Netflix Introduces Mobile-Only Monthly Plan in Philippines,http://www.zacks.com/stock/news/810157/netflix-introduces-mobile-only-monthly-plan-in-philippines?cid=CS-BENZ-FT-analyst_blog|company_news_tech_sector-810157,1.0
1679f17dc3190355,2020-03-12T00:00:00Z,news,Zacks,Netflix (NFLX) Counts on Content in Coronavirus-Hit Bear Market,http://www.zacks.com/stock/news/809699/netflix-nflx-counts-on-content-in-coronavirus-hit-bear-market?cid=CS-BENZ-FT-analyst_blog|investment_ideas-809699,1.0
a52d838f7959640f,2020-03-12T00:00:00Z,news,Zacks,"Zacks Market Edge Highlights: Starbucks, Chipotle, Lululemon, Disney and JPMorgan",http://www.zacks.com/stock/news/809679/zacks-market-edge-highlights-starbucks-chipotle-lululemon-disney-and-jpmorgan?cid=CS-BENZ-FT-press_releases-809679,1.0
ec5c6adb54cbade8,2020-03-12T00:00:00Z,news,Zacks,Disney (DIS) Rolls Out Disney+ Content on Hotstar In India,http://www.zacks.com/stock/news/809511/disney-dis-rolls-out-disney%2B-content-on-hotstar-in-india?cid=CS-BENZ-FT-analyst_blog|company_news_-_corporate_actions-809511,1.0
73745bfe4a3d1ba9,2020-03-12T00:00:00Z,news,Investor's Business Daily,"Dow Jones Futures, These Titans Fall After Coronavirus Bear Market Has Worst Day Since 1987; Disneyland Closes",http://www.investors.com/market-trend/stock-market-today/dow-jones-futures-apple-boeing-tesla-amd-amazon-fall-coronavirus-bear-market-1987-crash/?src=A00237A&ven=BenzingaCP&src=AURLAAM,1.0
a8b95a5f80d6457b,2020-03-12T00:00:00Z,news,Investor's Business Daily,"Dow Jones Today, Bear Market Worsens On Trump Response To Coronavirus Pandemic; Boeing Shares Collapse",http://www.investors.com/market-trend/stock-market-today/dow-jones-today-bear-market-worsens-on-trump-coronavirus-pandemic-boeing-shares-collapse/?src=A00237A&ven=BenzingaCP&src=AURLAAM,1.0
ddf57a0a45f24fe0,2020-03-12T00:00:00Z,news,Zacks,Apple Closes All Italy Stores Due to Coronavirus Pandemic,http://www.zacks.com/stock/news/809537/apple-closes-all-italy-stores-due-to-coronavirus-pandemic?cid=CS-BENZ-FT-analyst_blog|company_news_tech_sector-809537,1.0
da9130aeaa6487cc,2020-03-12T00:00:00Z,news,Investor's Business Daily,Dow Jones Pares Losses After Federal Reserve Announces Stimulus Measures,http://www.investors.com/market-trend/stock-market-today/dow-jones-pares-losses-after-federal-reserve-announces-stimulus-measures/?src=A00237A&ven=BenzingaCP&src=AURLAAM,1.0
21b65a91182f4d3a,2020-03-12T00:00:00Z,news,TalkMarkets,Stock Market Crash Sees Dow Jones Components Trade Places,https://talkmarkets.com/content/stock-market-crash-sees-dow-jones-components-trade-places?post=254471,1.0
e29c3370ca643a50,2020-03-12T00:00:00Z,news,GuruFocus,J.P. Morgan Asset Management Hires New U.S. Head of Global Tactical Asset Allocation,http://www.gurufocus.com/news/1072127/jp-morgan-asset-management-hires-new-us-head-of-global-tactical-asset-allocation,1.0
c140b5bb01ff3808,2020-03-12T00:00:00Z,news,TalkMarkets,"Boeing Shares See Worst Single-Day Drop Since 1974 As Company Empties $13.8B Credit Line, Seeks To Preserve Cash",https://talkmarkets.com/content/boeing-shares-see-worst-single-day-drop-since-1974-as-company-empties-138b-credit-line-seeks-to-preserve-cash?post=254333,1.0
02cf9546775b9baf,2020-03-13T00:00:00Z,news,Zacks,Apple Reopens China Stores After Weeks of Coronavirus-Led Closure,http://www.zacks.com/stock/news/811315/apple-reopens-china-stores-after-weeks-of-coronavirus-led-closure?cid=CS-BENZ-FT-analyst_blog|company_news_tech_sector-811315,1.0
a13a0389ceaadcf2,2020-03-13T00:00:00Z,news,Zacks,"The Zacks Analyst Blog Highlights: Cenovus, Matador, Valero, Phillips 66 and Exxon Mobil",http://www.zacks.com/stock/news/812087/the-zacks-analyst-blog-highlights-cenovus-matador-valero-phillips-66-and-exxon-mobil?cid=CS-BENZ-FT-press_releases-812087,1.0
b40cb6abf8fe3285,2020-03-13T00:00:00Z,news,TalkMarkets,"Peloton Shares Will Sink 80% With Apple Entering Space, Says Citron Research",https://talkmarkets.com/content/peloton-shares-will-sink-80-with-apple-entering-space-says-citron-research?post=254567,1.0
bf8f54c9c6b6f36e,2020-03-13T00:00:00Z,news,Investor's Business Daily,Dow Jones Up 900 Points As Stock Market Attempts Rebound; Coronavirus Deal Soon?,http://www.investors.com/market-trend/stock-market-today/dow-jones-up-900-points-stock-market-attempts-rebound-coronavirus-deal-soon/?src=A00237A&ven=BenzingaCP&src=AURLAAM,1.0
512da8946ab6fe45,2020-03-13T00:00:00Z,news,Investor's Business Daily,Netflix One Of 3 Top Stocks Poised To Benefit As Coronavirus Infects The Market,http://www.investors.com/stock-lists/ibd-50/coronavirus-stocks-netflix-top-names-may-get-covid-19-boost/?src=A00237A&ven=BenzingaCP&src=AURLAAM,1.0
ba65c6c674196016,2020-03-13T00:00:00Z,news,Zacks,Disney (DIS) Shuts Theme Parks as Coronavirus Threat Looms,http://www.zacks.com/stock/news/811542/disney-dis-shuts-theme-parks-as-coronavirus-threat-looms?cid=CS-BENZ-FT-analyst_blog|company_news_-_corporate_actions-811542,1.0
d39dca8a08d85165,2020-03-13T00:00:00Z,news,Investor's Business Daily,"Dow Jones Today, Futures Take A Bear Market Bounce; Coronavirus News Mixed; Oracle, Adobe Jump On Earnings",http://www.investors.com/market-trend/stock-market-today/dow-jones-today-futures-a-bear-market-bounce-coronavirus-news-mixed-oracle-adobe-jump-on-earnings/?src=A00237A&ven=BenzingaCP&src=AURLAAM,1.0
520df07f67d7d1da,2020-03-13T00:00:00Z,news,Investor's Business Daily,"Tesla, Car Stocks Take Coronavirus Hits As Auto Industry Accelerates Shift To Electric",http://www.investors.com/research/industry-snapshot/car-companies-eye-profitable-tesla-china-china-coronavirus/?src=A00237A&ven=BenzingaCP&src=AURLAAM,1.0
ffd74c6467474913,2020-03-13T00:00:00Z,news,GuruFocus,VirnetX Receives Payment in Apple Suit,http://www.gurufocus.com/news/1072997/virnetx-receives-payment-in-apple-suit,1.0
ee1d5c9938cbe46d,2020-03-14T00:00:00Z,news,GuruFocus,Genetic Technologies Limited Announces Receipt of Delisting Notification Letter from Nasdaq,http://www.gurufocus.com/news/1073333/genetic-technologies-limited-announces-receipt-of-delisting-notification-letter-from-nasdaq,1.0
9e9d4879ca850f44,2020-03-15T00:00:00Z,news,TalkMarkets,The Federal Reserve's Bazooka Can't Save the Market or the Economy,https://talkmarkets.com/content/the-federal-reserves-bazooka-cant-save-the-market-or-the-economy?post=254678,1.0
9dd8862f988c0fac,2020-03-15T00:00:00Z,news,Investor's Business Daily,"Dow Jones Futures: Fed Cuts Rates To 0%, Plans $700 Billion In QE As Covid-19 Cases Soar Amid Coronavirus Bear Market",http://www.investors.com/market-trend/stock-market-today/dow-jones-futures-fed-cuts-rates-starts-qe-covid-19-coronavirus-bear-market-apple-microsoft-tesla/?src=A00237A&ven=BenzingaCP&src=AURLAAM,1.0
42533783f0b0b319,2020-03-16T00:00:00Z,news,Investor's Business Daily,"Dow Jones Slumps 2,792 Points To New Low; These Growth Stocks Buck Bear Market Drop",http://www.investors.com/market-trend/stock-market-today/dow-jones-slumps-2792-points-to-new-low-growth-stocks-buck-bear-market-drop/?src=A00237A&ven=BenzingaCP&src=AURLAAM,1.0
96ec8efc4e35a465,2020-03-16T00:00:00Z,news,Zacks,Amazon's (AMZN) Strong Delivery Measures to Address Hurdles,http://www.zacks.com/stock/news/816732/amazons-amzn-strong-delivery-measures-to-address-hurdles?cid=CS-BENZ-FT-analyst_blog|company_news_-_corporate_actions-816732,1.0
cf2d696bcc37d7cf,2020-03-16T00:00:00Z,news,TalkMarkets,Disney Business Risks Getting Frozen,https://talkmarkets.com/content/disney-business-risks-getting-frozen?post=254898,1.0
d5b159a67733a0c5,2020-03-16T00:00:00Z,news,Zacks,Netflix Likely to be Hit by Bandwidth Allocation in France,http://www.zacks.com/stock/news/817431/netflix-likely-to-be-hit-by-bandwidth-allocation-in-france?cid=CS-BENZ-FT-analyst_blog|company_news_tech_sector-817431,1.0
480e590705cb796d,2020-03-16T00:00:00Z,news,Investor's Business Daily,Dow Jones Futures: Coronavirus Stock Market Crash Accelerates As San Francisco Goes On Lockdown; Tesla Fremont Plant To Close? Amazon Hiring,http://www.investors.com/market-trend/stock-market-today/dow-jones-futures-coronavirus-stock-market-crash-san-francisco-lockdown-tesla-fremont-plant-close-amazon-hiring/?src=A00237A&ven=BenzingaCP&src=AURLAAM,1.0
f85b63dc32c5b4ad,2020-03-16T00:00:00Z,news,Zacks,"Top Analyst Reports for JPMorgan, Mastercard & Qualcomm",http://www.zacks.com/research-daily/816815/top-analyst-reports-for-jpmorgan-mastercard-qualcomm?cid=CS-BENZ-FT-research_daily-816815,1.0
f3d393e2e648dc54,2020-03-16T00:00:00Z,news,GuruFocus,"The Walt Disney Company Will Make ""Frozen —"" Available on Disney+ Three Months Early, ...",http://www.gurufocus.com/news/1074409/the-walt-disney-company-will-make-frozen-2-available-on-disney-three-months-early-beginning-sunday-march-15,1.0
88ea82b26a5983ba,2020-03-16T00:00:00Z,news,Zacks,Bulls Chasing Treasuries: Play With Leveraged ETFs,http://www.zacks.com/stock/news/817031/bulls-chasing-treasuries-play-with-leveraged-etfs?cid=CS-BENZ-FT-etf_news_and_commentary-817031,1.0
e21102200566d0b3,2020-03-16T00:00:00Z,news,Zacks,5 Stocks to Win Big From Fed's Rate Cut to 0%,http://www.zacks.com/stock/news/816288/5-stocks-to-win-big-from-feds-rate-cut-to-0?cid=CS-BENZ-FT-analyst_blog|investment_ideas-816288,1.0
609a08d4f4996d9a,2020-03-16T00:00:00Z,news,Investor's Business Daily,"Dow Jones Plunges Further As Fed Rate Cut Fails To Boost Confidence, Coronavirus Cases Rise",http://www.investors.com/market-trend/stock-market-today/dow-jones-plunges-further-fed-rate-cut-fails-boost-confidence-coronavirus-cases-rise/?src=A00237A&ven=BenzingaCP&src=AURLAAM,1.0
931f885355606a49,2020-03-16T00:00:00Z,news,GuruFocus,5 Nasdaq Stocks for the Moment You're Ready to Buy,http://www.gurufocus.com/news/1074639/5-nasdaq-stocks-for-the-moment-youre-ready-to-buy-,1.0
c7ab02bfcbe7a343,2020-03-16T00:00:00Z,news,Investor's Business Daily,"Dow Jones Pares 2,700 Point Drop; Coronavirus Spread Fuels More Buying In Kroger, Clorox, Zoom Video",http://www.investors.com/market-trend/stock-market-today/dow-jones-pares-2700-point-drop-kroger-stock-clorox-stock-zoom-video-stock/?src=A00237A&ven=BenzingaCP&src=AURLAAM,1.0
f958ef73729d733b,2020-03-16T00:00:00Z,news,GuruFocus,David P. Goldman Recommends Chinese Tech Stocks,http://www.gurufocus.com/news/1074307/david-p-goldman-recommends-chinese-tech-stocks,1.0
323ee32252753711,2020-03-16T00:00:00Z,news,GuruFocus,JPMorgan Chase Declares Preferred Stock Dividends,http://www.gurufocus.com/news/1074380/jpmorgan-chase-declares-preferred-stock-dividends,1.0
756bf83c421fe93f,2020-03-16T00:00:00Z,news,Investor's Business Daily,"Dow Jones Today, Futures Peg Limit Down; Casinos Dive As Las Vegas Prepares To Turn Out The Lights",http://www.investors.com/market-trend/stock-market-today/dow-jones-today-futures-limit-down-casinos-las-vegas-lights-out/?src=A00237A&ven=BenzingaCP&src=AURLAAM,1.0
2d4e4fa8407d8f09,2020-03-16T00:00:00Z,news,TalkMarkets,3 Leveraged ETFs For The Fed's Move To Near Zero,https://talkmarkets.com/content/3-leveraged-etfs-for-the-feds-move-to-near-zero?post=254817,1.0
cfae597c36ad981d,2020-03-16T00:00:00Z,news,TalkMarkets,For The First Time In Decades – Fed's QE Jitters Investors,https://talkmarkets.com/content/for-the-first-time-in-decades--feds-qe-jitters-investors?post=254754,1.0
42ab3eaa2287810d,2020-03-16T00:00:00Z,news,Zacks,Gilead Up as Remdesivir Shows Promise in Treating Coronavirus,http://www.zacks.com/stock/news/817425/gilead-up-as-remdesivir-shows-promise-in-treating-coronavirus?cid=CS-BENZ-FT-analyst_blog|price_surge_/_plunge-817425,1.0
2fc89cfd3e92cf37,2020-03-16T00:00:00Z,news,GuruFocus,AerCap Signs Lease Agreement with euroAtlantic Airways for — Boeing 787-8 Aircraft,http://www.gurufocus.com/news/1074533/aercap-signs-lease-agreement-with-euroatlantic-airways-for-2-boeing-7878-aircraft,1.0
eed3cf2ee2f74fe1,2020-03-16T00:00:00Z,news,GuruFocus,JPMorgan Chase on Use of Discount Window,http://www.gurufocus.com/news/1075597/jpmorgan-chase-on-use-of-discount-window,1.0
128a06a40a2188e2,2020-03-16T00:00:00Z,news,GuruFocus,JPMorgan Chase on Supporting Customers and Clients,http://www.gurufocus.com/news/1074379/jpmorgan-chase-on-supporting-customers-and-clients,1.0
4561bfd3b76d3846,2020-03-17T00:00:00Z,news,Zacks,"The Zacks Analyst Blog Highlights: JPMorgan Chase, Mastercard, Qualcomm, Petrobras and Walgreens Boots Alliance",http://www.zacks.com/stock/news/818390/the-zacks-analyst-blog-highlights-jpmorgan-chase-mastercard-qualcomm-petrobras-and-walgreens-boots-alliance?cid=CS-BENZ-FT-press_releases-818390,1.0
5d6fd00d1a54dc96,2020-03-17T00:00:00Z,news,TalkMarkets,The Dow Jones – How Bad Is It?,https://talkmarkets.com/content/the-dow-jones--how-bad-is-it?post=255029,1.0
d9ac88bfaced58cc,2020-03-17T00:00:00Z,news,Zacks,Nasdaq to Close Its Trading Floor Amid Coronavirus Outbreak,http://www.zacks.com/stock/news/818406/nasdaq-to-close-its-trading-floor-amid-coronavirus-outbreak?cid=CS-BENZ-FT-analyst_blog|company_news_-_finance_sector-818406,1.0
ac77c8290b8c6a2c,2020-03-17T00:00:00Z,news,Investor's Business Daily,"Dow Jones Recoups 1,049 Points As Trump Weighs $1 Tril In Coronavirus Stimulus",http://www.investors.com/market-trend/stock-market-today/dow-jones-recoups-1049-points-trump-weighs-1-trillion-dollar-coronavirus-aid/?src=A00237A&ven=BenzingaCP&src=AURLAAM,1.0
2abb77cb4cd69862,2020-03-17T00:00:00Z,news,Zacks,ETFs to Mark as Fed's Rate Cut Fails to Cheer Wall Street,http://www.zacks.com/stock/news/819473/etfs-to-mark-as-feds-rate-cut-fails-to-cheer-wall-street?cid=CS-BENZ-FT-etf_news_and_commentary-819473,1.0
2b8605e95c0aecef,2020-03-17T00:00:00Z,news,Investor's Business Daily,"Dow Jones Jumps 1,000 Points On Coronavirus Stimulus Plan; 2 Biotech Stocks On The Move",http://www.investors.com/market-trend/stock-market-today/dow-jones-jumps-1000-points-intraday-wall-street-cheers-coronavirus-stimulus-plan/?src=A00237A&ven=BenzingaCP&src=AURLAAM,1.0
3aa1f7e4a3971813,2020-03-17T00:00:00Z,news,Investor's Business Daily,"Dow Jones Futures Fall After New Rally Attempt In Coronavirus Stock Market Correction; Key Stocks To Watch Are Amazon, Apple",http://www.investors.com/market-trend/stock-market-today/dow-jones-futures-new-rally-attempt-coronavirus-stock-market-correction-amazon-stock/?src=A00237A&ven=BenzingaCP&src=AURLAAM,1.0
382eef8eef37be68,2020-03-17T00:00:00Z,news,Zacks,"The Zacks Analyst Blog Highlights: Dropbox, Zoom Video Communications, DocuSign, Amazon.com and RingCentral",http://www.zacks.com/stock/news/818393/the-zacks-analyst-blog-highlights-dropbox-zoom-video-communications-docusign-amazoncom-and-ringcentral?cid=CS-BENZ-FT-press_releases-818393,1.0
d9a20b0f72504322,2020-03-17T00:00:00Z,news,Investor's Business Daily,"Dow Jones Volatile, As Coronavirus Stock Market Correction Continues; Amazon, McDonald's, Regeneron In Focus",http://www.investors.com/market-trend/stock-market-today/dow-jones-reverses-coronavirus-stock-market-crash-mcdonalds-stock-coronavirus-news/?src=A00237A&ven=BenzingaCP&src=AURLAAM,1.0
291adfbcb32697fb,2020-03-17T00:00:00Z,news,Investor's Business Daily,"Dow Jones Today, Futures Bounce; Coronavirus News In Focus: Moderna, Regeneron, Co-Diagnostics Spike",http://www.investors.com/market-trend/stock-market-today/dow-jones-today-futures-bounce-coronavirus-news-in-focus-moderna-regeneron-co-diagnostics-spike/?src=A00237A&ven=BenzingaCP&src=AURLAAM,1.0
2d43d460bdd76747,2020-03-18T00:00:00Z,news,Zacks,Buy Microsoft (MSFT) Stock as a Safe Haven to Combat Coronavirus Volatility?,http://www.zacks.com/stock/news/821423/buy-microsoft-msft-stock-as-a-safe-haven-to-combat-coronavirus-volatility?cid=CS-BENZ-FT-video_blog-821423,1.0
1136eac39ee9e47e,2020-03-18T00:00:00Z,news,Zacks,5 Surprising ETF Winners Amid Stimulus-Fed Wall Street Rally,http://www.zacks.com/stock/news/820313/5-surprising-etf-winners-amid-stimulus-fed-wall-street-rally?cid=CS-BENZ-FT-etf_news_and_commentary-820313,1.0
cc1cc7b765f7fc95,2020-03-18T00:00:00Z,news,Investor's Business Daily,"Dow Jones Plunges 1,300 Points As Global Coronavirus Cases Top 200,000; Trump Closes Canada Border, As Boeing, Tesla Dive",http://www.investors.com/market-trend/stock-market-today/dow-jones-plunges-coronavirus-stock-market-correction-trump-boeing-stock-dives/?src=A00237A&ven=BenzingaCP&src=AURLAAM,1.0
bbe8b508d4f7d934,2020-03-18T00:00:00Z,news,Investor's Business Daily,"Stocks Remain Lower, But Dow Stock Walmart Climbs To New Highs",http://www.investors.com/market-trend/stock-market-today/walmart-stock-new-high-stock-market-flounders/?src=A00237A&ven=BenzingaCP&src=AURLAAM,1.0
2010a61b612c628b,2020-03-18T00:00:00Z,news,Investor's Business Daily,"Dow Falls 5,800 Points In March, Boeing Crashes 64%; Trump Plan Fails To Stanch Selling",http://www.investors.com/market-trend/stock-market-today/dow-jones-mauled-5800-points-since-march-boeing-crashes-trump-plan/?src=A00237A&ven=BenzingaCP&src=AURLAAM,1.0
55128993f489b25c,2020-03-18T00:00:00Z,news,Investor's Business Daily,Dow Jones Plummets Amid Stock Market Crash; U.S. Auto Manufacturers Close,http://www.investors.com/market-trend/stock-market-today/dow-jones-plummets-amid-stock-market-crash-u-s-auto-manufacturers-close/?src=A00237A&ven=BenzingaCP&src=AURLAAM,1.0
e0528e629748b39a,2020-03-18T00:00:00Z,news,Zacks,"Pfizer, Regeneron Give Update on Coronavirus Drug Development",http://www.zacks.com/stock/news/820726/pfizer-regeneron-give-update-on-coronavirus-drug-development?cid=CS-BENZ-FT-analyst_blog|industry_focus-820726,1.0
288c94bcb40532b4,2020-03-18T00:00:00Z,news,TalkMarkets,Wall Street Has $1.4 Trln Chance To Amend For 2008,https://talkmarkets.com/content/wall-street-has-14-trln-chance-to-amend-for-2008?post=255144,1.0
5c54b4f85105640b,2020-03-18T00:00:00Z,news,Zacks,Is the Options Market Predicting a Spike in JPMorgan (JPM) Stock?,http://www.zacks.com/stock/news/820574/is-the-options-market-predicting-a-spike-in-jpmorgan-jpm-stock?cid=CS-BENZ-FT-tale_of_the_tape|options-820574,1.0
2be43f7b477703a8,2020-03-18T00:00:00Z,news,Investor's Business Daily,Nasdaq Meets 80-Plus Relative Strength Rating Benchmark,http://www.investors.com/ibd-data-stories/nasdaq-meets-80-plus-relative-strength-rating-benchmark/?src=A00237A&ven=BenzingaCP&src=AURLAAM,1.0
415d78641663b636,2020-03-18T00:00:00Z,news,GuruFocus,David Einhorn Might Lose More Money on Netflix,http://www.gurufocus.com/news/1078118/david-einhorn-might-lose-more-money-on-netflix,1.0
5d7d813c66d9a2ac,2020-03-19T00:00:00Z,news,Zacks,Amazon Whole Foods Arranges Special Hours for Senior Citizens,http://www.zacks.com/stock/news/822979/amazon-whole-foods-arranges-special-hours-for-senior-citizens?cid=CS-BENZ-FT-analyst_blog|company_news_-_corporate_actions-822979,1.0
cd9eb9261ecf442e,2020-03-19T00:00:00Z,news,Investor's Business Daily,Dow Jones Futures Fall: Can Coronavirus Stock Market Rally Count To Two? Tesla Fremont Plant To Close; Boeing's Bailout Blues,http://www.investors.com/market-trend/stock-market-today/dow-jones-futures-coronavirus-stock-market-rally-tesla-fremont-plant-boeing-amid-amazon/?src=A00237A&ven=BenzingaCP&src=AURLAAM,1.0
2ca6695dbc950303,2020-03-19T00:00:00Z,news,Zacks,ETFs to Gain on ECB's Coronavirus Emergency Stimulus Rollout,http://www.zacks.com/stock/news/822676/etfs-to-gain-on-ecbs-coronavirus-emergency-stimulus-rollout?cid=CS-BENZ-FT-etf_news_and_commentary-822676,1.0
49262022214feddf,2020-03-19T00:00:00Z,news,Zacks,JPMorgan to Shut Branches on Virus Concern: Others to Follow?,http://www.zacks.com/stock/news/823170/jpmorgan-to-shut-branches-on-virus-concern-others-to-follow?cid=CS-BENZ-FT-analyst_blog|industry_focus-823170,1.0
56fbe47a030db841,2020-03-19T00:00:00Z,news,Investor's Business Daily,"Dow Jones Tumbles 700 Points, As Stock Market Crash Worsens; U.S. Coronavirus Cases Near 10,000",http://www.investors.com/market-trend/stock-market-today/dow-jones-coronavirus-cases-stock-market-crash-amazon-stock-boeing-stock/?src=A00237A&ven=BenzingaCP&src=AURLAAM,1.0
a42732ed35d2a93d,2020-03-19T00:00:00Z,news,Investor's Business Daily,"Dow Jones Up 450 Points, Keeps 20,000 Level; Are These 5 Growth Stocks Coronavirus-Proof?",http://www.investors.com/market-trend/stock-market-today/dow-jones-up-518-points-keeps-20000-level-are-5-growth-stocks-coronavirus-proof/?src=A00237A&ven=BenzingaCP&src=AURLAAM,1.0
4442505ef56e46f8,2020-03-19T00:00:00Z,news,Zacks,"Intel, Royal Caribbean Cruises, Roche, Thermo Fisher and Quest Diagnostics highlighted as Zacks Bull and Bear of the Day",http://www.zacks.com/stock/news/822993/intel-royal-caribbean-cruises-roche-thermo-fisher-and-quest-diagnostics-highlighted-as-zacks-bull-and-bear-of-the-day?cid=CS-BENZ-FT-press_releases-822993,1.0
3f49f562ed2bee80,2020-03-19T00:00:00Z,news,Zacks,5 Top S&P 500 Stocks at Deep Discount Amid Coronavirus-Led Rout,http://www.zacks.com/stock/news/822769/5-top-sp-500-stocks-at-deep-discount-amid-coronavirus-led-rout?cid=CS-BENZ-FT-analyst_blog|investment_ideas-822769,1.0
4fff5215ff0d39d9,2020-03-19T00:00:00Z,news,Investor's Business Daily,"Dow Jones Pares Gains In Volatile Session As U.S. Coronavirus Cases Top 10,000",http://www.investors.com/market-trend/stock-market-today/dow-jones-pares-gains-volatile-coronavirus-stock-market-correction/?src=A00237A&ven=BenzingaCP&src=AURLAAM,1.0
e7dcf99915dd5462,2020-03-19T00:00:00Z,news,Investor's Business Daily,"Amid Coronavirus Crash, Should You Invest In Zoom Video, Netflix And These 2 Themes?",http://www.investors.com/stock-lists/ibd-big-cap-20/coronavirus-stock-market-crash-presents-buy-opportunities-zoom-video-netflix-2-themes/?src=A00237A&ven=BenzingaCP&src=AURLAAM,1.0
1c614ac8ff049a96,2020-03-19T00:00:00Z,news,Zacks,Progress Software (PRGS) to Report Q1 Results: Wall Street Expects Earnings Growth,http://www.zacks.com/stock/news/823445/progress-software-prgs-to-report-q1-results-wall-street-expects-earnings-growth?cid=CS-BENZ-FT-tale_of_the_tape|yseop_template_9-823445,1.0
7e88ba276df087f8,2020-03-19T00:00:00Z,news,Zacks,Apple (AAPL) Updates Portfolio Despite Coronavirus Shutdown,http://www.zacks.com/stock/news/823197/apple-aapl-updates-portfolio-despite-coronavirus-shutdown?cid=CS-BENZ-FT-analyst_blog|company_news_tech_sector-823197,1.0
d5de475aa52ca4b8,2020-03-19T00:00:00Z,news,Zacks,Bull of the Day: Intel (INTC),http://www.zacks.com/commentary/821762/bull-of-the-day-intel-intc?cid=CS-BENZ-FT-bull_of_the_day-821762,1.0
024ab54f88495df7,2020-03-19T00:00:00Z,news,GuruFocus,"Powell Joins Provident Bank as EVP, Chief Human Resources Officer",http://www.gurufocus.com/news/1079490/powell-joins-provident-bank-as-evp-chief-human-resources-officer,1.0
31f9f4807e18a02e,2020-03-19T00:00:00Z,news,Zacks,Ribbon Boosts Microsoft Alliance With Advanced Call Services,http://www.zacks.com/stock/news/822944/ribbon-boosts-microsoft-alliance-with-advanced-call-services?cid=CS-BENZ-FT-analyst_blog|company_news_tech_sector-822944,1.0
11e216b12e731080,2020-03-19T00:00:00Z,news,TalkMarkets,Could Chevron Now Acquire Occidental For Less Than It Could Have Bought Anadarko?,https://talkmarkets.com/content/could-chevron-now-acquire-occidental-for-less-than-it-could-have-bought-anadarko?post=255231,1.0
107b7f315ee97353,2020-03-19T00:00:00Z,news,Zacks,"Top Stock Reports for Walmart, NVIDIA & AstraZeneca",http://www.zacks.com/research-daily/823145/top-stock-reports-for-walmart-nvidia-astrazeneca?cid=CS-BENZ-FT-research_daily-823145,1.0
05ed3584923c6e7a,2020-03-20T00:00:00Z,news,Zacks,Walt Disney (DIS) in Focus: Stock Moves 6.9% Higher,http://www.zacks.com/stock/news/824820/walt-disney-dis-in-focus-stock-moves-69-higher?cid=CS-BENZ-FT-tale_of_the_tape|price_movement-824820,1.0
d75022e0c944ddfc,2020-03-20T00:00:00Z,news,TalkMarkets,"US Markets Bounce Back, Tesla Shuts Down US Production",https://talkmarkets.com/content/us-markets-bounce-back-tesla-shuts-down-us-production?post=255446,1.0
68ad23601eedd967,2020-03-20T00:00:00Z,news,TalkMarkets,VIX Peels Back As S&P 500 Stabilizes; High Volatility Still A Threat,https://talkmarkets.com/content/vix-peels-back-as-sp-500-stabilizes-high-volatility-still-a-threat?post=255511,1.0
16d1cde9aea4ab8e,2020-03-20T00:00:00Z,news,Zacks,"Zacks Value Trader Highlights: Applied Materials, Garmin, InMode, Microsoft and Synaptics",http://www.zacks.com/stock/news/824782/zacks-value-trader-highlights-applied-materials-garmin-inmode-microsoft-and-synaptics?cid=CS-BENZ-FT-press_releases-824782,1.0
22cee4d1e45340f0,2020-03-20T00:00:00Z,news,Zacks,"The Zacks Analyst Blog Highlights: Microsoft, HP, Garmin, Applied Materials and eBay",http://www.zacks.com/stock/news/824791/the-zacks-analyst-blog-highlights-microsoft-hp-garmin-applied-materials-and-ebay?cid=CS-BENZ-FT-press_releases-824791,1.0
978178c0a75062c4,2020-03-20T00:00:00Z,news,Zacks,"Coronavirus Affects Disney's (DIS) Prospects, Movie Slate",http://www.zacks.com/stock/news/825152/coronavirus-affects-disneys-dis-prospects-movie-slate?cid=CS-BENZ-FT-analyst_blog|company_news_-_corporate_actions-825152,1.0
7f0b38ff85223666,2020-03-20T00:00:00Z,news,Zacks,Intel Ups the Ante in Neuromorphic Computing With New Solutions,http://www.zacks.com/stock/news/825529/intel-ups-the-ante-in-neuromorphic-computing-with-new-solutions?cid=CS-BENZ-FT-analyst_blog|company_news_tech_sector-825529,1.0
9864bdbf0cfbfb8f,2020-03-20T00:00:00Z,news,GuruFocus,"RTI Surgical Holdings, Inc.® Receives Notification from Nasdaq Related to Delayed Annual ...",http://www.gurufocus.com/news/1080452/rti-surgical-holdings-inc-receives-notification-from-nasdaq-related-to-delayed-annual-report-on-form-10k,1.0
18f52a9317cdb442,2020-03-20T00:00:00Z,news,Zacks,Wall Street Gains on Massive Stimulus,http://www.zacks.com/stock/news/825078/wall-street-gains-on-massive-stimulus?cid=CS-BENZ-FT-economic_highlights-825078,1.0
8f5ff0f384a49594,2020-03-20T00:00:00Z,news,Zacks,"The Zacks Analyst Blog Highlights: Walmart, NVIDIA, AstraZeneca, Goldman Sachs and Global Payments",http://www.zacks.com/stock/news/824787/the-zacks-analyst-blog-highlights-walmart-nvidia-astrazeneca-goldman-sachs-and-global-payments?cid=CS-BENZ-FT-press_releases-824787,1.0
6a593f5361abc8c5,2020-03-20T00:00:00Z,news,Zacks,Here's Why You Should Hold on to JPMorgan Despite Rate Cut,http://www.zacks.com/stock/news/825578/heres-why-you-should-hold-on-to-jpmorgan-despite-rate-cut?cid=CS-BENZ-FT-analyst_blog|investment_ideas-825578,1.0
c60a92909e08772d,2020-03-20T00:00:00Z,news,Zacks,Buy Amazon (AMZN) Stock Because It's Immune to the Coronavirus?,http://www.zacks.com/stock/news/826092/buy-amazon-amzn-stock-because-its-immune-to-the-coronavirus?cid=CS-BENZ-FT-stocks_in_the_news|major_headlines-826092,1.0
ec8dec2c38ccc9e2,2020-03-20T00:00:00Z,news,GuruFocus,Adaptive Biotechnologies and Microsoft expand partnership to decode COVID-19 immune response ...,http://www.gurufocus.com/news/1080940/adaptive-biotechnologies-and-microsoft-expand-partnership-to-decode-covid19-immune-response-and-provide-open-data-access,1.0
80f19769ea086c22,2020-03-20T00:00:00Z,news,Zacks,"The Zacks Analyst Blog Highlights: Nike, Apple, Spirit Realty Capital, Innovative Industrial Properties and Americold Realty Trust",http://www.zacks.com/stock/news/824803/the-zacks-analyst-blog-highlights-nike-apple-spirit-realty-capital-innovative-industrial-properties-and-americold-realty-trust?cid=CS-BENZ-FT-press_releases-824803,1.0
ba8df5b820fe94f2,2020-03-20T00:00:00Z,news,Investor's Business Daily,"Dow Jones Today, Futures Jump On Coronavirus Stimulus Plans As California, Pennsylvania Lock Down",http://www.investors.com/market-trend/stock-market-today/dow-jones-today-stock-futures-jump-coronavirus-stimulus-california-pennsylvania-lock-down/?src=A00237A&ven=BenzingaCP&src=AURLAAM,1.0
e89e00bc7d435d0e,2020-03-20T00:00:00Z,news,GuruFocus,Hallmark Financial Announces Notice from Nasdaq,http://www.gurufocus.com/news/1081134/hallmark-financial-announces-notice-from-nasdaq-,1.0
be6e805f68511050,2020-03-20T00:00:00Z,news,Zacks,Intel (INTC) Stock Moves -0.24%: What You Should Know,http://www.zacks.com/stock/news/826023/intel-intc-stock-moves-024-what-you-should-know?cid=CS-BENZ-FT-tale_of_the_tape|yseop_template_6-826023,1.0
7b76a572849767b6,2020-03-20T00:00:00Z,news,Zacks,Gilead's HCV Drug Epclusa Gets FDA Nod for Expanded Age Group,http://www.zacks.com/stock/news/825561/gileads-hcv-drug-epclusa-gets-fda-nod-for-expanded-age-group?cid=CS-BENZ-FT-analyst_blog|company_news_-_medical_sector-825561,1.0
d19ce47c1b408c7b,2020-03-20T00:00:00Z,news,Investor's Business Daily,"Ford, Boeing Show Coronavirus Bear Market Is Threatening Dividend Stocks",http://www.investors.com/research/the-income-investor/dividend-stocks-may-not-be-safe-haven-coronavirus-bear-market/?src=A00237A&ven=BenzingaCP&src=AURLAAM,1.0
79b8a9ce3ac1ea89,2020-03-20T00:00:00Z,news,GuruFocus,"Smart Textiles Market Will Generate Massive Revenue | Google LLC, Kolon Industries Inc. ...",http://www.gurufocus.com/news/1080420/smart-textiles-market-will-generate-massive-revenue--google-llc-kolon-industries-inc-adidas-ag-peratech-holdco-limited-nike-inc,1.0
e1a44c7ffebf4b35,2020-03-20T00:00:00Z,news,Investor's Business Daily,"Dow Jones Down As Much As 4,200 Points For Week; Apple Is Doing This, Unlike Most Techs",http://www.investors.com/market-trend/stock-market-today/dow-jones-down-4200-points-for-week-apple-stock-doing-this-techs/?src=A00237A&ven=BenzingaCP&src=AURLAAM,1.0
985e2d00a6dc787a,2020-03-23T00:00:00Z,news,Investor's Business Daily,"Top Stocks To Watch In The Coronavirus Stock Market Correction: Amazon, Netflix",http://www.investors.com/stock-lists/stocks-near-a-buy-zone/stocks-to-watch-coronavirus-stock-market-correction-amazon-stock-netflix-stock/?src=A00237A&ven=BenzingaCP&src=AURLAAM,1.0
fce75bf8e18030ba,2020-03-23T00:00:00Z,news,Zacks,S&P 500 to Fall Further: Bet on These ETFs,http://www.zacks.com/stock/news/830115/sp-500-to-fall-further-bet-on-these-etfs?cid=CS-BENZ-FT-etf_news_and_commentary-830115,1.0
7afbd9f08d26eeda,2020-03-23T00:00:00Z,news,Zacks,Wall Street Saw Worst Week Since 2008: Top ETF Stories,http://www.zacks.com/stock/news/830233/wall-street-saw-worst-week-since-2008-top-etf-stories?cid=CS-BENZ-FT-etf_news_and_commentary-830233,1.0
75d52eabad3f1a44,2020-03-23T00:00:00Z,news,Zacks,"The Zacks Analyst Blog Highlights: Macy's, AbbVie, Pfizer and New Residential Investment",http://www.zacks.com/stock/news/829724/the-zacks-analyst-blog-highlights-macys-abbvie-pfizer-and-new-residential-investment?cid=CS-BENZ-FT-press_releases-829724,1.0
82f408bc3d858d41,2020-03-23T00:00:00Z,news,Zacks,Nasdaq Warns of Market Manipulation Amid Coronavirus Outbreak,http://www.zacks.com/stock/news/830204/nasdaq-warns-of-market-manipulation-amid-coronavirus-outbreak?cid=CS-BENZ-FT-analyst_blog|company_news_-_finance_sector-830204,1.0
7a0d4e3911027d0d,2020-03-23T00:00:00Z,news,Zacks,Walt Disney (DIS) Stock Moves -0.76%: What You Should Know,http://www.zacks.com/stock/news/830557/walt-disney-dis-stock-moves-076-what-you-should-know?cid=CS-BENZ-FT-tale_of_the_tape|yseop_template_6-830557,1.0
acffa42c268daaf4,2020-03-23T00:00:00Z,news,Zacks,Facebook Cuts Video Streaming Quality in Coronavirus-Hit Europe,http://www.zacks.com/stock/news/829811/facebook-cuts-video-streaming-quality-in-coronavirus-hit-europe?cid=CS-BENZ-FT-analyst_blog|company_news_tech_sector-829811,1.0
8f278afe38a66872,2020-03-23T00:00:00Z,news,Investor's Business Daily,"Dow Jones Futures: Coronavirus Stock Market Crash Hits New Lows With Stimulus Delayed; Six Stocks For Then, Now And Tomorrow",http://www.investors.com/market-trend/stock-market-today/dow-jones-futures-coronavirus-stock-market-crash-stimulus-delayed-apple-amazon-zoom-dominos-netflix/?src=A00237A&ven=BenzingaCP&src=AURLAAM,1.0
14a84bfcb78608b5,2020-03-23T00:00:00Z,news,Zacks,Alphabet's Google Launches Coronavirus Website in the U.S.,http://www.zacks.com/stock/news/829864/alphabets-google-launches-coronavirus-website-in-the-us?cid=CS-BENZ-FT-analyst_blog|company_news_tech_sector-829864,1.0
ac2ad79e1eda9737,2020-03-23T00:00:00Z,news,Investor's Business Daily,"Dow Jones Dives Again As Coronavirus Stock Market Crash Accelerates; Amazon, Netflix Buoy Nasdaq",http://www.investors.com/market-trend/stock-market-today/dow-jones-dives-again-coronavirus-stock-market-crash-accelerates/?src=A00237A&ven=BenzingaCP&src=AURLAAM,1.0
76f4809c4c8d1476,2020-03-23T00:00:00Z,news,Investor's Business Daily,"Microsoft, Amazon Among 4 Stocks Resisting Coronavirus Stock Market Crash",http://www.investors.com/research/how-to-find-the-best-stocks-to-buy/coronavirus-stock-market-crash-microsoft-amazon-adobe-dominos-stocks-to-watch/?src=A00237A&ven=BenzingaCP&src=AURLAAM,1.0
2c5ed9eba1c59f88,2020-03-23T00:00:00Z,news,Zacks,"American States Water Company, Tupperware Brands, JPMorgan, Bank of America and Wells Fargo highlighted as Zacks Bull and Bear of the Day",http://www.zacks.com/stock/news/829698/american-states-water-company-tupperware-brands-jpmorgan-bank-of-america-and-wells-fargo-highlighted-as-zacks-bull-and-bear-of-the-day?cid=CS-BENZ-FT-press_releases-829698,1.0
0df13fe4508ec444,2020-03-23T00:00:00Z,news,GuruFocus,Wall Street Suggests Reducing These Holdings,http://www.gurufocus.com/news/1082217/wall-street-suggests-reducing-these-holdings,1.0
74036ef33f13fff3,2020-03-23T00:00:00Z,news,Zacks,"The Zacks Analyst Blog Highlights: Pfizer, Roche, Sanofi, Lilly and Merck",http://www.zacks.com/stock/news/829731/the-zacks-analyst-blog-highlights-pfizer-roche-sanofi-lilly-and-merck?cid=CS-BENZ-FT-press_releases-829731,1.0
586ef76756b6a258,2020-03-23T00:00:00Z,news,Zacks,"Nike, Micron, JPMorgan, Wells Fargo and Costco are part of Zacks Earnings Preview",http://www.zacks.com/stock/news/829701/nike-micron-jpmorgan-wells-fargo-and-costco-are-part-of-zacks-earnings-preview?cid=CS-BENZ-FT-press_releases-829701,1.0
628b5efc560bde49,2020-03-23T00:00:00Z,news,Zacks,Goldman (GS) CEO Solomon Receives 19.6% Pay Hike in 2019,http://www.zacks.com/stock/news/829917/goldman-gs-ceo-solomon-receives-196-pay-hike-in-2019?cid=CS-BENZ-FT-analyst_blog|company_news_-_finance_sector-829917,1.0
5fe5f20310e35ef9,2020-03-23T00:00:00Z,news,Zacks,"Microsoft, Adaptive Biotech Collaborate to Fight COVID-19",http://www.zacks.com/stock/news/830089/microsoft-adaptive-biotech-collaborate-to-fight-covid-19?cid=CS-BENZ-FT-analyst_blog|company_news_tech_sector-830089,1.0
e2876eab344c86f0,2020-03-23T00:00:00Z,news,TalkMarkets,Fed's Top Official Predicts Unemployment Rate To Hit 30%,https://talkmarkets.com/content/feds-top-official-predicts-unemployment-rate-to-hit-30?post=255651,1.0
e77247cb236d8bda,2020-03-23T00:00:00Z,news,Investor's Business Daily,"Dow Jones Today, Futures Up: Stimulus Impasse; New York, California Lockdown; NYSE Floor Closes",http://www.investors.com/market-trend/stock-market-today/dow-jones-today-futures-slide-fed-stimulus-impasse-new-york-california-lockdown-nyse-floor-closes/?src=A00237A&ven=BenzingaCP&src=AURLAAM,1.0
35d26c8e99a04496,2020-03-23T00:00:00Z,news,Zacks,"The Zacks Analyst Blog Highlights: Microsoft, salesforce.com, Novo Nordisk, American Express and Fiserv",http://www.zacks.com/stock/news/829711/the-zacks-analyst-blog-highlights-microsoft-salesforcecom-novo-nordisk-american-express-and-fiserv?cid=CS-BENZ-FT-press_releases-829711,1.0
d86d569e85c613aa,2020-03-23T00:00:00Z,news,Investor's Business Daily,Dow Jones Almost Wipes Away 900-Point Loss; Can You Profit In This Sector In 2020?,http://www.investors.com/market-trend/stock-market-today/dow-jones-almost-wipes-away-900-point-loss-can-you-profit-in-this-sector-in-2020/?src=A00237A&ven=BenzingaCP&src=AURLAAM,1.0
90adc2838927e033,2020-03-23T00:00:00Z,news,Investor's Business Daily,"Dow Jones Dives To Pre-Election Lows Despite Fed Stimulus, No Coronavirus Aid Deal Yet",http://www.investors.com/market-trend/stock-market-today/dow-jones-dives-900-points-despite-fed-stimulus-no-coronavirus-aid-yet/?src=A00237A&ven=BenzingaCP&src=AURLAAM,1.0
3aa53b91efc20669,2020-03-23T00:00:00Z,news,GuruFocus,net—phone Offers Free Global Calling for Microsoft Teams,http://www.gurufocus.com/news/1082911/net2phone-offers-free-global-calling-for-microsoft-teams,1.0
9afce7af0665af46,2020-03-24T00:00:00Z,news,GuruFocus,Wall Street Suggests Picking Up These — Falling Knives,http://www.gurufocus.com/news/1083459/wall-street-suggests-picking-up-these-2-falling-knives,1.0
cfaadf21145ad0be,2020-03-24T00:00:00Z,news,TalkMarkets,"Portfolio Review: Apple, MSC Industrial, PepsiCo, Mastercard",https://talkmarkets.com/content/portfolio-review-apple-msc-industrial-pepsico-mastercard?post=255918,1.0
a5b6d4c7b5920c0b,2020-03-24T00:00:00Z,news,Zacks,"AeroVironment, Bright Horizons Family Solutions, Amazon, eBay and Atlassian highlighted as Zacks Bull and Bear of the Day",http://www.zacks.com/stock/news/831572/aerovironment-bright-horizons-family-solutions-amazon-ebay-and-atlassian-highlighted-as-zacks-bull-and-bear-of-the-day?cid=CS-BENZ-FT-press_releases-831572,1.0
eba38d898b1ed221,2020-03-24T00:00:00Z,news,Zacks,"The Zacks Analyst Blog Highlights: Carnival, Macy???s, Microsoft, Alibaba and Sea",http://www.zacks.com/stock/news/831582/the-zacks-analyst-blog-highlights-carnival-macys-microsoft-alibaba-and-sea?cid=CS-BENZ-FT-press_releases-831582,1.0
93ec2c1e63ea799a,2020-03-24T00:00:00Z,news,Zacks,Fed's Latest Measures Amid Coronavirus Scare to Aid Banks?,http://www.zacks.com/stock/news/831722/feds-latest-measures-amid-coronavirus-scare-to-aid-banks?cid=CS-BENZ-FT-analyst_blog|industry_focus-831722,1.0
f67702d8fc594269,2020-03-24T00:00:00Z,news,GuruFocus,5 S&P 500 Stocks That Have Tumbled 50% Over the Past Month,http://www.gurufocus.com/news/1083973/5-sp-500-stocks-that-have-tumbled-50-over-the-past-month,1.0
a1e295f338024a9d,2020-03-24T00:00:00Z,news,Zacks,Apple (AAPL) Lifts Online iPhone Sales Limit Amid Coronavirus Woes,http://www.zacks.com/stock/news/831943/apple-aapl-lifts-online-iphone-sales-limit-amid-coronavirus-woes?cid=CS-BENZ-FT-analyst_blog|company_news_tech_sector-831943,1.0
228bcbec520ae98a,2020-03-24T00:00:00Z,news,GuruFocus,' ETFs That Are Outperforming the S&P 500,http://www.gurufocus.com/news/1084099/3-etfs-that-are-outperforming-the-sp-500,1.0
97de9cf76eabcb80,2020-03-24T00:00:00Z,news,GuruFocus,Spirit AeroSystems Suspends Boeing Production Work,http://www.gurufocus.com/news/1083597/spirit-aerosystems-suspends-boeing-production-work,1.0
2553dd7e98c406f8,2020-03-24T00:00:00Z,news,Zacks,"Top Stock Reports for Visa, Bank of America & Citigroup",http://www.zacks.com/research-daily/831964/top-stock-reports-for-visa-bank-of-america-citigroup?cid=CS-BENZ-FT-research_daily-831964,1.0
c8fa513b8d69ca0d,2020-03-24T00:00:00Z,news,Investor's Business Daily,"Coronavirus Stock Market Crash: Amazon, These 2 China Names Rise In March",http://www.investors.com/research/ibd-industry-themes/coronavirus-stock-market-crash-amazon-these-2-china-names-rise-in-march/?src=A00237A&ven=BenzingaCP&src=AURLAAM,1.0
63697e16c0b8eed1,2020-03-24T00:00:00Z,news,Investor's Business Daily,"Dow Jones Surges 1,700 Points As Stocks Rally On Coronavirus Stimulus Deal Hopes",http://www.investors.com/market-trend/stock-market-today/dow-jones-surges-1600-points-stocks-rally-coronavirus-stimulus-deal-hopes/?src=A00237A&ven=BenzingaCP&src=AURLAAM,1.0
e0558c6e1c7b683c,2020-03-25T00:00:00Z,news,TalkMarkets,"""Very Technical Issue"" – ECB Won't Rule Out Purchases Of ETFs",https://talkmarkets.com/content/very-technical-issue--ecb-wont-rule-out-purchases-of-etfs?post=255958,1.0
e159183088dd88ae,2020-03-25T00:00:00Z,news,Zacks,Intel (INTC) Halts Share Buyback on Coronavirus Concerns,http://www.zacks.com/stock/news/834186/intel-intc-halts-share-buyback-on-coronavirus-concerns?cid=CS-BENZ-FT-analyst_blog|company_news_tech_sector-834186,1.0
cedbc8121ac7391d,2020-03-25T00:00:00Z,news,GuruFocus,BroadVision and Vmoso Announce Free Alternative Solution to Microsoft Teams and Slack,http://www.gurufocus.com/news/1084910/broadvision-and-vmoso-announce-free-alternative-solution-to-microsoft-teams-and-slack,1.0
b916415bcde1e44e,2020-03-25T00:00:00Z,news,Zacks,Join the Wall Street Rally With Industrial ETFs,http://www.zacks.com/stock/news/834540/join-the-wall-street-rally-with-industrial-etfs?cid=CS-BENZ-FT-etf_news_and_commentary-834540,1.0
916b5d2672f23ba6,2020-03-25T00:00:00Z,news,Zacks,"Chevron Trims Capex View Amid Price Turmoil, Keeps Dividend",http://www.zacks.com/stock/news/833570/chevron-trims-capex-view-amid-price-turmoil-keeps-dividend?cid=CS-BENZ-FT-analyst_blog|company_news_-_energy_sector-833570,1.0
4511d0834cc85a06,2020-03-25T00:00:00Z,news,Investor's Business Daily,"Dow Jones Rockets 3,568 Points Off March Low; Will These 5 Growth Stocks Lead A New Upturn?",http://www.investors.com/market-trend/stock-market-today/dow-jones-rockets-3568-points-off-march-low-will-these-5-growth-stocks-lead-new-upturn/?src=A00237A&ven=BenzingaCP&src=AURLAAM,1.0
865c8cfe37575e82,2020-03-25T00:00:00Z,news,Zacks,"The Zacks Analyst Blog Highlights: Visa, Bank of America, Citigroup, Netflix and Duke Energy",http://www.zacks.com/stock/news/834083/the-zacks-analyst-blog-highlights-visa-bank-of-america-citigroup-netflix-and-duke-energy?cid=CS-BENZ-FT-press_releases-834083,1.0
5a752af07413eb12,2020-03-25T00:00:00Z,news,Zacks,"The Zacks Analyst Blog Highlights: Vaxart, Zoom Video Communications, Amazon.com, Clorox and Costco Wholesale",http://www.zacks.com/stock/news/834074/the-zacks-analyst-blog-highlights-vaxart-zoom-video-communications-amazoncom-clorox-and-costco-wholesale?cid=CS-BENZ-FT-press_releases-834074,1.0
257f8cef035e4a5b,2020-03-25T00:00:00Z,news,Zacks,Will Apple (AAPL) Reopen Stores in Coronavirus-Hit Areas in April?,http://www.zacks.com/stock/news/834192/will-apple-aapl-reopen-stores-in-coronavirus-hit-areas-in-april?cid=CS-BENZ-FT-analyst_blog|company_news_tech_sector-834192,1.0
9da7c2a5c5c17e7f,2020-03-26T00:00:00Z,news,Zacks,Amazon (AMZN) Temporarily Halts Non-Essential Sales in India,http://www.zacks.com/stock/news/835942/amazon-amzn-temporarily-halts-non-essential-sales-in-india?cid=CS-BENZ-FT-analyst_blog|company_news_tech_sector-835942,1.0
e4f75ec7be2387ec,2020-03-26T00:00:00Z,news,Zacks,"The Zacks Analyst Blog Highlights: Facebook, Fidelity National Information Services, American Express, NVIDIA and CSX",http://www.zacks.com/stock/news/836262/the-zacks-analyst-blog-highlights-facebook-fidelity-national-information-services-american-express-nvidia-and-csx?cid=CS-BENZ-FT-press_releases-836262,1.0
dd3a6be6c73b8e1f,2020-03-26T00:00:00Z,news,Zacks,6 S&P 500 Tech Stocks to Soothe a Coronavirus-Scarred Portfolio,http://www.zacks.com/stock/news/836013/6-sp-500-tech-stocks-to-soothe-a-coronavirus-scarred-portfolio?cid=CS-BENZ-FT-analyst_blog|investment_ideas-836013,1.0
471efdf44c026975,2020-03-26T00:00:00Z,news,Zacks,"The Zacks Analyst Blog Highlights: Gilead Sciences, Regeneron, Sanofi, Moderna and Inovio Pharmaceuticals",http://www.zacks.com/stock/news/836275/the-zacks-analyst-blog-highlights-gilead-sciences-regeneron-sanofi-moderna-and-inovio-pharmaceuticals?cid=CS-BENZ-FT-press_releases-836275,1.0
d3108e701d8553b2,2020-03-26T00:00:00Z,news,Zacks,"Clorox, Darden Restaurants, Intel, Boeing and JPMorgan Chase highlighted as Zacks Bull and Bear of the Day",http://www.zacks.com/stock/news/836239/clorox-darden-restaurants-intel-boeing-and-jpmorgan-chase-highlighted-as-zacks-bull-and-bear-of-the-day?cid=CS-BENZ-FT-press_releases-836239,1.0
4980ed1699017e23,2020-03-26T00:00:00Z,news,Zacks,Will Apple (AAPL) Delay 5G iPhone Launch Due to Coronavirus Mess?,http://www.zacks.com/stock/news/836386/will-apple-aapl-delay-5g-iphone-launch-due-to-coronavirus-mess?cid=CS-BENZ-FT-analyst_blog|company_news_tech_sector-836386,1.0
a40fe9b1427ccc46,2020-03-26T00:00:00Z,news,Zacks,"The Zacks Analyst Blog Highlights: American Express, McDonald's, Walt Disney, UnitedHealth Group and International Business Machines",http://www.zacks.com/stock/news/836267/the-zacks-analyst-blog-highlights-american-express-mcdonalds-walt-disney-unitedhealth-group-and-international-business-machines?cid=CS-BENZ-FT-press_releases-836267,1.0
6546f6fc37236468,2020-03-26T00:00:00Z,news,Investor's Business Daily,"Global Leader, Microsoft Rival Tests All-Time High Despite Coronavirus Crash",http://www.investors.com/research/ibd-stock-analysis/atlassian-stock-microsoft-rival-near-new-high-after-coronavirus-stock-market-crash/?src=A00237A&ven=BenzingaCP&src=AURLAAM,1.0
eb4b26e57d40c810,2020-03-26T00:00:00Z,news,Zacks,Should You Buy Facebook ETFs as Coronavirus Boosts Traffic?,http://www.zacks.com/stock/news/836917/should-you-buy-facebook-etfs-as-coronavirus-boosts-traffic?cid=CS-BENZ-FT-etf_news_and_commentary-836917,1.0
5285825eed4f2bb1,2020-03-26T00:00:00Z,news,GuruFocus,Xenon Pharmaceuticals Reports Inducement Grants Under Nasdaq Listing Rule 56'5(c)(4),http://www.gurufocus.com/news/1086459/xenon-pharmaceuticals-reports-inducement-grants-under-nasdaq-listing-rule-5635c4,1.0
4fc621739dcf8a9c,2020-03-26T00:00:00Z,news,Zacks,Gilead Asks FDA to Withdraw Orphan Drug Tag for Remdesivir,http://www.zacks.com/stock/news/837163/gilead-asks-fda-to-withdraw-orphan-drug-tag-for-remdesivir?cid=CS-BENZ-FT-analyst_blog|company_news_-_medical_sector-837163,1.0
52038a8ed7950d49,2020-03-26T00:00:00Z,news,Investor's Business Daily,Coronavirus Crisis Opens Doors For Amazon To Grow E-Commerce Dominance,http://www.investors.com/research/industry-snapshot/coronavirus-crisis-opens-doors-for-amazon-to-grow-e-commerce-dominance/?src=A00237A&ven=BenzingaCP&src=AURLAAM,1.0
21a3ddabb9fea968,2020-03-26T00:00:00Z,news,GuruFocus,Vera Bradley Creates New Limited-Release Patterns in Partnership With Disney Theme Park ...,http://www.gurufocus.com/news/1086251/-vera-bradley-creates-new-limitedrelease-patterns-in-partnership-with-disney-theme-park-merchandise,1.0
92df68634999f563,2020-03-26T00:00:00Z,news,Investor's Business Daily,"Dow Jones Surges 1,200 Points As Coronavirus Aid Offsets Record Jobless Claims",http://www.investors.com/market-trend/stock-market-today/dow-jones-surges-1200-points-coronavirus-aid-offsets-record-jobless-claims/?src=A00237A&ven=BenzingaCP&src=AURLAAM,1.0
044340966ec3e968,2020-03-26T00:00:00Z,news,Zacks,AMD's Processors to Power Microsoft Azure Virtual Machines,http://www.zacks.com/stock/news/836219/amds-processors-to-power-microsoft-azure-virtual-machines?cid=CS-BENZ-FT-analyst_blog|company_news_tech_sector-836219,1.0
08550edcde71eded,2020-03-26T00:00:00Z,news,Investor's Business Daily,"Dow Leaps 1,219 Points On Coronavirus Relief Package; Will These Dow Jones Stocks Lead The Market?",http://www.investors.com/market-trend/stock-market-today/dow-leaps-1219-points-on-coronavirus-relief-package-will-these-dow-jones-stocks-lead-the-market/?src=A00237A&ven=BenzingaCP&src=AURLAAM,1.0
4356fd85db160f97,2020-03-26T00:00:00Z,news,Zacks,JPMorgan or Citigroup: Which is Placed Better Amid Current Crisis?,http://www.zacks.com/stock/news/836225/jpmorgan-or-citigroup-which-is-placed-better-amid-current-crisis?cid=CS-BENZ-FT-analyst_blog|comparison_of_stocks-836225,1.0
81cefa5a02964dfd,2020-03-26T00:00:00Z,news,Investor's Business Daily,"Dow Jones Jumps 900 Points Despite Record Jobless Claims, As U.S. Coronavirus Cases Top 68,000; Apple, Boeing, Amazon Key Movers",http://www.investors.com/market-trend/stock-market-today/dow-jones-coronavirus-stock-market-correction-jobless-claims-apple-stock-amazon-stock/?src=A00237A&ven=BenzingaCP&src=AURLAAM,1.0
941dfd4565b53d5f,2020-03-27T00:00:00Z,news,Investor's Business Daily,"Dow Jones Dives 1,000 Points, As U.S. Coronavirus Cases Top 85,000; Apple, Home Depot, Lululemon Are Key Movers",http://www.investors.com/market-trend/stock-market-today/dow-jones-coronavirus-stock-market-correction-covid-19-amazon-netflix-lululemon/?src=A00237A&ven=BenzingaCP&src=AURLAAM,1.0
381b044c94244006,2020-03-27T00:00:00Z,news,Investor's Business Daily,"Dow Jones Plunges As House Debates Stimulus Bill, U.S. Tops China In Coronavirus Cases",http://www.investors.com/market-trend/stock-market-today/dow-jones-dives-house-debates-aid-us-new-coronavirus-epicenter/?src=A00237A&ven=BenzingaCP&src=AURLAAM,1.0
e6d4c6f9f01076d2,2020-03-27T00:00:00Z,news,Zacks,An Oversold Wall Street Rallies Despite Bad News: 5 Top Picks,http://www.zacks.com/stock/news/838002/an-oversold-wall-street-rallies-despite-bad-news-5-top-picks?cid=CS-BENZ-FT-analyst_blog|investment_ideas-838002,1.0
14ec5c2da199a9f8,2020-03-27T00:00:00Z,news,Zacks,"Zacks Earnings Trends Highlights: Adobe, FedE, Nike, ExxonMobil and Boeing",http://www.zacks.com/stock/news/838164/zacks-earnings-trends-highlights-adobe-fede-nike-exxonmobil-and-boeing?cid=CS-BENZ-FT-press_releases-838164,1.0
2fd432198265ecd0,2020-03-27T00:00:00Z,news,GuruFocus,Goldman Sachs Asset Management Closed-End Funds Announce Results of Joint Annual Shareholder Meeting,http://www.gurufocus.com/news/1086616/goldman-sachs-asset-management-closedend-funds-announce-results-of-joint-annual-shareholder-meeting,1.0
55e2c903a5f3e8d5,2020-03-27T00:00:00Z,news,Investor's Business Daily,"Tesla, Top Automakers To Reveal Coronavirus Damage: Investing Action Plan",http://www.investors.com/research/investing-action-plan/coronavirus-stock-market-crash-slams-auto-sales-jobs-report-due/?src=A00237A&ven=BenzingaCP&src=AURLAAM,1.0
8bf9fd8988583dac,2020-03-27T00:00:00Z,news,Investor's Business Daily,Dow Jones Smacked Lower After Historic Run: 5 Coronavirus Stocks On The Move,http://www.investors.com/market-trend/stock-market-today/dow-jones-smacked-lower-after-historic-run-five-coronavirus-stocks-on-the-move/?src=A00237A&ven=BenzingaCP&src=AURLAAM,1.0
f193c9bd3417faea,2020-03-27T00:00:00Z,news,Zacks,"Zacks Value Trader Highlights: eBay, Pfizer, JPMorgan Chase, Intuitive Surgical and Edwards Lifesciences",http://www.zacks.com/stock/news/838266/zacks-value-trader-highlights-ebay-pfizer-jpmorgan-chase-intuitive-surgical-and-edwards-lifesciences?cid=CS-BENZ-FT-press_releases-838266,1.0
bbc74b69960673cc,2020-03-27T00:00:00Z,news,Zacks,"Top Stock Reports for Apple, Cisco & PepsiCo",http://www.zacks.com/research-daily/838655/top-stock-reports-for-apple-cisco-pepsico?cid=CS-BENZ-FT-research_daily-838655,1.0
bc09bcdeec1713b3,2020-03-27T00:00:00Z,news,Investor's Business Daily,"Dow Jones Today, Futures Slump As Stimulus Hits Snag; Coronavirus Crisis: Will Boeing Rally Snap?",http://www.investors.com/market-trend/stock-market-today/dow-jones-today-futures-slump-stimulus-hits-snag-coronavirus-crisis-boeing-rally/?src=A00237A&ven=BenzingaCP&src=AURLAAM,1.0
e9b57ca99796a208,2020-03-27T00:00:00Z,news,Zacks,Amazon Teams Up With Conduent to Control Coronavirus Spread,http://www.zacks.com/stock/news/838841/amazon-teams-up-with-conduent-to-control-coronavirus-spread?cid=CS-BENZ-FT-analyst_blog|company_news_tech_sector-838841,1.0
4175ae96118eea83,2020-03-27T00:00:00Z,news,TalkMarkets,Slack To Integrate With Microsoft Teams For Cross-Platform Calls,https://talkmarkets.com/content/slack-to-integrate-with-microsoft-teams-for-cross-platform-calls?post=256278,1.0
b63b9007d890fa86,2020-03-27T00:00:00Z,news,Zacks,ETFs to Gain as Wall Street Cheers US Stimulus Package,http://www.zacks.com/stock/news/839282/etfs-to-gain-as-wall-street-cheers-us-stimulus-package?cid=CS-BENZ-FT-etf_news_and_commentary-839282,1.0
f0dcf782db6dc4ba,2020-03-27T00:00:00Z,news,Investor's Business Daily,Boeing Leads Dow Lower; These Sectors Hold Up Better,http://www.investors.com/market-trend/stock-market-today/boeing-stock-leads-dow-lower-defensive-sectors/?src=A00237A&ven=BenzingaCP&src=AURLAAM,1.0
c093f0e5439fa99a,2020-03-29T00:00:00Z,news,TalkMarkets,"US Dollar Sinks. Gold Prices, Wall Street Soar On Stimulus. Bottom Found?",https://talkmarkets.com/content/us-dollar-sinks-gold-prices-wall-street-soar-on-stimulus-bottom-found?post=256483,1.0
1c1150e52b23eb86,2020-03-29T00:00:00Z,news,Investor's Business Daily,"Dow Jones Futures: Can Stock Market Rally Survive Amid Coronavirus Crisis? Amazon, AMD Lead Six Stocks To Watch",http://www.investors.com/market-trend/stock-market-today/dow-jones-futures-stock-market-rally-amid-coronavirus-crisis-watch-amazon-tesla-microsoft-amd-gm/?src=A00237A&ven=BenzingaCP&src=AURLAAM,1.0
4e1b3c55d3ab2eb9,2020-03-30T00:00:00Z,news,TalkMarkets,S&P 500 And The Other Indices Still In Tight Range,https://talkmarkets.com/content/sp-500-and-the-other-indices-still-in-tight-range?post=256629,1.0
8939fc5a9b8f5170,2020-03-30T00:00:00Z,news,GuruFocus,Wall Street Gains on Monday,http://www.gurufocus.com/news/1089908/wall-street-gains-on-monday-,1.0
290f86375506d84f,2020-03-30T00:00:00Z,news,TalkMarkets,S&P 500 Industry Group Performance Numbers After COVID Crash,https://talkmarkets.com/content/sp-500-industry-group-performance-numbers-after-covid-crash?post=256623,1.0
7ca972dc6a76e449,2020-03-30T00:00:00Z,news,GuruFocus,"Poly Supercharges Microsoft Teams Experience with UC Headsets for Smart, Simple Collaboration",http://www.gurufocus.com/news/1089472/poly-supercharges-microsoft-teams-experience-with-uc-headsets-for-smart-simple-collaboration,1.0
173e65f0ac9061bf,2020-03-30T00:00:00Z,news,GuruFocus,Synaptics Announces Inducement Grants for Phillip Kumin under Nasdaq Listing Rule 56'5(c)(4),http://www.gurufocus.com/news/1090687/synaptics-announces-inducement-grants-for-phillip-kumin-under-nasdaq-listing-rule-5635c4,1.0
6ccb5d3fe0dfbc9b,2020-03-30T00:00:00Z,news,Zacks,Alphabet's Google to Donate $800M to Combat Coronavirus,http://www.zacks.com/stock/news/844744/alphabets-google-to-donate-%24800m-to-combat-coronavirus?cid=CS-BENZ-FT-analyst_blog|company_news_tech_sector-844744,1.0
c503e9ba047f9f78,2020-03-30T00:00:00Z,news,Zacks,"The Zacks Analyst Blog Highlights: Apple, Cisco, PepsiCo, AstraZeneca and NextEra",http://www.zacks.com/stock/news/844740/the-zacks-analyst-blog-highlights-apple-cisco-pepsico-astrazeneca-and-nextera?cid=CS-BENZ-FT-press_releases-844740,1.0
06af3331080f5297,2020-03-30T00:00:00Z,news,Zacks,Nasdaq (NDAQ) is a Top Dividend Stock Right Now: Should You Buy?,http://www.zacks.com/stock/news/845202/nasdaq-ndaq-is-a-top-dividend-stock-right-now-should-you-buy?cid=CS-BENZ-FT-tale_of_the_tape|yseop_template_5-845202,1.0
7d2957c53eb820d0,2020-03-30T00:00:00Z,news,Zacks,Disney's (DIS) Parks to Remain Shut on Coronavirus Woes,http://www.zacks.com/stock/news/845384/disneys-dis-parks-to-remain-shut-on-coronavirus-woes?cid=CS-BENZ-FT-analyst_blog|company_news_-_corporate_actions-845384,1.0
b769a1d64d4598b0,2020-03-30T00:00:00Z,news,Investor's Business Daily,Netflix Outshines Streaming Video Rivals During Covid-19 Pandemic,http://www.investors.com/stock-lists/sector-leaders/netflix-stock-gets-price-target-hike-covid-19-usage-spike/?src=A00237A&ven=BenzingaCP&src=AURLAAM,1.0
3b288f7fe82456bc,2020-03-30T00:00:00Z,news,Investor's Business Daily,Four Top Stocks To Watch In Today's Stock Market Rally Include Amazon And DocuSign,http://www.investors.com/stock-lists/stocks-near-a-buy-zone/stocks-to-watch-stock-market-rally-include-amazon-stock-docusign-stock/?src=A00237A&ven=BenzingaCP&src=AURLAAM,1.0
94116a20b03a24f5,2020-03-30T00:00:00Z,news,Zacks,"Top Analyst Reports for Alphabet, Procter & Gamble & Philip Morris",http://www.zacks.com/research-daily/845014/top-analyst-reports-for-alphabet-procter-gamble-philip-morris?cid=CS-BENZ-FT-research_daily-845014,1.0
20c771fc57b2534a,2020-03-30T00:00:00Z,news,GuruFocus,"Artificial Intelligence Market Future Outlook | Microsoft Corporation, Amazon Web Services, ...",http://www.gurufocus.com/news/1089325/artificial-intelligence-market-future-outlook--microsoft-corporation-amazon-web-services-applegoogle-inc-ibm-corporation-facebook-inc-siemens,1.0
31ba3ec64cac25af,2020-03-30T00:00:00Z,news,GuruFocus,Buying What the Fed Buys,http://www.gurufocus.com/news/1090533/buying-what-the-fed-buys,1.0
3b1e75b4b6d4cacb,2020-03-30T00:00:00Z,news,Zacks,"Morgan Stanley, Goldman Get Nod for Majority Stakes in China JV",http://www.zacks.com/stock/news/845137/morgan-stanley-goldman-get-nod-for-majority-stakes-in-china-jv?cid=CS-BENZ-FT-analyst_blog|company_news_-_finance_sector-845137,1.0
c47ac7997d5c0c7a,2020-03-30T00:00:00Z,news,Zacks,Simply Good Foods (SMPL) Reports Next Week: Wall Street Expects Earnings Growth,http://www.zacks.com/stock/news/845442/simply-good-foods-smpl-reports-next-week-wall-street-expects-earnings-growth?cid=CS-BENZ-FT-tale_of_the_tape|yseop_template_9-845442,1.0
7c1f5c8e3bdfea8a,2020-03-30T00:00:00Z,news,Zacks,Intel (INTC) is a Top Dividend Stock Right Now: Should You Buy?,http://www.zacks.com/stock/news/845265/intel-intc-is-a-top-dividend-stock-right-now-should-you-buy?cid=CS-BENZ-FT-tale_of_the_tape|yseop_template_5-845265,1.0
f6345b022f594265,2020-03-30T00:00:00Z,news,Investor's Business Daily,"Dow Jones Futures In Focus After Big Coronavirus Stock Market Rally, As U.S. Cases Top 161,000; Amazon's New Buy Point",http://www.investors.com/market-trend/stock-market-today/dow-jones-futures-coronavirus-stock-market-rally-amazon-stock-new-buy-point/?src=A00237A&ven=BenzingaCP&src=AURLAAM,1.0
2fdd13e70d914581,2020-03-31T00:00:00Z,news,Zacks,Microsoft Shines Bright in Coronavirus Gloom,http://www.zacks.com/stock/news/847666/microsoft-shines-bright-in-coronavirus-gloom?cid=CS-BENZ-FT-analyst_blog|investment_ideas-847666,1.0
179679441e3a4022,2020-03-31T00:00:00Z,news,Investor's Business Daily,"Dow Jones Today, Futures Mixed: Coronavirus News — 30 States Locked Down; Oil Prices Bounce On U.S.-Russia Talks",http://www.investors.com/market-trend/stock-market-today/dow-jones-today-futures-mixed-coronavirus-news-30-states-locked-down-oil-prices-bounce-u-s-russia-talks/?src=A00237A&ven=BenzingaCP&src=AURLAAM,1.0
8663e7db13544c96,2020-03-31T00:00:00Z,news,Investor's Business Daily,"Dow Jones Futures: Stock Market Rally Pauses As Coronavirus Cases Soar; Amazon, Microsoft Lead Tech Giants Setting Up",http://www.investors.com/market-trend/stock-market-today/dow-jones-futures-stock-market-rally-pauses-coronavirus-cases-soar-amazon-amd-nvidia-microsoft-vertex-docusign-tesla-deliveries/?src=A00237A&ven=BenzingaCP&src=AURLAAM,1.0
d1135dafd164cec8,2020-03-31T00:00:00Z,news,Zacks,Amazon (AMZN) Issues FBA Fee Waiver to Stoke Seller Interest,http://www.zacks.com/stock/news/847780/amazon-amzn-issues-fba-fee-waiver-to-stoke-seller-interest?cid=CS-BENZ-FT-analyst_blog|company_news_-_corporate_actions-847780,1.0
8d9aa38afd04fd4b,2020-03-31T00:00:00Z,news,Zacks,Gilead Expands Access to Experimental Coronavirus Treatment,http://www.zacks.com/stock/news/847235/gilead-expands-access-to-experimental-coronavirus-treatment?cid=CS-BENZ-FT-analyst_blog|company_news_-_medical_sector-847235,1.0
c4eea07dc5ddfbfd,2020-03-31T00:00:00Z,news,Zacks,Gilead Sciences (GILD) Stock Moves -1.54%: What You Should Know,http://www.zacks.com/stock/news/847749/gilead-sciences-gild-stock-moves-154-what-you-should-know?cid=CS-BENZ-FT-tale_of_the_tape|yseop_template_6-847749,1.0
1fff88349d9920b6,2020-03-31T00:00:00Z,news,Investor's Business Daily,Dow Jones Eyes Worst Quarter Since 2008 In Coronavirus Stock Market Crash,http://www.investors.com/market-trend/stock-market-today/dow-jones-eyes-worst-quarter-since-2008-coronavirus-stock-market-crash/?src=A00237A&ven=BenzingaCP&src=AURLAAM,1.0
86a4fccaa3a780cf,2020-03-31T00:00:00Z,news,GuruFocus,Tesla Braces for Delivery Collapse Amid Coronavirus Shutdown,http://www.gurufocus.com/news/1090895/tesla-braces-for-delivery-collapse-amid-coronavirus-shutdown,1.0
56f9532a90bc1a16,2020-03-31T00:00:00Z,news,Investor's Business Daily,Dow Jones Down But Nears Key Level As Coronavirus Cases Spike; 3 Growth Stocks Give Bullish Signal,http://www.investors.com/market-trend/stock-market-today/dow-jones-nears-key-technical-level-as-coronavirus-cases-spike-3-growth-stocks-give-bullish-signal/?src=A00237A&ven=BenzingaCP&src=AURLAAM,1.0
f86492869435f6bc,2020-03-31T00:00:00Z,news,Zacks,BofA's Solid Liquidity to Help Tide Over Coronavirus Crisis,http://www.zacks.com/stock/news/847779/bofas-solid-liquidity-to-help-tide-over-coronavirus-crisis?cid=CS-BENZ-FT-analyst_blog|company_news_-_finance_sector-847779,1.0
4850e0decc438122,2020-03-31T00:00:00Z,news,Zacks,"eXp World, Columbia Sportswear, Walmart, Target, Amazon as Zacks Bull and Bear of the Day",http://www.zacks.com/stock/news/847404/exp-world-columbia-sportswear-walmart-target-amazon-as-zacks-bull-and-bear-of-the-day?cid=CS-BENZ-FT-press_releases-847404,1.0
4483fc4a4c3dc624,2020-03-31T00:00:00Z,news,Zacks,"The Zacks Analyst Blog Highlights: Alphabet, Procter & Gamble, Philip Morris, Novo Nordisk and Tesla",http://www.zacks.com/stock/news/847372/the-zacks-analyst-blog-highlights-alphabet-procter-gamble-philip-morris-novo-nordisk-and-tesla?cid=CS-BENZ-FT-press_releases-847372,1.0
abf651728ff5d2f9,2020-03-31T00:00:00Z,news,Investor's Business Daily,"Dow Jones Reverses Higher, As Global Coronavirus Cases Top 800,000; Domino's, RH, Visa Key Movers",http://www.investors.com/market-trend/stock-market-today/dow-jones-coronavirus-stock-market-correction-covid-19-amazon-stock/?src=A00237A&ven=BenzingaCP&src=AURLAAM,1.0
59271e63d9ad4d71,2020-03-31T00:00:00Z,news,Investor's Business Daily,"Dow Jones Slumps After 3,700-Point, 5-Session Surge; Software Sector Delivers 3 Bullish Breakouts",http://www.investors.com/market-trend/stock-market-today/dow-jones-dips-after-3700-point-five-session-surge/?src=A00237A&ven=BenzingaCP&src=AURLAAM,1.0
38e35f117cce4d4e,2020-03-31T00:00:00Z,news,GuruFocus,Otis Worldwide and Carrier Global Set to Join S&P 500; American Tower to Join S&P ...,http://www.gurufocus.com/news/1092318/otis-worldwide-and-carrier-global-set-to-join-sp-500-american-tower-to-join-sp-100-and-macys-to-join-sp-smallcap-600,1.0
2cc00f7ce77620fb,2020-03-31T00:00:00Z,news,Zacks,Amazon's (AMZN) Lyft Deal Boosts Efforts to Fight Coronavirus,http://www.zacks.com/stock/news/847679/amazons-amzn-lyft-deal-boosts-efforts-to-fight-coronavirus?cid=CS-BENZ-FT-analyst_blog|company_news_-_corporate_actions-847679,1.0
7b71c59363582e68,2020-04-01T00:00:00Z,news,Zacks,6 Top S&P 500 Stocks That Have Surged Despite Worst-Ever Q1,http://www.zacks.com/stock/news/848646/6-top-sp-500-stocks-that-have-surged-despite-worst-ever-q1?cid=CS-BENZ-FT-analyst_blog|investment_ideas-848646,1.0
97e87f99e704269e,2020-04-01T00:00:00Z,news,Investor's Business Daily,Dow Jones Dives 800 Points As Stocks Routed On Trump's Grim Coronavirus Outlook,http://www.investors.com/market-trend/stock-market-today/dow-jones-plunges-stocks-routed-trump-coronavirus-outlook/?src=A00237A&ven=BenzingaCP&src=AURLAAM,1.0
5d3a344e53637106,2020-04-01T00:00:00Z,news,GuruFocus,"Computer Vision Market To Set Magnificent Growth: Competitor Outlook By IBM, Google, Facebook, ...",http://www.gurufocus.com/news/1092526/computer-vision-market-to-set-magnificent-growth-competitor-outlook-by-ibm-google-facebook-microsoft-nvidia-texas-instruments,1.0
fc1fcbc629916c51,2020-04-01T00:00:00Z,news,GuruFocus,Neville Rodie & Shaw Inc Buys Amazon. ...,http://www.gurufocus.com/news/1093297/neville-rodie--shaw-inc-buys-amazoncom-inc-qualcomm-inc-spdr-select-sector-fund--consumer-discretionary-sells-truist-financial-corp-cullenfrost-bankers-inc-marathon-petroleum-corp,1.0
a9e9f5af37a6fb53,2020-04-01T00:00:00Z,news,Investor's Business Daily,Stocks Close Near Session Lows As Apple Drops Below A Key Chart Level,http://www.investors.com/market-trend/stock-market-today/stock-market-closes-near-session-lows-apple-below-chart-level/?src=A00237A&ven=BenzingaCP&src=AURLAAM,1.0
0515b9ac90df9e70,2020-04-01T00:00:00Z,news,Zacks,"1-800-FLOWERS, Crocs, Microsoft, Avid and American Software as Zacks Bull and Bear of the Day",http://www.zacks.com/stock/news/849402/1-800-flowers-crocs-microsoft-avid-and-american-software-as-zacks-bull-and-bear-of-the-day?cid=CS-BENZ-FT-press_releases-849402,1.0
41f29788cd722606,2020-04-01T00:00:00Z,news,Investor's Business Daily,Dow Jones Futures: Keep Your Distance From Coronavirus Bear Market As Covid-19 Cases Surge,http://www.investors.com/market-trend/stock-market-today/dow-jones-futures-coronavirus-bear-market-social-distancing-zoom-video-shopify-apple-amazon-dexcom/?src=A00237A&ven=BenzingaCP&src=AURLAAM,1.0
ba98eb61f32525f1,2020-04-01T00:00:00Z,news,Zacks,Walt Disney (DIS) Stock Moves -1.74%: What You Should Know,http://www.zacks.com/stock/news/849762/walt-disney-dis-stock-moves-174-what-you-should-know?cid=CS-BENZ-FT-tale_of_the_tape|yseop_template_6-849762,1.0
29004c317ee42532,2020-04-01T00:00:00Z,news,Zacks,Disney (DIS) to Beam Disney+ in India Amid Coronavirus Shutdown,http://www.zacks.com/stock/news/848851/disney-dis-to-beam-disney%2B-in-india-amid-coronavirus-shutdown?cid=CS-BENZ-FT-analyst_blog|company_news_-_corporate_actions-848851,1.0
6a5b91bc6c11ae96,2020-04-01T00:00:00Z,news,Investor's Business Daily,Dow Jones Cuts 893-Point Drop Amid China Coronavirus Concerns; These Stocks Are Up In 2020,http://www.investors.com/market-trend/stock-market-today/dow-jones-cuts-893-point-drop-china-coronavirus-concerns-stocks-up-in-2020/?src=A00237A&ven=BenzingaCP&src=AURLAAM,1.0
0a84098896cf7582,2020-04-02T00:00:00Z,news,Zacks,"The Zacks Analyst Blog Highlights: Regeneron, Netflix, Clorox, NVIDIA and SBA",http://www.zacks.com/stock/news/851290/the-zacks-analyst-blog-highlights-regeneron-netflix-clorox-nvidia-and-sba?cid=CS-BENZ-FT-press_releases-851290,1.0
680e09767d4d4ba3,2020-04-02T00:00:00Z,news,GuruFocus,The Best and Worst-Performing S&P 500 Stocks of the –st Quarter,http://www.gurufocus.com/news/1094655/the-best-and-worstperforming-sp-500-stocks-of-the-1st-quarter,1.0
786ff4772885d8a6,2020-04-02T00:00:00Z,news,Investor's Business Daily,"Oil Stocks Lead S&P 500, But Small Caps Lag; 3 Breakouts In Trouble",http://www.investors.com/market-trend/stock-market-today/stock-market-closes-higher-oil-stocks-lead/?src=A00237A&ven=BenzingaCP&src=AURLAAM,1.0
ed71097640855db5,2020-04-02T00:00:00Z,news,Investor's Business Daily,"Dow Jones Futures: After Strong Market Rally, Tesla Leaps On Q1 Deliveries, But These 4 Leaders Eye Buy Points",http://www.investors.com/market-trend/stock-market-today/dow-jones-futures-stock-market-rally-has-tesla-stock-q1-deliveries/?src=A00237A&ven=BenzingaCP&src=AURLAAM,1.0
f4dcdac51b899096,2020-04-02T00:00:00Z,news,Investor's Business Daily,A Top Stock Amid The Coronavirus Crash: Why BioMarin Is Outperforming The S&P 500,http://www.investors.com/stock-lists/ibd-big-cap-20/coronavirus-stock-market-crash-biomarin-outperforming-sp-500/?src=A00237A&ven=BenzingaCP&src=AURLAAM,1.0
3b266b4355f9d8ea,2020-04-02T00:00:00Z,news,Investor's Business Daily,"Coronavirus Stock Market Correction: Dow Jones Lower, As Jobless Claims Surge; Luckin Coffee Crashes 80%",http://www.investors.com/market-trend/stock-market-today/dow-jones-coronavirus-stock-market-jobless-claims-luckin-coffee/?src=A00237A&ven=BenzingaCP&src=AURLAAM,1.0
e9c0802522d794a3,2020-04-02T00:00:00Z,news,TalkMarkets,Guggenheim Downgrades 'Particularly Hard Hit' Disney To Neutral,https://talkmarkets.com/content/guggenheim-downgrades-particularly-hard-hit-disney-to-neutral?post=257016,1.0
047f188fabdbf1e1,2020-04-02T00:00:00Z,news,Zacks,Shaw Communications (SJR) Reports Next Week: Wall Street Expects Earnings Growth,http://www.zacks.com/stock/news/851313/shaw-communications-sjr-reports-next-week-wall-street-expects-earnings-growth?cid=CS-BENZ-FT-tale_of_the_tape|yseop_template_9-851313,1.0
b187215a080e2142,2020-04-02T00:00:00Z,news,GuruFocus,S&P 500 Stocks Hanging by a Thread as Macy's Is Booted Off,http://www.gurufocus.com/news/1094700/sp-500-stocks-hanging-by-a-thread-as-macys-is-booted-off,1.0
03bcb0e2a070d355,2020-04-02T00:00:00Z,news,Investor's Business Daily,"Dow Jones Today, Futures Slip As Oil Prices, Unemployment Data Spike; Walgreens Dives On Q2 Earnings",http://www.investors.com/market-trend/stock-market-today/oil-prices-boost-dow-jones-today-futures-unemployment-data-walgreens-q2-earnings/?src=A00237A&ven=BenzingaCP&src=AURLAAM,1.0
dac3159f80e26c32,2020-04-02T00:00:00Z,news,Zacks,"The Zacks Analyst Blog Highlights: Netflix, Akamai, DocuSign and Teladoc",http://www.zacks.com/stock/news/851341/the-zacks-analyst-blog-highlights-netflix-akamai-docusign-and-teladoc?cid=CS-BENZ-FT-press_releases-851341,1.0
4a678773e7e9b8cd,2020-04-02T00:00:00Z,news,Investor's Business Daily,"Dow Jones Whipsaws, Up 17% From March Low; Will These 5 Sectors Lead A New Rally?",http://www.investors.com/market-trend/stock-market-today/dow-jones-whipsaws-still-up-16-from-march-low-will-these-5-sectors-lead-rally/?src=A00237A&ven=BenzingaCP&src=AURLAAM,1.0
d82428957a43fb93,2020-04-02T00:00:00Z,news,Investor's Business Daily,Dow Jones Leads Indexes Higher Despite Record Jobless Claims,http://www.investors.com/market-trend/stock-market-today/dow-jones-boosted-by-surging-oil-stocks-despite-record-jobless-claims/?src=A00237A&ven=BenzingaCP&src=AURLAAM,1.0
d5e7b58258e9dcc2,2020-04-02T00:00:00Z,news,GuruFocus,Farmer Brothers Reports Inducement Grant Under Nasdaq Listing Rule 56'5(c)(4),http://www.gurufocus.com/news/1094800/farmer-brothers-reports-inducement-grant-under-nasdaq-listing-rule-5635c4,1.0
a2810a3c21b73b5e,2020-04-02T00:00:00Z,news,Zacks,"The Zacks Analyst Blog Highlights: Moderna, Regeneron, Zoom Video, Netflix and Peloton",http://www.zacks.com/stock/news/851283/the-zacks-analyst-blog-highlights-moderna-regeneron-zoom-video-netflix-and-peloton?cid=CS-BENZ-FT-press_releases-851283,1.0
816ae69279eb03ea,2020-04-02T00:00:00Z,news,GuruFocus,Sophie Brochu will not seek re-election to BCE board of directors,http://www.gurufocus.com/news/1094319/sophie-brochu-will-not-seek-reelection-to-bce-board-of-directors,1.0
3dce8466033281ac,2020-04-03T00:00:00Z,news,Zacks,Apple (AAPL) Card Users May Defer April Payments Amid Coronavirus,http://www.zacks.com/stock/news/852839/apple-aapl-card-users-may-defer-april-payments-amid-coronavirus?cid=CS-BENZ-FT-analyst_blog|company_news_tech_sector-852839,1.0
09fecd161e024e37,2020-04-03T00:00:00Z,news,Zacks,Intel (INTC) Introduces New Mobile Processors: Key Takeaways,http://www.zacks.com/stock/news/852709/intel-intc-introduces-new-mobile-processors-key-takeaways?cid=CS-BENZ-FT-analyst_blog|company_news_tech_sector-852709,1.0
814aef9fd310c87d,2020-04-03T00:00:00Z,news,GuruFocus,Dow Jones Down Almost 400 Points Following Disappointing March Jobs Reports,http://www.gurufocus.com/news/1095632/dow-jones-down-almost-400-points-following-disappointing-march-jobs-reports-,1.0
b9e4c7d344d64db6,2020-04-03T00:00:00Z,news,Investor's Business Daily,"Emergency OPEC Meeting, Quibi Launch Due: Investing Action Plan",http://www.investors.com/research/investing-action-plan/opec-meeting-quibi-streaming-video-service-launch-due/?src=A00237A&ven=BenzingaCP&src=AURLAAM,1.0
6ed7084ceb7aec8a,2020-04-03T00:00:00Z,news,Zacks,"Top Research Reports for Amazon, Medtronic & Vertex",http://www.zacks.com/research-daily/853045/top-research-reports-for-amazon-medtronic-vertex?cid=CS-BENZ-FT-research_daily-853045,1.0
fbf22d40e5980629,2020-04-03T00:00:00Z,news,Zacks,Coronavirus Hits S&P 500: 4 MedTech Stocks That Fared Better,http://www.zacks.com/stock/news/852780/coronavirus-hits-sp-500-4-medtech-stocks-that-fared-better?cid=CS-BENZ-FT-analyst_blog|industry_focus-852780,1.0
aefa0d24ad9690dd,2020-04-03T00:00:00Z,news,Zacks,ETFs to Ride High on Tesla's Robust Q1 Delivery Numbers,http://www.zacks.com/stock/news/853110/etfs-to-ride-high-on-teslas-robust-q1-delivery-numbers?cid=CS-BENZ-FT-etf_news_and_commentary-853110,1.0
e855e09e19293cba,2020-04-03T00:00:00Z,news,TalkMarkets,"Cisco, Apple And Oracle: Strong Cash Positions Indicate Safe Long-Term Returns",https://talkmarkets.com/content/cisco-apple-and-oracle-strong-cash-positions-indicate-safe-long-term-returns?post=257211,1.0
2413ebf14af64a3d,2020-04-03T00:00:00Z,news,Zacks,Buy Nasdaq (NDAQ) Stock for Safety Amid Coronavirus Market Volatility?,http://www.zacks.com/stock/news/853596/buy-nasdaq-ndaq-stock-for-safety-amid-coronavirus-market-volatility?cid=CS-BENZ-FT-stocks_in_the_news|major_headlines-853596,1.0
b4057e96e8f58878,2020-04-03T00:00:00Z,news,Zacks,Can Nasdaq (NDAQ) Keep the Earnings Surprise Streak Alive?,http://www.zacks.com/stock/news/853062/can-nasdaq-ndaq-keep-the-earnings-surprise-streak-alive?cid=CS-BENZ-FT-tale_of_the_tape|yseop_template_7-853062,1.0
cc8ad1aff47589b4,2020-04-03T00:00:00Z,news,Zacks,Intel (INTC) Stock Moves -0.4%: What You Should Know,http://www.zacks.com/stock/news/853503/intel-intc-stock-moves-04-what-you-should-know?cid=CS-BENZ-FT-tale_of_the_tape|yseop_template_6-853503,1.0
99003656110fe597,2020-04-03T00:00:00Z,news,Zacks,Amazon's New Grocery Store in Irvine to Boost Retail Presence,http://www.zacks.com/stock/news/852554/amazons-new-grocery-store-in-irvine-to-boost-retail-presence?cid=CS-BENZ-FT-analyst_blog|company_news_tech_sector-852554,1.0
0cf6132a34526b46,2020-04-03T00:00:00Z,news,Zacks,Walmart (WMT) Pauses Stake Sale in Asda Amid Coronavirus,http://www.zacks.com/stock/news/853422/walmart-wmt-pauses-stake-sale-in-asda-amid-coronavirus?cid=CS-BENZ-FT-analyst_blog|company_news_-_corporate_actions-853422,1.0
e0498d52d4747d82,2020-04-04T00:00:00Z,news,TalkMarkets,"They Fought The Fed And Lost: How Powell Triggered A ""Spectacular"" Short Squeeze In LQD",https://talkmarkets.com/content/they-fought-the-fed-and-lost-how-powell-triggered-a-spectacular-short-squeeze-in-lqd?post=257276,1.0
deaeea2bb4358f74,2020-04-04T00:00:00Z,news,GuruFocus,"Intel Corp (INTC) EVP, GM - Data Platforms Group Navin Shenoy Sold $577,477 of Shares",http://www.gurufocus.com/news/1095906/intel-corp-intc-evp-gm--data-platforms-group-navin-shenoy-sold-577477-of-shares,1.0
835b6dab92502f07,2020-04-06T00:00:00Z,news,Zacks,"Chewy, Cedar Fair, Baidu, Alibaba and Alphabet highlighted as Zacks Bull and Bear of the Day",http://www.zacks.com/stock/news/857089/chewy-cedar-fair-baidu-alibaba-and-alphabet-highlighted-as-zacks-bull-and-bear-of-the-day?cid=CS-BENZ-FT-press_releases-857089,1.0
c3c897ed36135ef7,2020-04-06T00:00:00Z,news,Zacks,5 Top S&P 500 Stocks That Rallied Last Week Defying Coronavirus,http://www.zacks.com/stock/news/856832/5-top-sp-500-stocks-that-rallied-last-week-defying-coronavirus?cid=CS-BENZ-FT-analyst_blog|investment_ideas-856832,1.0
a2d7617862b66487,2020-04-06T00:00:00Z,news,Zacks,Tesla (TSLA) Q1 Deliveries Impress Despite Coronavirus Crisis,http://www.zacks.com/stock/news/856972/tesla-tsla-q1-deliveries-impress-despite-coronavirus-crisis?cid=CS-BENZ-FT-analyst_blog|company_news_-_corporate_actions-856972,1.0
9a3960984e46d776,2020-04-06T00:00:00Z,news,Investor's Business Daily,"Dow Jones Up 1,300 Points, Vertex Breaks Out; 5 Strongest Blue Chip Stocks Today",http://www.investors.com/market-trend/stock-market-today/dow-jones-up-1300-points-vertex-breaks-out-5-strongest-blue-chip-stocks-today/?src=A00237A&ven=BenzingaCP&src=AURLAAM,1.0
20993ee9a3d0e954,2020-04-06T00:00:00Z,news,Investor's Business Daily,Dow Jones Rallies 6% As Coronavirus Cases Slow; 2 Dow Stocks To Watch,http://www.investors.com/market-trend/stock-market-today/dow-jones-surges-coronavirus-cases-slow-2-dow-stocks-to-watch/?src=A00237A&ven=BenzingaCP&src=AURLAAM,1.0
9331b56ac0c53029,2020-04-06T00:00:00Z,news,Zacks,"The Zacks Analyst Blog Highlights: Amazon, Medtronic, Vertex Pharmaceuticals, Intuit and Bayer",http://www.zacks.com/stock/news/857124/the-zacks-analyst-blog-highlights-amazon-medtronic-vertex-pharmaceuticals-intuit-and-bayer?cid=CS-BENZ-FT-press_releases-857124,1.0
c64e50291a356f02,2020-04-06T00:00:00Z,news,Investor's Business Daily,"Dow Jones Surges More Than 1,000 Points On Favorable Coronavirus Trends; Chip Leader Sports Bullish Chart",http://www.investors.com/market-trend/stock-market-today/dow-jones-surges-positive-coronavirus-trends-nvidia-chart-gets-more-bullish/?src=A00237A&ven=BenzingaCP&src=AURLAAM,1.0
42b243d7f779491d,2020-04-06T00:00:00Z,news,Investor's Business Daily,"Dow Jones Futures: Coronavirus Stock Market Rally Powers Up; 6 Leaders To Watch Include Amazon, Facebook, Netflix, Vertex",http://www.investors.com/market-trend/stock-market-today/dow-jones-futures-coronavirus-stock-market-rally-stocks-to-watch-amazon-facebook-netflix-vertex/?src=A00237A&ven=BenzingaCP&src=AURLAAM,1.0
12837ec933401c25,2020-04-06T00:00:00Z,news,Investor's Business Daily,"Five Top Stocks To Watch In Today's Stock Market Rally Include Amazon, Netflix; Vertex Is Breaking Out Today",http://www.investors.com/stock-lists/stocks-near-a-buy-zone/stocks-to-watch-stock-market-rally-amazon-stock-netflix-stock-vertex-stock/?src=A00237A&ven=BenzingaCP&src=AURLAAM,1.0
0341b69278f45ca8,2020-04-06T00:00:00Z,news,Zacks,JPMorgan (JPM) to Own 100% Stake in Securities JV in China,http://www.zacks.com/stock/news/856982/jpmorgan-jpm-to-own-100-stake-in-securities-jv-in-china?cid=CS-BENZ-FT-analyst_blog|company_news_-_finance_sector-856982,1.0
0db95ec244ee92a9,2020-04-06T00:00:00Z,news,TalkMarkets,Commodities And Inflation-Indexed Treasuries Rallied Last Week,https://talkmarkets.com/content/commodities-and-inflation-indexed-treasuries-rallied-last-week?post=257420,1.0
cc339737eaea4eee,2020-04-06T00:00:00Z,news,GuruFocus,Will the Fed Buy Stocks to Prop Up Markets?,http://www.gurufocus.com/news/1097497/will-the-fed-buy-stocks-to-prop-up-markets,1.0
9f6f0b53e7436ca9,2020-04-06T00:00:00Z,news,Zacks,"Disney (DIS) Alters Movie Release Dates, Boosts Disney+ Suite",http://www.zacks.com/stock/news/856822/disney-dis-alters-movie-release-dates-boosts-disney%2B-suite?cid=CS-BENZ-FT-analyst_blog|company_news_-_corporate_actions-856822,1.0
e11b4e06125dfdf8,2020-04-06T00:00:00Z,news,Zacks,"JPMorgan, Wells Fargo, FedEx, Nike and Costco are part of Zacks Earnings Preview",http://www.zacks.com/stock/news/857099/jpmorgan-wells-fargo-fedex-nike-and-costco-are-part-of-zacks-earnings-preview?cid=CS-BENZ-FT-press_releases-857099,1.0
2b3dc7e65dd4b93b,2020-04-06T00:00:00Z,news,Investor's Business Daily,"Dow Jones Today, Futures Jump Amid Coronavirus Warnings; Chips Stocks Rally, Co-Diagnostics Covid-19 Test Approved",http://www.investors.com/market-trend/stock-market-today/dow-jones-today-futures-jump-coronavirus-warnings-chips-stocks-codiagnostics-covid-19-test/?src=A00237A&ven=BenzingaCP&src=AURLAAM,1.0
844d384ec90faa96,2020-04-06T00:00:00Z,news,GuruFocus,JPMorgan Chase Reports First-Quarter 2020 Financial Results,http://www.gurufocus.com/news/1097801/jpmorgan-chase-reports-firstquarter-2020-financial-results,1.0
4578d784553e579f,2020-04-06T00:00:00Z,news,Zacks,"Zacks Investment Ideas feature highlights: Twilio, Splunk, Amazon, Adobe and Microsoft",http://www.zacks.com/stock/news/857093/zacks-investment-ideas-feature-highlights-twilio-splunk-amazon-adobe-and-microsoft?cid=CS-BENZ-FT-press_releases-857093,1.0
9073942c264648a9,2020-04-07T00:00:00Z,news,Investor's Business Daily,"Dow Jones Rips 2,674 Points Higher In 4 Days; Will These Growth Stocks Beat The S&P 500?",http://www.investors.com/market-trend/stock-market-today/dow-jones-rips-2674-points-higher-in-4-days-will-5-growth-stocks-beat-sp500/?src=A00237A&ven=BenzingaCP&src=AURLAAM,1.0
149f719ecb2edb17,2020-04-07T00:00:00Z,news,Investor's Business Daily,"Dow Jones Futures: A Coronavirus Stock Market Rally Test To Save Your Portfolio; Vertex, Amazon, TAL In Focus",http://www.investors.com/market-trend/stock-market-today/dow-jones-futures-coronavirus-stock-market-rally-test-vertex-microsoft-amazon-nvidia-tal-education/?src=A00237A&ven=BenzingaCP&src=AURLAAM,1.0
b69cc3176d8305b2,2020-04-07T00:00:00Z,news,Zacks,Boeing Secures $68M Air Force Deal to Support F-15 Program,http://www.zacks.com/stock/news/859116/boeing-secures-%2468m-air-force-deal-to-support-f-15-program?cid=CS-BENZ-FT-analyst_blog|company_news_-_corporate_actions-859116,1.0
a33dadfd7e059277,2020-04-07T00:00:00Z,news,Investor's Business Daily,"Dow Jones Today, Futures Jump On Coronavirus News; Vertex, Walmart In Buy Ranges",http://www.investors.com/market-trend/stock-market-today/dow-jones-today-futures-jump-on-coronavirus-news-vertex-walmart-in-buy-ranges/?src=A00237A&ven=BenzingaCP&src=AURLAAM,1.0
1e0c18a2c8313f65,2020-04-07T00:00:00Z,news,Investor's Business Daily,Coronavirus Stock Market Rally: Dow Jones Cuts Into 900-Point Gain Amid Virus Optimism; Vertex Reverses Lower,http://www.investors.com/market-trend/stock-market-today/dow-jones-coronavirus-stock-market-rally-amazon-apple-tesla-vertex/?src=A00237A&ven=BenzingaCP&src=AURLAAM,1.0
82cc086b263e5714,2020-04-07T00:00:00Z,news,Zacks,5 Sector ETFs at the Forefront of Wall Street Rally,http://www.zacks.com/stock/news/858969/5-sector-etfs-at-the-forefront-of-wall-street-rally?cid=CS-BENZ-FT-etf_news_and_commentary-858969,1.0
8365d773dbaa414d,2020-04-07T00:00:00Z,news,Zacks,"HCA Healthcare, Google Cloud Tie Up Amid Coronavirus Woes",http://www.zacks.com/stock/news/858757/hca-healthcare-google-cloud-tie-up-amid-coronavirus-woes?cid=CS-BENZ-FT-analyst_blog|company_news_-_medical_sector-858757,1.0
8be51e0995ff66bf,2020-04-07T00:00:00Z,news,Investor's Business Daily,Best Dividend Stocks: Top Income Play Nearly Triples The S&P 500's Yield,http://www.investors.com/research/the-income-investor/best-dividend-stocks-top-income-play-nearly-triples-sp-500-yield/?src=A00237A&ven=BenzingaCP&src=AURLAAM,1.0
0de512fffe5168f5,2020-04-07T00:00:00Z,news,Zacks,Signs of Coronavirus Slowdown Pep Up Wall Street: 5 Winners,http://www.zacks.com/stock/news/858536/signs-of-coronavirus-slowdown-pep-up-wall-street-5-winners?cid=CS-BENZ-FT-analyst_blog|investment_ideas-858536,1.0
60934695ba4cc882,2020-04-07T00:00:00Z,news,Investor's Business Daily,Dow Jones Rallies 700 Points As Coronavirus Outbreak Shows Signs Of Slowing,http://www.investors.com/market-trend/stock-market-today/dow-rallies-700-points-coronavirus-shows-signs-slowing/?src=A00237A&ven=BenzingaCP&src=AURLAAM,1.0
6f6ca8adcc48b716,2020-04-08T00:00:00Z,news,Investor's Business Daily,"Dow Jones Futures: Coronavirus Stock Market Rally Lacks Two Key Qualities; Analyzing Apple, Amazon, Microsoft, Dexcom, Nvidia, Costco",http://www.investors.com/market-trend/stock-market-today/dow-jones-futures-coronavirus-stock-market-rally-apple-amazon-microsoft-nvidia-analyzed/?src=A00237A&ven=BenzingaCP&src=AURLAAM,1.0
5916f4aea73d34d4,2020-04-08T00:00:00Z,news,Investor's Business Daily,"Dow Jones Soars Past 23,000, Small Caps Surge, As Coronavirus Stock Market Rally Gains Traction",http://www.investors.com/market-trend/stock-market-today/dow-jones-soars-past-23000-small-caps-surge-coronavirus-stock-market-rally/?src=A00237A&ven=BenzingaCP&src=AURLAAM,1.0
63652620d84fc914,2020-04-08T00:00:00Z,news,Zacks,Sallie Mae (SLM) to Report Q1 Results: Wall Street Expects Earnings Growth,http://www.zacks.com/stock/news/861203/sallie-mae-slm-to-report-q1-results-wall-street-expects-earnings-growth?cid=CS-BENZ-FT-tale_of_the_tape|yseop_template_9-861203,1.0
c1d963f97fc24f88,2020-04-08T00:00:00Z,news,Zacks,Intel (INTC) to Divest Home Gateway Division to MaxLinear (Revised),http://www.zacks.com/stock/news/860243/intel-intc-to-divest-home-gateway-division-to-maxlinear-revised?cid=CS-BENZ-FT-analyst_blog|company_news_tech_sector-860243,1.0
d43b8f27c42546f4,2020-04-08T00:00:00Z,news,Zacks,Goldman's Plea to Dismiss Class-Action Lawsuit Gets Rejected,http://www.zacks.com/stock/news/860782/goldmans-plea-to-dismiss-class-action-lawsuit-gets-rejected?cid=CS-BENZ-FT-analyst_blog|company_news_-_finance_sector-860782,1.0
dbc97cefa0bdd12d,2020-04-08T00:00:00Z,news,Investor's Business Daily,"Dow Jones Rises 639 Points, Russell 2000 Up 4.5%; Will This Cloud Stock Torch The Bears?",http://www.investors.com/market-trend/stock-market-today/dow-jones-rises-639-points-russell-2000-up-4-5-will-this-cloud-stock-torch-the-bears/?src=A00237A&ven=BenzingaCP&src=AURLAAM,1.0
6ef6b99b539d2810,2020-04-08T00:00:00Z,news,Zacks,"Top Research Reports for Tesla, Zoetis, Target",http://www.zacks.com/research-daily/860810/top-research-reports-for-tesla-zoetis-target?cid=CS-BENZ-FT-research_daily-860810,1.0
fbf375e4ad94bed0,2020-04-08T00:00:00Z,news,GuruFocus,"Pacific Financial Group Inc Buys Vanguard Value, SPDR Series Trust Portfolio S&P 500 ...",http://www.gurufocus.com/news/1099119/pacific-financial-group-inc-buys-vanguard-value-spdr-series-trust-portfolio-sp-500-growth-spdr-select-sector-fund--utilities-sells-powershares-qqq-trust-ser-1-ishares-core-sp-midcap-ishares-core-sp-smallcap,1.0
fd9ca15996fe8aa8,2020-04-08T00:00:00Z,news,Zacks,Microsoft (MSFT) Azure Adopted by Blackrock to Host Platform,http://www.zacks.com/stock/news/860820/microsoft-msft-azure-adopted-by-blackrock-to-host-platform?cid=CS-BENZ-FT-analyst_blog|company_news_tech_sector-860820,1.0
5a545fb484713aa0,2020-04-08T00:00:00Z,news,GuruFocus,"Prudent Investors Network Buys PowerShares QQQ Trust Ser –, Invesco S&P 500 High ...",http://www.gurufocus.com/news/1099770/prudent-investors-network-buys-powershares-qqq-trust-ser-1-invesco-sp-500-high-dividend-low-volatility-realty-income-corp-sells-invesco-fundamental-high-yield-corporate-bond-ishares-jp-morgan-usd-emerging-markets-bond,1.0
0ec76003454a3aac,2020-04-08T00:00:00Z,news,GuruFocus,Disney+ Paid Subscriber Count Surpasses 50 Million Milestone,http://www.gurufocus.com/news/1100175/disney-paid-subscriber-count-surpasses-50-million-milestone,1.0
dad03456681625c3,2020-04-08T00:00:00Z,news,TalkMarkets,Disney Shares Climb 7% As Video On Demand Service Crosses 50M Subscribers,https://talkmarkets.com/content/disney-shares-climb-7-as-video-on-demand-service-crosses-50m-subscribers?post=257848,1.0
8e3305aba84fa3c8,2020-04-08T00:00:00Z,news,TalkMarkets,Buying Opportunity In Disney,https://talkmarkets.com/content/buying-opportunity-in-disney?post=257797,1.0
f3300449975a9a47,2020-04-08T00:00:00Z,news,Zacks,"Netflix, Other Streaming Services Go All Out Amid Quarantine",http://www.zacks.com/stock/news/860627/netflix-other-streaming-services-go-all-out-amid-quarantine?cid=CS-BENZ-FT-analyst_blog|industry_focus-860627,1.0
81b79a3b42e851a0,2020-04-08T00:00:00Z,news,TalkMarkets,"Wells Fargo Downgrades Disney, Says Company 'Will Evaluate The Dividend'",https://talkmarkets.com/content/wells-fargo-downgrades-disney-says-company-will-evaluate-the-dividend?post=257792,1.0
46a5f8cce166d9dd,2020-04-08T00:00:00Z,news,Zacks,Netflix (NFLX) Toolkit to Help Parents Clean Child Content,http://www.zacks.com/stock/news/860644/netflix-nflx-toolkit-to-help-parents-clean-child-content?cid=CS-BENZ-FT-analyst_blog|company_news_-_corporate_actions-860644,1.0
f1fa0e1b4179a235,2020-04-08T00:00:00Z,news,Zacks,Amazon (AMZN) to Halt Amazon Shipping to Meet Customer Demand,http://www.zacks.com/stock/news/860661/amazon-amzn-to-halt-amazon-shipping-to-meet-customer-demand?cid=CS-BENZ-FT-analyst_blog|company_news_-_corporate_actions-860661,1.0
8383bf314f154d68,2020-04-08T00:00:00Z,news,Investor's Business Daily,"Dow Jones Today, Futures Edge Higher; FedEx Gets An Amazon Boost, Fraud Case Hammers China Stocks",http://www.investors.com/market-trend/stock-market-today/dow-jones-today-futures-fedex-gets-amazon-boost-fraud-hammers-china-stocks/?src=A00237A&ven=BenzingaCP&src=AURLAAM,1.0
0238349a3af72dc5,2020-04-08T00:00:00Z,news,TalkMarkets,FX Traders – What To Expect From OPEC And G20,https://talkmarkets.com/content/fx-traders--what-to-expect-from-opec-and-g20?post=257806,1.0
38a8c07211d296ad,2020-04-08T00:00:00Z,news,Zacks,Tesla Plans Pay Cuts & Worker Furloughs on Coronavirus Crisis,http://www.zacks.com/stock/news/860799/tesla-plans-pay-cuts-worker-furloughs-on-coronavirus-crisis?cid=CS-BENZ-FT-analyst_blog|company_news_-_corporate_actions-860799,1.0
7098edb825a7985b,2020-04-08T00:00:00Z,news,Investor's Business Daily,"Coronavirus Stock Market Rally: Dow Jones Gains 300 Points, As U.S. Virus Cases Top 400,000; Apple, Microsoft Key Gainers",http://www.investors.com/market-trend/stock-market-today/dow-jones-coronavirus-stock-market-rally-covid-19-amazon-apple-microsoft-tesla/?src=A00237A&ven=BenzingaCP&src=AURLAAM,1.0
5d08664ae650a7d4,2020-04-09T00:00:00Z,news,GuruFocus,"Pinnacle Bank Buys Vanguard FTSE Emerging Markets, ProShares S&P 500 Dividend ...",http://www.gurufocus.com/news/1100890/pinnacle-bank-buys-vanguard-ftse-emerging-markets-proshares-sp-500-dividend-aristocrats-schwab-us-tips-sells-vanguard-shortterm-bond-union-pacific-corp-vanguard-largecap,1.0
c44c7769e09c1eb8,2020-04-09T00:00:00Z,news,GuruFocus,Capital Markets Up on Fed's Multitrillion-Dollar Stimulus Plan,http://www.gurufocus.com/news/1100918/capital-markets-up-on-feds-multitrilliondollar-stimulus-plan,1.0
b4ad80e94701e8e1,2020-04-09T00:00:00Z,news,Investor's Business Daily,Microsoft Postpones Launch Of Dual-Screen Surface Neo Device: Report,http://www.investors.com/stock-lists/tech-leaders/microsoft-stock-company-postpones-surface-neo-launch/?src=A00237A&ven=BenzingaCP&src=AURLAAM,1.0
fbaf769383a012c8,2020-04-09T00:00:00Z,news,Zacks,"The Zacks Analyst Blog Highlights: Tesla, Zoetis, Target, Boston Scientific and Moody's",http://www.zacks.com/stock/news/862827/the-zacks-analyst-blog-highlights-tesla-zoetis-target-boston-scientific-and-moodys?cid=CS-BENZ-FT-press_releases-862827,1.0
70ecf58dd6a2a6fc,2020-04-09T00:00:00Z,news,Zacks,Trading to Aid JPMorgan (JPM) Q1 Earnings Amid Coronavirus Woes,http://www.zacks.com/stock/news/862800/trading-to-aid-jpmorgan-jpm-q1-earnings-amid-coronavirus-woes?cid=CS-BENZ-FT-analyst_blog|earnings_preview-862800,1.0
539172f713a8b193,2020-04-09T00:00:00Z,news,Zacks,"Top Stock Reports for Facebook, JPMorgan & UnitedHealth",http://www.zacks.com/research-daily/862869/top-stock-reports-for-facebook-jpmorgan-unitedhealth?cid=CS-BENZ-FT-research_daily-862869,1.0
505728f9c4140e46,2020-04-09T00:00:00Z,news,Investor's Business Daily,"Dow Jones Runs 2,956 Points Higher In Four-Day Spurt; This Tech Stock Breaks Out",http://www.investors.com/market-trend/stock-market-today/dow-jones-runs-2956-points-higher-in-4-day-spurt-this-tech-stock-breaks-out/?src=A00237A&ven=BenzingaCP&src=AURLAAM,1.0
6c9281adcb918216,2020-04-09T00:00:00Z,news,TalkMarkets,Apple At A 'Fork In The Road' As Disney+ Reports 50M Subscribers,https://talkmarkets.com/content/apple-at-a-fork-in-the-road-as-disney-reports-50m-subscribers?post=257906,1.0
fd43f4a388f278c6,2020-04-09T00:00:00Z,news,Zacks,"Zacks Investment Ideas feature highlights: Alibaba, Disney, TSMC, Adobe and Sea Limited",http://www.zacks.com/stock/news/862789/zacks-investment-ideas-feature-highlights-alibaba-disney-tsmc-adobe-and-sea-limited?cid=CS-BENZ-FT-press_releases-862789,1.0
9d509f7921a2c3df,2020-04-09T00:00:00Z,news,Investor's Business Daily,Apple Ecosystem Awaits iPhone Maker's Next Moves In Covid-19 Crisis,http://www.investors.com/research/industry-snapshot/apple-ecosystem-awaits-iphone-makers-next-moves-in-covid-19-crisis/?src=A00237A&ven=BenzingaCP&src=AURLAAM,1.0
e237106ab9649d95,2020-04-09T00:00:00Z,news,GuruFocus,Nasdaq Halts Luckin Coffee Inc.,http://www.gurufocus.com/news/1101007/nasdaq-halts-luckin-coffee-inc-,1.0
cc41aa7e3698558c,2020-04-09T00:00:00Z,news,Investor's Business Daily,Covid Report: Pfizer Selects Lead Coronavirus Drug; Gilead Updates Tests,http://www.investors.com/research/ibd-industry-themes/coronavirus-treatment-pfizer-stock-jumps-identifies-lead-candidate/?src=A00237A&ven=BenzingaCP&src=AURLAAM,1.0
3212f7971c6d6fd7,2020-04-09T00:00:00Z,news,Zacks,Coronavirus Set to Hurt Ad Sales: What's Next for Facebook (FB) Stock?,http://www.zacks.com/stock/news/863735/coronavirus-set-to-hurt-ad-sales-whats-next-for-facebook-fb-stock?cid=CS-BENZ-FT-stocks_in_the_news|major_headlines-863735,1.0
f0f99dff7e87ffad,2020-04-09T00:00:00Z,news,Zacks,Will Disney Usurp Netflix,http://www.zacks.com/stock/news/863675/will-disney-usurp-netflix?cid=CS-BENZ-FT-video_blog-863675,1.0
7e6f319fa457db6b,2020-04-09T00:00:00Z,news,Investor's Business Daily,"Coronavirus Stock Market Rally: Dow Jones Jumps 500 Points On Fed News; Costco, Disney, Starbucks Are Key Movers",http://www.investors.com/market-trend/stock-market-today/dow-jones-federal-reserve-coronavirus-stock-market-rally-apple-costco-disney-starbucks/?src=A00237A&ven=BenzingaCP&src=AURLAAM,1.0
7e7a971382b51527,2020-04-09T00:00:00Z,news,Zacks,Pfizer's Braftovi Combo Gets FDA Nod for Colorectal Cancer,http://www.zacks.com/stock/news/863161/pfizers-braftovi-combo-gets-fda-nod-for-colorectal-cancer?cid=CS-BENZ-FT-analyst_blog|company_news_-_medical_sector-863161,1.0
bcdc84ba89918508,2020-04-09T00:00:00Z,news,Zacks,Badger Meter (BMI) Reports Next Week: Wall Street Expects Earnings Growth,http://www.zacks.com/stock/news/863165/badger-meter-bmi-reports-next-week-wall-street-expects-earnings-growth?cid=CS-BENZ-FT-tale_of_the_tape|yseop_template_9-863165,1.0
ab58faa7a1c43504,2020-04-09T00:00:00Z,news,TalkMarkets,Don't Fight the Fed!,https://talkmarkets.com/content/dont-fight-the-fed?post=257902,1.0
7c7058e3b4a531ab,2020-04-09T00:00:00Z,news,Investor's Business Daily,"Dow Jones Today, Futures Jump On Fed Details, Despite Unemployment Report; Oil Prices Rise; Disney Stock Jumps On Subscriber Gains",http://www.investors.com/market-trend/stock-market-today/dow-jones-today-futures-dip-unemployment-report-oil-prices-rise-disney-stock-jumps/?src=A00237A&ven=BenzingaCP&src=AURLAAM,1.0
ed2c6b4fca4f2bbf,2020-04-09T00:00:00Z,news,Zacks,"Zacks Earnings Trends Highlights: Adobe, FedEx, Nike, ExxonMobil and Boeing",http://www.zacks.com/stock/news/862799/zacks-earnings-trends-highlights-adobe-fedex-nike-exxonmobil-and-boeing?cid=CS-BENZ-FT-press_releases-862799,1.0
ba7a71c93e04c1ed,2020-04-09T00:00:00Z,news,Zacks,Can Disney+'s Solid User Base Bail Out Battered Disney (DIS)?,http://www.zacks.com/stock/news/862608/can-disney%2Bs-solid-user-base-bail-out-battered-disney-dis?cid=CS-BENZ-FT-analyst_blog|company_news_-_corporate_actions-862608,1.0
16d272dc0e02af3d,2020-04-09T00:00:00Z,news,Zacks,Pool Corp. (POOL) to Report Q1 Results: Wall Street Expects Earnings Growth,http://www.zacks.com/stock/news/863177/pool-corp-pool-to-report-q1-results-wall-street-expects-earnings-growth?cid=CS-BENZ-FT-tale_of_the_tape|yseop_template_9-863177,1.0
9811324970c20cb7,2020-04-09T00:00:00Z,news,Investor's Business Daily,"Dow Jones Jumps Again, Extends Weekly Gain To More Than 2,800 Points; Top Retailer Falls Despite Strong Sales",http://www.investors.com/market-trend/stock-market-today/dow-jones-jumps-again-extends-weekly-gain-to-more-than-2800-points/?src=A00237A&ven=BenzingaCP&src=AURLAAM,1.0
997233470016ba83,2020-04-09T00:00:00Z,news,GuruFocus,"San Francisco Sentry Investment Group (ca) Buys ProShares Short S&P500, Vanguard ...",http://www.gurufocus.com/news/1101104/san-francisco-sentry-investment-group-ca-buys-proshares-short-sp500-vanguard-extended-duration-treasury-pimco-25-year-zero-coupon-us-treasury-index-exch-sells-ishares-tips-bond-the-walt-disney-co-royal-dutch-shell-plc,1.0
77886bf5b95c735d,2020-04-09T00:00:00Z,news,GuruFocus,Intel Corp (INTC) EVP General Counsel Steven Ralph Rodgers Sold $2.' million of Shares,http://www.gurufocus.com/news/1101444/intel-corp-intc-evp-general-counsel-steven-ralph-rodgers-sold-23-million-of-shares,1.0
723c720a02959e9e,2020-04-09T00:00:00Z,news,Zacks,Unity Bancorp (UNTY) to Report Q1 Results: Wall Street Expects Earnings Growth,http://www.zacks.com/stock/news/863222/unity-bancorp-unty-to-report-q1-results-wall-street-expects-earnings-growth?cid=CS-BENZ-FT-tale_of_the_tape|yseop_template_9-863222,1.0
b93ff6774ed65ef4,2020-04-09T00:00:00Z,news,Zacks,First Financial Bankshares (FFIN) to Report Q1 Results: Wall Street Expects Earnings Growth,http://www.zacks.com/stock/news/863181/first-financial-bankshares-ffin-to-report-q1-results-wall-street-expects-earnings-growth?cid=CS-BENZ-FT-tale_of_the_tape|yseop_template_9-863181,1.0
f7a7057652cd4529,2020-04-10T00:00:00Z,news,TalkMarkets,Here Are All The ETFs That Will Be Bought By The Federal Reserve,https://talkmarkets.com/content/here-are-all-the-etfs-that-will-be-bought-by-the-federal-reserve?post=258083,1.0
0c4e8be78b83f9f2,2020-04-10T00:00:00Z,news,Investor's Business Daily,"Coronavirus Stock Market Rally: Mexico Joins OPEC+ Production Deal, Tesla's China Moves, Delta Cut To Junk, Intel, Taiwan Semiconductor Sales Strong",http://www.investors.com/market-trend/stock-market-today/coronavirs-stock-market-rally-opec-crude-production-deal-tesla-china-moves-delta-cut-to-junk-intel-taiwan-semiconductor-sales-strong/?src=A00237A&ven=BenzingaCP&src=AURLAAM,1.0
09d179b028ed7bb9,2020-04-10T00:00:00Z,news,Investor's Business Daily,"Stock Market Today: Mexico Joins OPEC+ Production Deal, Tesla's China Moves, Delta Cut To Junk, Intel, Taiwan Semiconductor Sales Strong",http://www.investors.com/market-trend/stock-market-today/stock-market-today-opec-crude-production-deal-tesla-china-moves-delta-cut-to-junk-intel-taiwan-semiconductor-sales-strong/?src=A00237A&ven=BenzingaCP&src=AURLAAM,1.0
a06dc3f2d2619bb9,2020-04-11T00:00:00Z,news,TalkMarkets,COVID-19 flattening and new stimulus lead to stock market surge – New bull market?,https://talkmarkets.com/content/covid-19-flattening-and-new-stimulus-lead-to-stock-market-surge--new-bull-market?post=258102,1.0
e0e70dd197259348,2020-04-11T00:00:00Z,news,TalkMarkets,"Bloomberg Praises ""Uninterpretable"" Gilead Study While Bashing Trump ""Miracle Drug"" Hydroxychloroquine",https://talkmarkets.com/content/bloomberg-praises-uninterpretable-gilead-study-while-bashing-trump-miracle-drug-hydroxychloroquine?post=258136,1.0
57fea84fe243f82c,2020-04-12T00:00:00Z,news,Investor's Business Daily,"Dow Jones Futures: Coronavirus Stock Market Rally Awaits OPEC+ Production Deal; Microsoft, Netflix, Nvidia, Veeva, MSCI, Gilead, Apple Supplier Lumentum In FocusS",http://www.investors.com/market-trend/stock-market-today/dow-jones-futures-coronavirus-stock-market-rally-awaits-opec-production-deal-microsoft-netflix/?src=A00237A&ven=BenzingaCP&src=AURLAAM,1.0
9e22c862d88f8373,2020-04-12T00:00:00Z,news,TalkMarkets,Gilead Says Remdesivir Improved 68% Of COVID-19 Patients In 53-Person Study,https://talkmarkets.com/content/gilead-says-remdesivir-improved-68-of-covid-19-patients-in-53-person-study?post=258171,1.0
eb1cfb6fe4d7579f,2020-04-12T00:00:00Z,news,TalkMarkets,"US Dollar, Wall Street, Australian Dollar, China GDP, IMF: Week Ahead",https://talkmarkets.com/content/us-dollar-wall-street-australian-dollar-china-gdp-imf-week-ahead?post=258174,1.0
77022a7c7d3fe6e4,2020-04-12T00:00:00Z,news,TalkMarkets,"With JPMorgan Back in the Mix, the Hammer is Now About to Fall",https://talkmarkets.com/content/with-jpmorgan-back-in-the-mix-the-hammer-is-now-about-to-fall?post=258148,1.0
f860e35b96776a24,2020-04-13T00:00:00Z,news,GuruFocus,"Roman Butler Fullerton & Co Buys Netflix Inc, iShares U.S. ...",http://www.gurufocus.com/news/1103318/roman-butler-fullerton--co-buys-netflix-inc-ishares-us-preferred-stock-biomarin-pharmaceutical-inc-sells-ishares-sp-500-growth-apple-inc-merck-inc,1.0
54b1223afb16f5ec,2020-04-13T00:00:00Z,news,Zacks,"Top Analyst Reports for Alibaba, Pfizer & S&P Global",http://www.zacks.com/research-daily/868704/top-analyst-reports-for-alibaba-pfizer-sp-global?cid=CS-BENZ-FT-research_daily-868704,1.0
129b2e1584c52916,2020-04-13T00:00:00Z,news,Zacks,ETFs to Gain as Disney+ Sees Solid Subscriber Growth,http://www.zacks.com/stock/news/869199/etfs-to-gain-as-disney%2B-sees-solid-subscriber-growth?cid=CS-BENZ-FT-etf_news_and_commentary-869199,1.0
13d647abe6aa64b1,2020-04-13T00:00:00Z,news,Investor's Business Daily,"Dow Jones Leads Market Lower, But This Top Coronavirus Stock Breaks Out",http://www.investors.com/market-trend/stock-market-today/dow-jones-leads-market-lower-top-coronavirurs-stock-breaks-out/?src=A00237A&ven=BenzingaCP&src=AURLAAM,1.0
dbf3cfb74dbf7a59,2020-04-13T00:00:00Z,news,Investor's Business Daily,Coronavirus Stock Market Rally: Dow Jones Futures Higher Ahead Of Earnings Season Kickoff; Tesla Spikes Late,http://www.investors.com/market-trend/stock-market-today/dow-jones-futures-coronavirus-stock-market-rally-amazon-netflix-stocks-near-buy-points/?src=A00237A&ven=BenzingaCP&src=AURLAAM,1.0
ca94068ddbcf726a,2020-04-13T00:00:00Z,news,GuruFocus,Wall Street Recommends Buying These — Falliing Knives,http://www.gurufocus.com/news/1103005/wall-street-recommends-buying-these-2-falliing-knives-,1.0
c4bf9027b06c4d5f,2020-04-13T00:00:00Z,news,Zacks,Gilead Reports Promising Data on Experimental Coronavirus Drug,http://www.zacks.com/stock/news/868552/gilead-reports-promising-data-on-experimental-coronavirus-drug?cid=CS-BENZ-FT-analyst_blog|company_news_-_medical_sector-868552,1.0
f91fb340a2357716,2020-04-13T00:00:00Z,news,GuruFocus,Goldman Sachs Asset Management Closed-End Funds Effect Reverse Share Splits,http://www.gurufocus.com/news/1103663/goldman-sachs-asset-management-closedend-funds-effect-reverse-share-splits,1.0
157ba348ca3fe67a,2020-04-13T00:00:00Z,news,GuruFocus,Wall Street Recommends Buying These — Falling Knives,http://www.gurufocus.com/news/1103005/wall-street-recommends-buying-these-2-falling-knives-,1.0
2af1e66bf1240e90,2020-04-13T00:00:00Z,news,Investor's Business Daily,"Dow Jones Today, Futures Slip; Earnings Season Looms, OPEC Deal Lifts Oil Stocks, Gilead Jumps On Coronavirus News",http://www.investors.com/market-trend/stock-market-today/dow-jones-today-futures-slip-earnings-loom-opec-deal-gilead-jumps-on-coronavirus-news/?src=A00237A&ven=BenzingaCP&src=AURLAAM,1.0
a41cea37897d51e3,2020-04-13T00:00:00Z,news,Investor's Business Daily,"Coronavirus Stock Market Rally: Dow Jones Falls 350 Points, As Covid-19 Cases Continue To Rise; Amazon, Gilead Key Movers",http://www.investors.com/market-trend/stock-market-today/dow-jones-coronavirus-stock-market-rally-covid-19-stock-gilead-amazon/?src=A00237A&ven=BenzingaCP&src=AURLAAM,1.0
728f7feff3742e47,2020-04-13T00:00:00Z,news,Zacks,Winners & Losers From the Historic OPEC+ Deal to Cut Output,http://www.zacks.com/stock/news/868237/winners-losers-from-the-historic-opec%2B-deal-to-cut-output?cid=CS-BENZ-FT-analyst_blog|investment_ideas-868237,1.0
4da74e015a2e86d2,2020-04-13T00:00:00Z,news,GuruFocus,"Disney Valuation, Part –: Parks and Studio",http://www.gurufocus.com/news/1103002/disney-valuation-part-1-parks-and-studio,1.0
5793951e0e5476e1,2020-04-13T00:00:00Z,news,Investor's Business Daily,"Sellers Hit Dow Jones, But FANG Stock Scores Bullish Breakout; Tesla, Amazon Also Soar",http://www.investors.com/market-trend/stock-market-today/dow-jones-slumps-after-2666-point-weekly-gain-netflix-tesla-amazon-score-bullish-gains/?src=A00237A&ven=BenzingaCP&src=AURLAAM,1.0
534864fef68fcd67,2020-04-13T00:00:00Z,news,Zacks,Rate Cuts & Coronavirus Woes to Hurt BofA (BAC) Q1 Earnings,http://www.zacks.com/stock/news/868701/rate-cuts-coronavirus-woes-to-hurt-bofa-bac-q1-earnings?cid=CS-BENZ-FT-analyst_blog|earnings_preview-868701,1.0
d70756347c84ce8b,2020-04-13T00:00:00Z,news,Zacks,Intel (INTC) to Aid DARPA With ML Cybersecurity Capabilities,http://www.zacks.com/stock/news/868546/intel-intc-to-aid-darpa-with-ml-cybersecurity-capabilities?cid=CS-BENZ-FT-analyst_blog|company_news_tech_sector-868546,1.0
7ac39007ea9545d2,2020-04-13T00:00:00Z,news,Zacks,"OPEC+ Agrees to Oil Output Cut, Puts an End to Price War",http://www.zacks.com/stock/news/868402/opec%2B-agrees-to-oil-output-cut-puts-an-end-to-price-war?cid=CS-BENZ-FT-analyst_blog|industry_focus-868402,1.0
2cd62a858546613c,2020-04-13T00:00:00Z,news,Zacks,Trading to Aid Goldman (GS) Q1 Earnings Amid Coronavirus Scare,http://www.zacks.com/stock/news/868514/trading-to-aid-goldman-gs-q1-earnings-amid-coronavirus-scare?cid=CS-BENZ-FT-analyst_blog|earnings_preview-868514,1.0
f15f05fce1544373,2020-04-13T00:00:00Z,news,Zacks,"The Zacks Analyst Blog Highlights: ExxonMobil, Royal Dutch Shell, Chevron, Concho Resources and Occidental",http://www.zacks.com/stock/news/868622/the-zacks-analyst-blog-highlights-exxonmobil-royal-dutch-shell-chevron-concho-resources-and-occidental?cid=CS-BENZ-FT-press_releases-868622,1.0
a22d5a7292141107,2020-04-13T00:00:00Z,news,Zacks,"JPMorgan, Bank of America, Citigroup, Johnson & Johnson and Kansas City Southern are part of Zacks Earnings Preview",http://www.zacks.com/stock/news/868593/jpmorgan-bank-of-america-citigroup-johnson-johnson-and-kansas-city-southern-are-part-of-zacks-earnings-preview?cid=CS-BENZ-FT-press_releases-868593,1.0
e3c3f0f6a918c7b0,2020-04-13T00:00:00Z,news,Zacks,Coronavirus Hits Boeing-Airbus Jet Production: 3 Stocks to Lose,http://www.zacks.com/stock/news/868304/coronavirus-hits-boeing-airbus-jet-production-3-stocks-to-lose?cid=CS-BENZ-FT-analyst_blog|industry_focus-868304,1.0
7eba5064bc00ba6b,2020-04-13T00:00:00Z,news,Zacks,Fed's Historic Move Spurs Rally in Junk Bonds: 6 ETF Picks,http://www.zacks.com/stock/news/868867/feds-historic-move-spurs-rally-in-junk-bonds-6-etf-picks?cid=CS-BENZ-FT-etf_news_and_commentary-868867,1.0
b1d6ffa0e0f11891,2020-04-13T00:00:00Z,news,Zacks,Amazon (AMZN) to Boost Worker Safety With Testing Lab Facility,http://www.zacks.com/stock/news/868597/amazon-amzn-to-boost-worker-safety-with-testing-lab-facility?cid=CS-BENZ-FT-analyst_blog|company_news_-_corporate_actions-868597,1.0
7c01dfcb07ca268a,2020-04-13T00:00:00Z,news,TalkMarkets,US Dollar Scarcity May Endure Despite Fed's Bold Coronavirus Response,https://talkmarkets.com/content/us-dollar-scarcity-may-endure-despite-feds-bold-coronavirus-response?post=258271,1.0
a0ec6df1dfe34cb3,2020-04-13T00:00:00Z,news,Investor's Business Daily,Five Top Stocks To Watch In Current Stock Market Rally Include Amazon; Netflix Breaking Out Today,http://www.investors.com/stock-lists/stocks-near-a-buy-zone/stocks-to-watch-stock-market-rally-amazon-stock-netflix-stock-nvidia-stock/?src=A00237A&ven=BenzingaCP&src=AURLAAM,1.0
fda07e5f9264aaad,2020-04-13T00:00:00Z,news,Zacks,Weak Investment Banking to Hurt JPMorgan's (JPM) Q1 Earnings,http://www.zacks.com/stock/news/868645/weak-investment-banking-to-hurt-jpmorgans-jpm-q1-earnings?cid=CS-BENZ-FT-analyst_blog|earnings_preview-868645,1.0
02cf5073c6b1caa6,2020-04-13T00:00:00Z,news,Zacks,Higher Trading Activities to Aid JPMorgan (JPM) Q1 Earnings,http://www.zacks.com/stock/news/868702/higher-trading-activities-to-aid-jpmorgan-jpm-q1-earnings?cid=CS-BENZ-FT-analyst_blog|earnings_preview-868702,1.0
f14948b55702afc1,2020-04-13T00:00:00Z,news,Zacks,"Tradeweb Markets, Booking, Anaplan, CrowdStrike and Microsoft highlighted as Zacks Bull and Bear of the Day",http://www.zacks.com/stock/news/868582/tradeweb-markets-booking-anaplan-crowdstrike-and-microsoft-highlighted-as-zacks-bull-and-bear-of-the-day?cid=CS-BENZ-FT-press_releases-868582,1.0
31819e05ac58b69d,2020-04-14T00:00:00Z,news,Zacks,"The Zacks Analyst Blog Highlights: Bank of America, Citigroup, Koninklijke Philips, Zoom Video and The Clorox Company",http://www.zacks.com/stock/news/870353/the-zacks-analyst-blog-highlights-bank-of-america-citigroup-koninklijke-philips-zoom-video-and-the-clorox-company?cid=CS-BENZ-FT-press_releases-870353,1.0
50813abac1cbbf01,2020-04-14T00:00:00Z,news,Zacks,10 Stocks Leading the Rally in the S&P 500 ETF,http://www.zacks.com/stock/news/870530/10-stocks-leading-the-rally-in-the-sp-500-etf?cid=CS-BENZ-FT-etf_news_and_commentary-870530,1.0
08f47052edbfa0d2,2020-04-14T00:00:00Z,news,Zacks,ETFs to Rise as Gilead Drug Shows Promise in Coronavirus Cure,http://www.zacks.com/stock/news/870913/etfs-to-rise-as-gilead-drug-shows-promise-in-coronavirus-cure?cid=CS-BENZ-FT-etf_news_and_commentary-870913,1.0
f590bf7d0d2450de,2020-04-14T00:00:00Z,news,GuruFocus,'Eros Now Select' Available Now Through Apple TV Channels in the US,http://www.gurufocus.com/news/1104199/eros-now-select-available-now-through-apple-tv-channels-in-the-us,1.0
23cc7f733453c60a,2020-04-14T00:00:00Z,news,TalkMarkets,S&P 500 Sector Performance Numbers,https://talkmarkets.com/content/sp-500-sector-performance-numbers?post=258494,1.0
ff1443054d481057,2020-04-14T00:00:00Z,news,TalkMarkets,Now Goldman Is Bullish,https://talkmarkets.com/content/now-goldman-is-bullish?post=258390,1.0
d781619d753c7108,2020-04-14T00:00:00Z,news,Investor's Business Daily,"Dow Jones Today, Futures Jump; Nasdaq's Bullish Signal; Tesla, Vertex Rally: J&J, JPMorgan Rise On Earnings",http://www.investors.com/market-trend/stock-market-today/dow-jones-today-futures-jump-nasdaq-bullish-signal-tesla-vertex-rally-johnson-jpmorgan-rise-on-earnings/?src=A00237A&ven=BenzingaCP&src=AURLAAM,1.0
d3dea7a5bb6e63cb,2020-04-14T00:00:00Z,news,GuruFocus,Artemis Investment Management LLP Buys Amazon. ...,http://www.gurufocus.com/news/1104030/artemis-investment-management-llp-buys-amazoncom-inc-procter--gamble-co-visa-inc-sells-citigroup-inc-apple-inc-bank-of-america-corp,1.0
2ddb70ce90882b61,2020-04-14T00:00:00Z,news,Zacks,"DRDGold, Daimler, Apple and Alphabet highlighted as Zacks Bull and Bear of the Day",http://www.zacks.com/stock/news/870327/drdgold-daimler-apple-and-alphabet-highlighted-as-zacks-bull-and-bear-of-the-day?cid=CS-BENZ-FT-press_releases-870327,1.0
38a25779646fb9a1,2020-04-14T00:00:00Z,news,GuruFocus,Apple is Most Imitated Brand for Phishing Attempts: Check Point Research's Q– 2020 ...,http://www.gurufocus.com/news/1103919/apple-is-most-imitated-brand-for-phishing-attempts-check-point-researchs-q1-2020-brand-phishing-report,1.0
c7e5fbfbdc39ac79,2020-04-14T00:00:00Z,news,Investor's Business Daily,"Dow Jones Futures: Coronavirus Stock Market Rally Soars As Two Wrongs Go Right; Amazon, Nvidia Lead New Breakouts",http://www.investors.com/market-trend/stock-market-today/dow-jones-futures-coronavirus-stock-market-rally-soars-amazon-microsoft-nvidia-apple-lead/?src=A00237A&ven=BenzingaCP&src=AURLAAM,1.0
0265ed6f9b49b74d,2020-04-14T00:00:00Z,news,Investor's Business Daily,"Dow Jones Up 500 Points As Coronavirus Slows; Amazon, Netflix Soar On Nasdaq",http://www.investors.com/market-trend/stock-market-today/dow-jones-up-400-points-apple-jnj-rally-amazon-netflix-lift-nasdaq/?src=A00237A&ven=BenzingaCP&src=AURLAAM,1.0
3abe4a2148d8ccf7,2020-04-14T00:00:00Z,news,Zacks,"The Zacks Analyst Blog Highlights: Alibaba, Pfizer, S&P Global, Novo Nordisk and Duke Energy",http://www.zacks.com/stock/news/870357/the-zacks-analyst-blog-highlights-alibaba-pfizer-sp-global-novo-nordisk-and-duke-energy?cid=CS-BENZ-FT-press_releases-870357,1.0
a3c47b83a56d0bf0,2020-04-14T00:00:00Z,news,Zacks,JPMorgan (JPM) Q1 Earnings Lag on Coronavirus Credit Costs,http://www.zacks.com/stock/news/870416/jpmorgan-jpm-q1-earnings-lag-on-coronavirus-credit-costs?cid=CS-BENZ-FT-analyst_blog|earnings_article-870416,1.0
2d808a41b1b01cf0,2020-04-14T00:00:00Z,news,GuruFocus,"Butensky & Cohen Financial Security, Inc Buys Amazon. ...",http://www.gurufocus.com/news/1104449/butensky--cohen-financial-security-inc-buys-amazoncom-inc-jpmorgan-chase-the-kraft-heinz-co-sells-us-bancorp-boeing-co-kohls-corp,1.0
65cf6bdc4dd9c7d2,2020-04-14T00:00:00Z,news,Investor's Business Daily,Amazon Leads Breakouts In Coronavirus Stock Market Rally; Still In Buy Zone?,http://www.investors.com/stock-lists/new-highs/amazon-stock-leads-breakouts-coronavirus-market-rally-still-buy-zone/?src=A00237A&ven=BenzingaCP&src=AURLAAM,1.0
520a83bae4047287,2020-04-14T00:00:00Z,news,GuruFocus,"GOL Reaches Deal with Boeing on 7'7 MAX Compensation, Orders and Payment Terms",http://www.gurufocus.com/news/1104820/gol-reaches-deal-with-boeing-on-737-max-compensation-orders-and-payment-terms,1.0
90d817d89976abfb,2020-04-14T00:00:00Z,news,Investor's Business Daily,"Amazon, IBD Stock Of The Day, In Buy Range As Coronavirus Fuels Demand",http://www.investors.com/research/ibd-stock-of-the-day/amazon-stock-moves-into-buy-range/?src=A00237A&ven=BenzingaCP&src=AURLAAM,1.0
fe8bd07256263c0e,2020-04-14T00:00:00Z,news,Zacks,"JPMorgan, Wells Fargo Miss; J&J Beats in Q1",http://www.zacks.com/stock/news/870322/jpmorgan-wells-fargo-miss-jj-beats-in-q1?cid=CS-BENZ-FT-ahead_of_wall_street-870322,1.0
bf1f2679cda5380c,2020-04-14T00:00:00Z,news,TalkMarkets,S&P 500 Finishes Higher As Bank Earnings Underwhelm Start To Earnings Season,https://talkmarkets.com/content/sp-500-finishes-higher-as-bank-earnings-underwhelm-start-to-earnings-season?post=258508,1.0
fe228ef2b71186f8,2020-04-14T00:00:00Z,news,GuruFocus,JPMorgan Banks on Losses During –st-Quarter Earnings Report,http://www.gurufocus.com/news/1104426/jpmorgan-banks-on-losses-during-1stquarter-earnings-report,1.0
2140f292aa534438,2020-04-14T00:00:00Z,news,Investor's Business Daily,JPMorgan Likely To Boost Loss Reserves After Earnings Miss Badly; Wells Fargo Flops,http://www.investors.com/research/ibd-industry-themes/jpmorgan-earnings-wells-fargo-earnings-q1-2020-bank-stocks/?src=A00237A&ven=BenzingaCP&src=AURLAAM,1.0
1d84d22a1d47b7dd,2020-04-14T00:00:00Z,news,Zacks,JPMorgan's (JPM) Q1 Earnings & Revenues Miss Estimates,http://www.zacks.com/stock/news/870155/jpmorgans-jpm-q1-earnings-revenues-miss-estimates?cid=CS-BENZ-FT-tale_of_the_tape|earnings_report-870155,1.0
db94f45ce1d3324a,2020-04-14T00:00:00Z,news,Zacks,"Nasdaq's Shares March Higher, Can It Continue?",http://www.zacks.com/stock/news/870258/nasdaqs-shares-march-higher-can-it-continue?cid=CS-BENZ-FT-tale_of_the_tape|20_day_moving_average-870258,1.0
f8c18a08554873fa,2020-04-15T00:00:00Z,news,Zacks,Fortune Brands Home & Security (FBHS) to Report Q1 Results: Wall Street Expects Earnings Growth,http://www.zacks.com/stock/news/872597/fortune-brands-home-security-fbhs-to-report-q1-results-wall-street-expects-earnings-growth?cid=CS-BENZ-FT-tale_of_the_tape|yseop_template_9-872597,1.0
3fc13c277a4f6451,2020-04-15T00:00:00Z,news,Zacks,OPEC's Efforts for Price Push Puts 3 Oil Stocks in Spotlight,http://www.zacks.com/stock/news/872017/opecs-efforts-for-price-push-puts-3-oil-stocks-in-spotlight?cid=CS-BENZ-FT-analyst_blog|industry_focus-872017,1.0
6879e2d24426522a,2020-04-15T00:00:00Z,news,Zacks,Service Corp. (SCI) to Report Q1 Results: Wall Street Expects Earnings Growth,http://www.zacks.com/stock/news/872469/service-corp-sci-to-report-q1-results-wall-street-expects-earnings-growth?cid=CS-BENZ-FT-tale_of_the_tape|yseop_template_9-872469,1.0
0b2501fd1e3d6777,2020-04-15T00:00:00Z,news,Zacks,Brightcove (BCOV) to Report Q1 Results: Wall Street Expects Earnings Growth,http://www.zacks.com/stock/news/872485/brightcove-bcov-to-report-q1-results-wall-street-expects-earnings-growth?cid=CS-BENZ-FT-tale_of_the_tape|yseop_template_9-872485,1.0
9c712a5c99fc01a9,2020-04-15T00:00:00Z,news,Zacks,"Top Stock Reports for Microsoft, Walmart & Amgen",http://www.zacks.com/research-daily/872353/top-stock-reports-for-microsoft-walmart-amgen?cid=CS-BENZ-FT-research_daily-872353,1.0
3a42c2a71dfb7c45,2020-04-15T00:00:00Z,news,TalkMarkets,Long Treasuries Continue To Enjoy Monster Gains In 2020,https://talkmarkets.com/content/long-treasuries-continue-to-enjoy-monster-gains-in-2020?post=258579,1.0
dddb81f722753bc2,2020-04-15T00:00:00Z,news,Zacks,Ameriprise Financial Services (AMP) to Report Q1 Results: Wall Street Expects Earnings Growth,http://www.zacks.com/stock/news/872482/ameriprise-financial-services-amp-to-report-q1-results-wall-street-expects-earnings-growth?cid=CS-BENZ-FT-tale_of_the_tape|yseop_template_9-872482,1.0
ce70c9c4cbcf2312,2020-04-15T00:00:00Z,news,Investor's Business Daily,"Dow Jones Sheds 600 Points As Retail Sales Dive, But These 2 Dow Stocks Gain",http://www.investors.com/market-trend/stock-market-today/dow-jones-sheds-600-points-retail-sales-dive-2-dow-stocks-gain/?src=A00237A&ven=BenzingaCP&src=AURLAAM,1.0
0e9f2242a44d9c74,2020-04-15T00:00:00Z,news,Zacks,Nasdaq Exits Coronavirus-Led Bear Market: 5 Tech Stocks to Buy,http://www.zacks.com/stock/news/871866/nasdaq-exits-coronavirus-led-bear-market-5-tech-stocks-to-buy?cid=CS-BENZ-FT-analyst_blog|investment_ideas-871866,1.0
fe7470d2f573b198,2020-04-15T00:00:00Z,news,Zacks,Moody's (MCO) to Report Q1 Results: Wall Street Expects Earnings Growth,http://www.zacks.com/stock/news/872523/moodys-mco-to-report-q1-results-wall-street-expects-earnings-growth?cid=CS-BENZ-FT-tale_of_the_tape|yseop_template_9-872523,1.0
f530468011aac3eb,2020-04-15T00:00:00Z,news,Zacks,Tesla Makes a Comeback: ETFs to Ride On,http://www.zacks.com/stock/news/871804/tesla-makes-a-comeback-etfs-to-ride-on?cid=CS-BENZ-FT-etf_news_and_commentary-871804,1.0
29fcacc913e501d4,2020-04-15T00:00:00Z,news,Investor's Business Daily,"Dow Jones Today, Futures Down On Oil Prices, Big Bank Earnings; Teladoc, Tesla Rally",http://www.investors.com/market-trend/stock-market-today/dow-jones-today-futures-down-on-oil-prices-big-bank-earnings-teladoc-tesla-rally/?src=A00237A&ven=BenzingaCP&src=AURLAAM,1.0
8559e191eafbfdbe,2020-04-15T00:00:00Z,news,Investor's Business Daily,Dow Jones Hammered 716 Points In Normal Pullback; Time To Buy These Top Growth Stocks?,http://www.investors.com/market-trend/stock-market-today/dow-jones-hammered-716-points-in-normal-pullback-time-to-buy-these-top-growth-stocks/?src=A00237A&ven=BenzingaCP&src=AURLAAM,1.0
d4f3d4fa67dcdbb4,2020-04-15T00:00:00Z,news,Zacks,Is Nasdaq (NDAQ) Stock Outpacing Its Finance Peers This Year?,http://www.zacks.com/stock/news/872294/is-nasdaq-ndaq-stock-outpacing-its-finance-peers-this-year?cid=CS-BENZ-FT-tale_of_the_tape|yseop_template_1-872294,1.0
24cbc8ea371fedb6,2020-04-15T00:00:00Z,news,Zacks,Should You Buy Intel (INTC) Ahead of Earnings?,http://www.zacks.com/stock/news/872924/should-you-buy-intel-intc-ahead-of-earnings?cid=CS-BENZ-FT-analyst_blog|investment_ideas-872924,1.0
f6b348c619ebb7fa,2020-04-15T00:00:00Z,news,TalkMarkets,Citi Leads Wall Street Trading Floor Opportunists,https://talkmarkets.com/content/citi-leads-wall-street-trading-floor-opportunists?post=258705,1.0
4bd103c0b920a948,2020-04-15T00:00:00Z,news,Investor's Business Daily,"Goldman Sachs Earnings Beat Some Views; Citigroup, Bank Of America Miss",http://www.investors.com/research/ibd-industry-themes/bank-of-america-citigroup-goldman-earnings-q1-bank-stocks/?src=A00237A&ven=BenzingaCP&src=AURLAAM,1.0
a29ca25952ed595b,2020-04-15T00:00:00Z,news,Zacks,"Goldman (GS) Q1 Earnings Top, Provisions Up on Coronavirus",http://www.zacks.com/stock/news/872059/goldman-gs-q1-earnings-top-provisions-up-on-coronavirus?cid=CS-BENZ-FT-analyst_blog|earnings_article-872059,1.0
63eef6a5d6ff759e,2020-04-15T00:00:00Z,news,Zacks,SEI Investments (SEIC) to Report Q1 Results: Wall Street Expects Earnings Growth,http://www.zacks.com/stock/news/872476/sei-investments-seic-to-report-q1-results-wall-street-expects-earnings-growth?cid=CS-BENZ-FT-tale_of_the_tape|yseop_template_9-872476,1.0
bb0d798ad44e9ed6,2020-04-15T00:00:00Z,news,Zacks,Boeing Q1 Commercial Deliveries Down Y/Y on Lower 737 Demand,http://www.zacks.com/stock/news/872175/boeing-q1-commercial-deliveries-down-y-y-on-lower-737-demand?cid=CS-BENZ-FT-analyst_blog|company_news_-_corporate_actions-872175,1.0
4e6f8505a4dce2d1,2020-04-15T00:00:00Z,news,GuruFocus,"Disney Valuation, Part —: Intro to Media and DTC",http://www.gurufocus.com/news/1104632/disney-valuation-part-2-intro-to-media-and-dtc,1.0
895cc9ad2aaae925,2020-04-15T00:00:00Z,news,Investor's Business Daily,"Dow Jones Futures: Coronavirus Stock Market Rally Faces Key Test Amid New Breakouts; Apple, Tesla Near Technical High",http://www.investors.com/market-trend/stock-market-today/dow-jones-futures-coronavirus-stock-market-rally-dexcom-apple-tesla-stock/?src=A00237A&ven=BenzingaCP&src=AURLAAM,1.0
52fbc49765142a51,2020-04-15T00:00:00Z,news,Zacks,NextEra Energy Partners (NEP) Reports Next Week: Wall Street Expects Earnings Growth,http://www.zacks.com/stock/news/872779/nextera-energy-partners-nep-reports-next-week-wall-street-expects-earnings-growth?cid=CS-BENZ-FT-tale_of_the_tape|yseop_template_9-872779,1.0
3b7f9b891c1b46f7,2020-04-15T00:00:00Z,news,Zacks,SunCoke Energy (SXC) to Report Q1 Results: Wall Street Expects Earnings Growth,http://www.zacks.com/stock/news/872612/suncoke-energy-sxc-to-report-q1-results-wall-street-expects-earnings-growth?cid=CS-BENZ-FT-tale_of_the_tape|yseop_template_9-872612,1.0
b40e570042c54376,2020-04-15T00:00:00Z,news,TalkMarkets,Is 7% Of GDP Fiscal Lifeline Enough?,https://talkmarkets.com/content/is-7-of-gdp-fiscal-lifeline-enough?post=258701,1.0
d71675405d0b2e55,2020-04-15T00:00:00Z,news,Zacks,Customers Bancorp (CUBI) to Report Q1 Results: Wall Street Expects Earnings Growth,http://www.zacks.com/stock/news/872565/customers-bancorp-cubi-to-report-q1-results-wall-street-expects-earnings-growth?cid=CS-BENZ-FT-tale_of_the_tape|yseop_template_9-872565,1.0
c2579a392c8762db,2020-04-15T00:00:00Z,news,GuruFocus,"Boeing, FAME Inc., Tallo Virtual Event Celebrates the Next Generation of STEM",http://www.gurufocus.com/news/1105700/boeing-fame-inc-tallo-virtual-event-celebrates-the-next-generation-of-stem,1.0
2f96bf8d03b63e7f,2020-04-15T00:00:00Z,news,Zacks,FMC Technologies (FTI) Reports Next Week: Wall Street Expects Earnings Growth,http://www.zacks.com/stock/news/872745/fmc-technologies-fti-reports-next-week-wall-street-expects-earnings-growth?cid=CS-BENZ-FT-tale_of_the_tape|yseop_template_9-872745,1.0
0f88e2b4551f79f4,2020-04-15T00:00:00Z,news,Investor's Business Daily,Dow Jones Falls 445 Points After Worrisome U.S. Retail Sales Data,http://www.investors.com/market-trend/stock-market-today/dow-jones-falls-445-points-after-concerning-u-s-retail-sales-data/?src=A00237A&ven=BenzingaCP&src=AURLAAM,1.0
39ef80bfc63f6f27,2020-04-16T00:00:00Z,news,Investor's Business Daily,"Dow Jones Futures Jump On Gilead, Boeing News: Ride The Coronavirus Stock Market Rally Wave With These Eight Sectors",http://www.investors.com/market-trend/stock-market-today/dow-jones-futures-gilead-boeing-coronavirus-stock-market-rally-wave/?src=A00237A&ven=BenzingaCP&src=AURLAAM,1.0
9f2e37b7a814d178,2020-04-16T00:00:00Z,news,TalkMarkets,Top 10 Best And Worst Performing S&P 500 Stocks In This Crisis,https://talkmarkets.com/content/top-10-best-and-worst-performing-sp-500-stocks-in-this-crisis?post=258845,1.0
d514257e824887ed,2020-04-16T00:00:00Z,news,Zacks,Gain Capital (GCAP) to Report Q1 Results: Wall Street Expects Earnings Growth,http://www.zacks.com/stock/news/874641/gain-capital-gcap-to-report-q1-results-wall-street-expects-earnings-growth?cid=CS-BENZ-FT-tale_of_the_tape|yseop_template_9-874641,1.0
bda720f671fced1d,2020-04-16T00:00:00Z,news,Zacks,CBIZ (CBZ) to Report Q1 Results: Wall Street Expects Earnings Growth,http://www.zacks.com/stock/news/874593/cbiz-cbz-to-report-q1-results-wall-street-expects-earnings-growth?cid=CS-BENZ-FT-tale_of_the_tape|yseop_template_9-874593,1.0
d4241db8cd18d62e,2020-04-16T00:00:00Z,news,Zacks,First American Financial (FAF) Reports Next Week: Wall Street Expects Earnings Growth,http://www.zacks.com/stock/news/874653/first-american-financial-faf-reports-next-week-wall-street-expects-earnings-growth?cid=CS-BENZ-FT-tale_of_the_tape|yseop_template_9-874653,1.0
bbdf59c7f589a333,2020-04-16T00:00:00Z,news,Zacks,Dril-Quip (DRQ) to Report Q1 Results: Wall Street Expects Earnings Growth,http://www.zacks.com/stock/news/874656/dril-quip-drq-to-report-q1-results-wall-street-expects-earnings-growth?cid=CS-BENZ-FT-tale_of_the_tape|yseop_template_9-874656,1.0
82b2eed5471c9727,2020-04-16T00:00:00Z,news,GuruFocus,Canandaigua National Bank & Trust Co Buys SPDR Series Trust Portfolio S&P 500 ...,http://www.gurufocus.com/news/1106610/canandaigua-national-bank--trust-co-buys-spdr-series-trust-portfolio-sp-500-growth-trane-technologies-plc-abbott-laboratories-sells-ingersoll-rand-inc-oreilly-automotive-inc-truist-financial-corp,1.0
6f13ceb9e10fbae5,2020-04-16T00:00:00Z,news,Zacks,Chevron Halts Work on $45BTengiz Project Due to Coronavirus,http://www.zacks.com/stock/news/873984/chevron-halts-work-on-%2445btengiz-project-due-to-coronavirus?cid=CS-BENZ-FT-analyst_blog|company_news_-_energy_sector-873984,1.0
982f3063a5370b8d,2020-04-16T00:00:00Z,news,Zacks,Pool Corp. (POOL) Reports Next Week: Wall Street Expects Earnings Growth,http://www.zacks.com/stock/news/874597/pool-corp-pool-reports-next-week-wall-street-expects-earnings-growth?cid=CS-BENZ-FT-tale_of_the_tape|yseop_template_9-874597,1.0
00ba8555ff94f823,2020-04-16T00:00:00Z,news,Investor's Business Daily,Dow Jones Sharply Lower After New York To Remain Shut Down To Fight Coronavirus,http://www.investors.com/market-trend/stock-market-today/dow-jones-cuts-losses-microsoft-breaks-out-stocks-rally-despite-jobs-data/?src=A00237A&ven=BenzingaCP&src=AURLAAM,1.0
538ac8c2feb93fea,2020-04-16T00:00:00Z,news,Zacks,Intel (INTC) Earnings Expected to Grow: Should You Buy?,http://www.zacks.com/stock/news/874625/intel-intc-earnings-expected-to-grow-should-you-buy?cid=CS-BENZ-FT-tale_of_the_tape|yseop_template_9-874625,1.0
fba8b72df213ab26,2020-04-16T00:00:00Z,news,Investor's Business Daily,Dow Jones Erases Losses; U.S. Stocks Climb As Uptrend Remains Intact,http://www.investors.com/market-trend/stock-market-today/dow-jones-erases-losses-u-s-stocks-climb-as-uptrend-remains-intact/?src=A00237A&ven=BenzingaCP&src=AURLAAM,1.0
a0bada65a8d31c99,2020-04-16T00:00:00Z,news,Zacks,4 S&P 500 Stocks to Buy This Coronavirus-Hit Earnings Season,http://www.zacks.com/stock/news/874106/4-sp-500-stocks-to-buy-this-coronavirus-hit-earnings-season?cid=CS-BENZ-FT-analyst_blog|investment_ideas-874106,1.0
f8624fedb2f036d0,2020-04-16T00:00:00Z,news,Zacks,Netflix (NFLX) Gears Up for Q1 Earnings: What to Expect,http://www.zacks.com/stock/news/874025/netflix-nflx-gears-up-for-q1-earnings-what-to-expect?cid=CS-BENZ-FT-analyst_blog|earnings_preview-874025,1.0
17afc4f3f3dc3856,2020-04-16T00:00:00Z,news,Investor's Business Daily,Netflix's Lead In Streaming Video Market Might Be 'Insurmountable',http://www.investors.com/stock-lists/sector-leaders/netflix-stock-hits-new-high-first-quarter-earnings/?src=A00237A&ven=BenzingaCP&src=AURLAAM,1.0
0295634dc79d0eee,2020-04-16T00:00:00Z,news,Zacks,Netflix Q1 Earnings Preview: Will NFLX Stock Continue Coronavirus Climb?,http://www.zacks.com/stock/news/875103/netflix-q1-earnings-preview-will-nflx-stock-continue-coronavirus-climb?cid=CS-BENZ-FT-stocks_in_the_news|earnings_preview-875103,1.0
561c9f3f34e3e81d,2020-04-16T00:00:00Z,news,Zacks,LogMein (LOGM) to Report Q1 Results: Wall Street Expects Earnings Growth,http://www.zacks.com/stock/news/874606/logmein-logm-to-report-q1-results-wall-street-expects-earnings-growth?cid=CS-BENZ-FT-tale_of_the_tape|yseop_template_9-874606,1.0
e38ac95360d7db04,2020-04-16T00:00:00Z,news,Zacks,Apple (AAPL) Launches Low-Cost iPhone SE With A13 Processor,http://www.zacks.com/stock/news/874331/apple-aapl-launches-low-cost-iphone-se-with-a13-processor?cid=CS-BENZ-FT-analyst_blog|company_news_tech_sector-874331,1.0
3322eeaf5ca61ee4,2020-04-16T00:00:00Z,news,Zacks,Entegris (ENTG) Reports Next Week: Wall Street Expects Earnings Growth,http://www.zacks.com/stock/news/874654/entegris-entg-reports-next-week-wall-street-expects-earnings-growth?cid=CS-BENZ-FT-tale_of_the_tape|yseop_template_9-874654,1.0
d813040e98725e16,2020-04-16T00:00:00Z,news,TalkMarkets,Copper Prices May Bounce Back On China GDP After Virus-Induced Sell-Off,https://talkmarkets.com/content/copper-prices-may-bounce-back-on-china-gdp-after-virus-induced-sell-off?post=258732,1.0
b1e3a64bb5e48cbb,2020-04-16T00:00:00Z,news,Investor's Business Daily,Dow Jones Wobbles But Uptrend Intact; These Sectors Are Gushing With New Breakouts,http://www.investors.com/market-trend/stock-market-today/growth-stocks-break-out-dow-jones-down-watch-these-sectors/?src=A00237A&ven=BenzingaCP&src=AURLAAM,1.0
23c809ba3e161359,2020-04-16T00:00:00Z,news,Zacks,Microsoft (MSFT) Partners GE Healthcare to Fight Coronavirus,http://www.zacks.com/stock/news/874895/microsoft-msft-partners-ge-healthcare-to-fight-coronavirus?cid=CS-BENZ-FT-analyst_blog|company_news_tech_sector-874895,1.0
ac24995a8b611e68,2020-04-16T00:00:00Z,news,Zacks,Alliance Data Systems (ADS) Reports Next Week: Wall Street Expects Earnings Growth,http://www.zacks.com/stock/news/874692/alliance-data-systems-ads-reports-next-week-wall-street-expects-earnings-growth?cid=CS-BENZ-FT-tale_of_the_tape|yseop_template_9-874692,1.0
9fb91a247f7787b4,2020-04-16T00:00:00Z,news,GuruFocus,Asset Planning Services Inc Buys Amazon. ...,http://www.gurufocus.com/news/1107235/asset-planning-services-inc-buys-amazoncom-inc-sells-royal-bank-of-canada-general-motors-co-corteva-inc,1.0
0519dd9064163aeb,2020-04-16T00:00:00Z,news,Zacks,Gilead Down on Suspension of Coronavirus Study in China,http://www.zacks.com/stock/news/874334/gilead-down-on-suspension-of-coronavirus-study-in-china?cid=CS-BENZ-FT-analyst_blog|company_news_-_medical_sector-874334,1.0
47f6b598f0423da8,2020-04-16T00:00:00Z,news,Zacks,BioTelemetry (BEAT) to Report Q1 Results: Wall Street Expects Earnings Growth,http://www.zacks.com/stock/news/874699/biotelemetry-beat-to-report-q1-results-wall-street-expects-earnings-growth?cid=CS-BENZ-FT-tale_of_the_tape|yseop_template_9-874699,1.0
cb3e5e085ba4232a,2020-04-17T00:00:00Z,news,Zacks,Wall Street to Get Its Mojo Back: Here're the Big Winners,http://www.zacks.com/stock/news/875912/wall-street-to-get-its-mojo-back-herere-the-big-winners?cid=CS-BENZ-FT-analyst_blog|investment_ideas-875912,1.0
7ad4ecb733175fa0,2020-04-17T00:00:00Z,news,Zacks,"Gilead Brings Likely Coronavirus Cure, Pharma Rallies on R&D",http://www.zacks.com/stock/news/875820/gilead-brings-likely-coronavirus-cure-pharma-rallies-on-rd?cid=CS-BENZ-FT-analyst_blog|industry_focus-875820,1.0
d252317988147f44,2020-04-17T00:00:00Z,news,Investor's Business Daily,"How Much Of Dow Jones' 5,935-Point Gain Will Hold? Plus, Why Roku Is Not A Buy Yet",http://www.investors.com/market-trend/stock-market-today/dow-jones-gains-5935-points-from-march-low-why-not-buy-roku-yet/?src=A00237A&ven=BenzingaCP&src=AURLAAM,1.0
f7d7159076ab1dce,2020-04-17T00:00:00Z,news,Zacks,Chevron Divests Energy Assets in Azeri Oil Field to MOL,http://www.zacks.com/stock/news/876065/chevron-divests-energy-assets-in-azeri-oil-field-to-mol?cid=CS-BENZ-FT-analyst_blog|company_news_-_energy_sector-876065,1.0
9555724aceabb727,2020-04-17T00:00:00Z,news,Investor's Business Daily,Dow Jones Leads Stock Market Rally Fueled By Hopes A Coronavirus Drug Is Near,http://www.investors.com/market-trend/stock-market-today/dow-jones-leads-stock-market-rally-fueled-coronavirus-drug-hopes/?src=A00237A&ven=BenzingaCP&src=AURLAAM,1.0
51c83d39aa25498e,2020-04-17T00:00:00Z,news,Zacks,"Zacks Investment Ideas feature highlights: SPY, Microsoft, Alibaba, Adobe and Nvidia",http://www.zacks.com/stock/news/876094/zacks-investment-ideas-feature-highlights-spy-microsoft-alibaba-adobe-and-nvidia?cid=CS-BENZ-FT-press_releases-876094,1.0
cad0df6da6ad7aee,2020-04-17T00:00:00Z,news,Investor's Business Daily,"Netflix Stock Rallies Bullishly Ahead Of Earnings, But Is All The Good News Priced In?",http://www.investors.com/research/earnings-preview/netflix-stock-rallies-bullishly-ahead-of-earnings/?src=A00237A&ven=BenzingaCP&src=AURLAAM,1.0
74a20cc0193ea565,2020-04-17T00:00:00Z,news,Investor's Business Daily,"Dow Jones Today Leads Early Futures Rally, Gilead's Covid Treatment Tests Positive: Boeing, Disney Spike",http://www.investors.com/market-trend/stock-market-today/dow-jones-today-leads-futures-rally-gilead-covid-treatment-tests-positive-boeing-disney-spike/?src=A00237A&ven=BenzingaCP&src=AURLAAM,1.0
4d31dfa20580a56b,2020-04-17T00:00:00Z,news,Zacks,"Q1 Earnings Scorecard and Analyst Reports for Netflix, Costco & Others",http://www.zacks.com/research-daily/876228/q1-earnings-scorecard-and-analyst-reports-for-netflix-costco-others?cid=CS-BENZ-FT-research_daily-876228,1.0
22c679714d90df63,2020-04-17T00:00:00Z,news,Investor's Business Daily,Coronavirus Stock Market Rally Gets Postive Treatment News; Dow Jones Surges 600 Points As Boeing Soars On Production Restart,http://www.investors.com/market-trend/stock-market-today/dow-jones-coronavirus-stock-market-rally-covid-19-vaccine-boeing-gilead/?src=A00237A&ven=BenzingaCP&src=AURLAAM,1.0
877d500b36e8fadb,2020-04-17T00:00:00Z,news,Zacks,"Gilead's (GILD) Coronavirus Drug Shows Promise, Shares Gain",http://www.zacks.com/stock/news/876070/gileads-gild-coronavirus-drug-shows-promise-shares-gain?cid=CS-BENZ-FT-analyst_blog|company_news_-_medical_sector-876070,1.0
15ea7d1f4f976f9a,2020-04-17T00:00:00Z,news,Zacks,"The Zacks Analyst Blog Highlights: Apple, Intel, Walt Disney, Alphabet and QUALCOMM",http://www.zacks.com/stock/news/876124/the-zacks-analyst-blog-highlights-apple-intel-walt-disney-alphabet-and-qualcomm?cid=CS-BENZ-FT-press_releases-876124,1.0
b6c3681e68f3631c,2020-04-17T00:00:00Z,news,Zacks,Intel Q1 2020 Earnings Preview: Buy INTC Stock Amid the Coronavirus?,http://www.zacks.com/stock/news/876818/intel-q1-2020-earnings-preview-buy-intc-stock-amid-the-coronavirus?cid=CS-BENZ-FT-stocks_in_the_news|earnings_preview-876818,1.0
50a6239dffc1206c,2020-04-17T00:00:00Z,news,Investor's Business Daily,"Dow Jones Races Higher, Helped By Surging Boeing Stock; 3 Coronavirus Stocks Lead Nasdaq 100",http://www.investors.com/market-trend/stock-market-today/dow-jones-races-higher-boeing-stock-coronavirus-stocks-lead-nasdaq-100/?src=A00237A&ven=BenzingaCP&src=AURLAAM,1.0
91d7ec06c81386ac,2020-04-17T00:00:00Z,news,TalkMarkets,"Netflix Initiated With A ""Sell"" At Benchmark",https://talkmarkets.com/content/netflix-initiated-with-a-sell-at-benchmark?post=258908,1.0
9a05905dd1211c8b,2020-04-19T00:00:00Z,news,TalkMarkets,"Norwegian Cruise Working With Goldman To Sell Stake In Company, Reuters Reports",https://talkmarkets.com/content/norwegian-cruise-working-with-goldman-to-sell-stake-in-company-reuters-reports?post=259047,1.0
36ecc2df36a43257,2020-04-19T00:00:00Z,news,TalkMarkets,The Stock Market is Certainly Not Too Big For the Fed to Handle,https://talkmarkets.com/content/the-stock-market-is-certainly-not-too-big-for-the-fed-to-handle?post=259003,1.0
c4e5fc8febf007d1,2020-04-19T00:00:00Z,news,TalkMarkets,"Dow Jones, US Dollar, Crude Oil, Earnings, Euro, EU Summit: Week Ahead",https://talkmarkets.com/content/dow-jones-us-dollar-crude-oil-earnings-euro-eu-summit-week-ahead?post=259033,1.0
ba9ec3e36ff2064b,2020-04-19T00:00:00Z,news,Investor's Business Daily,"Dow Jones Futures: The Big Risk In This Coronavirus Stock Market Rally; Apple, Alibaba, AMD Eye Buy Points",http://www.investors.com/market-trend/stock-market-today/dow-jones-futures-coronavirus-stock-market-rally-risk/?src=A00237A&ven=BenzingaCP&src=AURLAAM,1.0
b9bf6ab85a66cbb6,2020-04-19T00:00:00Z,news,TalkMarkets,"New Zealand Dollar Gained With Dow Jones, Traders Await Earnings",https://talkmarkets.com/content/new-zealand-dollar-gained-with-dow-jones-traders-await-earnings?post=259052,1.0
1953d2799f75e4de,2020-04-19T00:00:00Z,news,TalkMarkets,Nasdaq 100 Forecast: Threatening 9000,https://talkmarkets.com/content/nasdaq-100-forecast-threatening-9000?post=259114,1.0
4d7e897ad4380b58,2020-04-20T00:00:00Z,news,Investor's Business Daily,"Earnings In The Time Of Corona: Why Gilead, Vertex Could Outperform",http://www.investors.com/research/ibd-industry-themes/biotech-companies-prep-earnings-season-gilead-vertex-could-outperform/?src=A00237A&ven=BenzingaCP&src=AURLAAM,1.0
332cc148ca6a957e,2020-04-20T00:00:00Z,news,Zacks,"Earnings Scorecard and Top Stock Reports for Alphabet, Gilead & Starbucks",http://www.zacks.com/research-daily/880548/earnings-scorecard-and-top-stock-reports-for-alphabet-gilead-starbucks?cid=CS-BENZ-FT-research_daily-880548,1.0
75ea7c5163bd0ab2,2020-04-20T00:00:00Z,news,TalkMarkets,"Oil Price Dives To 21-year Low, Disney Stops Paying Workers",https://talkmarkets.com/content/oil-price-dives-to-21-year-low-disney-stops-paying-workers?post=259120,1.0
84e38f329ac803e1,2020-04-20T00:00:00Z,news,TalkMarkets,"Disney Downgraded To ""Neutral"" From ""Buy"" At UBS",https://talkmarkets.com/content/disney-downgraded-to-neutral-from-buy-at-ubs?post=259168,1.0
36c2c0bc062c0637,2020-04-20T00:00:00Z,news,GuruFocus,"First Command Financial Services, Inc. Buys iShares Core S&P 500, iShares Core MSCI ...",http://www.gurufocus.com/news/1110027/first-command-financial-services-inc-buys-ishares-core-sp-500-ishares-core-msci-eafe-invesco-sp-500-low-volatility-sells-invesco-bulletshares-2020-corporate-bond-etf-truist-financial-corp-raytheon-co,1.0
73cae22a21071044,2020-04-20T00:00:00Z,news,Investor's Business Daily,"Dow Jones Dips As Oil Prices Plunge, But Coronavirus Stock Market Rally Still Has Bullish Tone",http://www.investors.com/market-trend/stock-market-today/dow-jones-dips-coronavirus-stock-market-rally-still-bullish/?src=A00237A&ven=BenzingaCP&src=AURLAAM,1.0
2d36eb173b36e1ad,2020-04-20T00:00:00Z,news,Investor's Business Daily,"Dow Jones Dives 600 Points As Oil Prices Plunge, But Coronavirus Cases Slow",http://www.investors.com/market-trend/stock-market-today/dow-jones-dives-500-points-oil-prices-plunge-coronavirus-cases-slows/?src=A00237A&ven=BenzingaCP&src=AURLAAM,1.0
9959ee3f77909fb6,2020-04-20T00:00:00Z,news,TalkMarkets,FLIR Jumps After Report Of Amazon's Use Of Thermal Cameras For Fever Screening,https://talkmarkets.com/content/flir-jumps-after-report-of-amazons-use-of-thermal-cameras-for-fever-screening?post=259146,1.0
d1e9110f97b39aca,2020-04-20T00:00:00Z,news,Investor's Business Daily,"Dow Jones Today, Futures Skid As Oil Prices Collapse; Netflix and Coronavirus Stocks Co-Diagnostics, BioNTech Rise",http://www.investors.com/market-trend/stock-market-today/dow-jones-today-futures-skid-as-oil-prices-collapse-netflix-and-coronavirus-stocks-co-diagnostics-biontech-rise/?src=A00237A&ven=BenzingaCP&src=AURLAAM,1.0
56ec3c50bed3fcd6,2020-04-20T00:00:00Z,news,Zacks,Intel (INTC) to Report Q1 Earnings: What's in the Offing?,http://www.zacks.com/stock/news/880193/intel-intc-to-report-q1-earnings-whats-in-the-offing?cid=CS-BENZ-FT-analyst_blog|earnings_preview-880193,1.0
41923f721a899044,2020-04-20T00:00:00Z,news,Investor's Business Daily,Dow Jones Futures Rally After Oil Prices Crash In Coronavirus Stock Market Rally; 4 Key Stocks Set To Report Earnings,http://www.investors.com/market-trend/stock-market-today/dow-jones-futures-oil-prices-coronavirus-stock-market-rally-netflix-stock-earnings/?src=A00237A&ven=BenzingaCP&src=AURLAAM,1.0
299138d047a16ca5,2020-04-20T00:00:00Z,news,Zacks,Walmart & Others Are Hiring to Meet Coronavirus-Led Demand,http://www.zacks.com/stock/news/880317/walmart-others-are-hiring-to-meet-coronavirus-led-demand?cid=CS-BENZ-FT-analyst_blog|industry_focus-880317,1.0
9518aaeea136b1e9,2020-04-20T00:00:00Z,news,GuruFocus,Why the Fed's Bond Buying Is a Recipe for Trouble,http://www.gurufocus.com/news/1110035/why-the-feds-bond-buying-is-a-recipe-for-trouble,1.0
8d02915ab5efd7ec,2020-04-20T00:00:00Z,news,Zacks,Gilead (GILD) in Focus: Stock Moves 9.7% Higher,http://www.zacks.com/stock/news/880185/gilead-gild-in-focus-stock-moves-97-higher?cid=CS-BENZ-FT-tale_of_the_tape|price_movement-880185,1.0
f114b754b1f5fa16,2020-04-20T00:00:00Z,news,Zacks,"Gilead Increases Enrollment Target, Pharma Rally Continues",http://www.zacks.com/stock/news/880091/gilead-increases-enrollment-target-pharma-rally-continues?cid=CS-BENZ-FT-analyst_blog|industry_focus-880091,1.0
bc27fdc48448722a,2020-04-20T00:00:00Z,news,GuruFocus,"Accenture Announces Intent to Acquire French Amazon Web Services (AWS) Consultancy Gekko, ...",http://www.gurufocus.com/news/1109870/accenture-announces-intent-to-acquire-french-amazon-web-services-aws-consultancy-gekko-bolstering-cloud-innovation-for-global-enterprises,1.0
be139b012ad48c8b,2020-04-20T00:00:00Z,news,GuruFocus,"Toth Financial Advisory Corp Buys PowerShares QQQ Trust Ser –, Amazon. ...",http://www.gurufocus.com/news/1110371/toth-financial-advisory-corp-buys-powershares-qqq-trust-ser-1-amazoncom-inc-spdr-sp-500-sells-ishares-transportation-average-spdr-select-sector-fund--consumer-discretionary-spdr-select-sector-fund--industrial,1.0
ca7fc4385effa67a,2020-04-20T00:00:00Z,news,Investor's Business Daily,Dow Jones Slumps As Crude Oil Price Craters; Palomar Breaks Out,http://www.investors.com/market-trend/stock-market-today/oil-price-craters-dow-jones-slumps-palomar-breaks-out/?src=A00237A&ven=BenzingaCP&src=AURLAAM,1.0
effa6ff9b90f5616,2020-04-20T00:00:00Z,news,Zacks,"The Zacks Analyst Blog Highlights: Sprouts Farmers Market, Best Buy, Kroger, Walmart and Costco Wholesale",http://www.zacks.com/stock/news/880261/the-zacks-analyst-blog-highlights-sprouts-farmers-market-best-buy-kroger-walmart-and-costco-wholesale?cid=CS-BENZ-FT-press_releases-880261,1.0
cc0e246ee416fc5c,2020-04-20T00:00:00Z,news,Zacks,Tesla Share Can't Stop & Won't Stop,http://www.zacks.com/stock/news/880880/tesla-share-cant-stop-wont-stop?cid=CS-BENZ-FT-video_blog-880880,1.0
f2d83a43d22149ec,2020-04-21T00:00:00Z,news,Zacks,"The Zacks Analyst Blog Highlights: Alphabet, Gilead Sciences, Starbucks, Tesla and Intuit",http://www.zacks.com/stock/news/882025/the-zacks-analyst-blog-highlights-alphabet-gilead-sciences-starbucks-tesla-and-intuit?cid=CS-BENZ-FT-press_releases-882025,1.0
f49d7698a03398be,2020-04-21T00:00:00Z,news,TalkMarkets,3 ETFs For Netflix Earnings,https://talkmarkets.com/content/3-etfs-for-netflix-earnings?post=259296,1.0
70fd935be663b6ee,2020-04-21T00:00:00Z,news,TalkMarkets,"Facebook (FB), Snapchat (SNAP), and GoPro (GPRO) Report Surging Traffic During Lockdown",https://talkmarkets.com/content/facebook-fb-snapchat-snap-and-gopro-gpro-report-surging-traffic-during-lockdown?post=259294,1.0
3342d0485c5fce5c,2020-04-21T00:00:00Z,news,GuruFocus,Farmers & Merchants Trust Co of Chambersburg PA Buys Amazon. ...,http://www.gurufocus.com/news/1111760/farmers--merchants-trust-co-of-chambersburg-pa-buys-amazoncom-inc-sandstorm-gold-ark-innovation-sells-spdr-gold-trust-altria-group-inc-keycorp,1.0
c01ae6cec161d589,2020-04-21T00:00:00Z,news,Investor's Business Daily,S&P 500 Slides More After Hitting Resistance At This Key Level; Nasdaq Off 3.5%,http://www.investors.com/market-trend/stock-market-today/sp-500-slides-after-resistance-at-key-level-nasdaq-lower-oil-prices-lower/?src=A00237A&ven=BenzingaCP&src=AURLAAM,1.0
3e9d93291a6d79a2,2020-04-21T00:00:00Z,news,Investor's Business Daily,Dow Jones Falls More Than 600 Points As Oil Extends Declines,http://www.investors.com/market-trend/stock-market-today/dow-jones-falls-more-than-600-points-as-oil-extends-declines/?src=A00237A&ven=BenzingaCP&src=AURLAAM,1.0
0bb566635678028e,2020-04-21T00:00:00Z,news,Investor's Business Daily,"Dow Jones Gets Slammed As Apple, Microsoft Weigh, But Nasdaq Fares Worse",http://www.investors.com/market-trend/stock-market-today/dow-jones-slammed-apple-microsoft-nasdaq-fares-worse/?src=A00237A&ven=BenzingaCP&src=AURLAAM,1.0
d20f2fd9f19ab13f,2020-04-21T00:00:00Z,news,Investor's Business Daily,"IBM, Intel, Microsoft Lead Dow Jones Sell-Off; Is The Coronavirus Stock Market Rally In Trouble?",http://www.investors.com/market-trend/stock-market-today/dow-jones-dives-sellers-hit-ibm-intel-microsoft/?src=A00237A&ven=BenzingaCP&src=AURLAAM,1.0
f00f3aa38ae64a8f,2020-04-21T00:00:00Z,news,Investor's Business Daily,"Dow Jones Futures: Crashing Crude Oil Prices Test Coronavirus Stock Market Rally; Netflix, Snap, Chipotle Are Key Earnings Movers",http://www.investors.com/market-trend/stock-market-today/dow-jones-futures-crude-oil-prices-test-coronavirus-stock-market-rally-netflix-snap-chipotle-earnings/?src=A00237A&ven=BenzingaCP&src=AURLAAM,1.0
121f9e401b287257,2020-04-21T00:00:00Z,news,GuruFocus,Nasdaq Launches Cloud Data Service,http://www.gurufocus.com/news/1111296/nasdaq-launches-cloud-data-service-,1.0
98977a8140c79f50,2020-04-21T00:00:00Z,news,GuruFocus,"Csenge Advisory Group Buys Invesco, Amazon. ...",http://www.gurufocus.com/news/1111565/csenge-advisory-group-buys-invesco-amazoncom-inc-ishares-iboxx--high-yield-corporate-bond-sells-powershares-qqq-trust-ser-1-spdr-series-trust-portfolio-sp-500-value-ishares-short-treasury-bond-etf,1.0
8a62cafe981bd721,2020-04-21T00:00:00Z,news,Investor's Business Daily,"Dow Jones Today Slips As Oil Price Futures Struggle; Netflix Up Ahead Of Earnings: FLIR, Lab Corp. Spike",http://www.investors.com/market-trend/stock-market-today/dow-jones-today-slips-as-oil-price-futures-steady-netflix-up-ahead-of-earnings-flir-lab-corp-spike/?src=A00237A&ven=BenzingaCP&src=AURLAAM,1.0
74ebd7def7b9fa19,2020-04-21T00:00:00Z,news,Zacks,"National Beverage, ASGN, British Petroleum, Chevron and ExxonMobil highlighted as Zacks Bull and Bear of the Day",http://www.zacks.com/stock/news/881942/national-beverage-asgn-british-petroleum-chevron-and-exxonmobil-highlighted-as-zacks-bull-and-bear-of-the-day?cid=CS-BENZ-FT-press_releases-881942,1.0
cae55d617cfadffe,2020-04-21T00:00:00Z,news,Zacks,"Netflix, Chipotle, Snap & T.I. All Beat Q1 Expectations",http://www.zacks.com/stock/news/882401/netflix-chipotle-snap-ti-all-beat-q1-expectations?cid=CS-BENZ-FT-analyst_blog|earnings_article-882401,1.0
b4c84350ced5b73e,2020-04-22T00:00:00Z,news,Zacks,Walt Disney (DIS) Gains But Lags Market: What You Should Know,http://www.zacks.com/stock/news/884296/walt-disney-dis-gains-but-lags-market-what-you-should-know?cid=CS-BENZ-FT-tale_of_the_tape|yseop_template_6-884296,1.0
85a47bee593186c6,2020-04-22T00:00:00Z,news,Investor's Business Daily,Dow Jones Rebounds 471 Points; These 5 Growth Stocks Stand Near Breakout Points,http://www.investors.com/market-trend/stock-market-today/dow-jones-rebounds-471-points-these-5-growth-stocks-stand-near-breakout-points/?src=A00237A&ven=BenzingaCP&src=AURLAAM,1.0
b374e50be96bce70,2020-04-22T00:00:00Z,news,Investor's Business Daily,Chip Earnings To Continue With Intel Stock Near Buy Point; Domino's Due: Investing Action Plan,http://www.investors.com/research/investing-action-plan/chip-earnings-continue-intel-stock-near-buy-point-dominos-pizza-due/?src=A00237A&ven=BenzingaCP&src=AURLAAM,1.0
e1a19f4859a2dc7b,2020-04-22T00:00:00Z,news,Investor's Business Daily,"Dow Jones Futures: Coronavirus Stock Market Rally Powers Back; Apple, AMD, Tesla, Intel, Microsoft Near Buy Points, But Watch Out For This",http://www.investors.com/market-trend/stock-market-today/dow-jones-futures-coronavirus-stock-market-rally-apple-tesla-intel-buy-points/?src=A00237A&ven=BenzingaCP&src=AURLAAM,1.0
978fd75eaff0d95e,2020-04-22T00:00:00Z,news,Zacks,Walmart to Increase Focus on Omnichannel Retail With Vudu Sale,http://www.zacks.com/stock/news/883620/walmart-to-increase-focus-on-omnichannel-retail-with-vudu-sale?cid=CS-BENZ-FT-analyst_blog|company_news_-_corporate_actions-883620,1.0
b4d5d61be64f9739,2020-04-22T00:00:00Z,news,Zacks,"Netflix's (NFLX) Q1 Earnings Miss, Coronavirus Aids User Growth",http://www.zacks.com/stock/news/883343/netflixs-nflx-q1-earnings-miss-coronavirus-aids-user-growth?cid=CS-BENZ-FT-analyst_blog|earnings_article-883343,1.0
6138bf851c3d27a7,2020-04-22T00:00:00Z,news,GuruFocus,Livforsakringsaktiebolaget Skandia (publ) Buys Amazon. ...,http://www.gurufocus.com/news/1112428/livforsakringsaktiebolaget-skandia-publ-buys-amazoncom-inc-bristolmyers-squibb-company-renaissancere-holdings-sells-the-home-depot-inc-legg-mason-inc-truist-financial-corp,1.0
fab2129d6dfe5d33,2020-04-22T00:00:00Z,news,Zacks,How Much Longer Can Netflix Reign King Of Streaming?,http://www.zacks.com/stock/news/884286/how-much-longer-can-netflix-reign-king-of-streaming?cid=CS-BENZ-FT-stocks_in_the_news|investment_ideas-884286,1.0
2670ea618866bc7d,2020-04-22T00:00:00Z,news,Zacks,"Coronavirus Helps Netflix & Snap Gain Subscribers, Tech Rallies",http://www.zacks.com/stock/news/883455/coronavirus-helps-netflix-snap-gain-subscribers-tech-rallies?cid=CS-BENZ-FT-analyst_blog|industry_focus-883455,1.0
04ed9a1748c7afe6,2020-04-22T00:00:00Z,news,GuruFocus,"American Institute for Advanced Investment Managem Buys SPDR S&P 500, Invesco ...",http://www.gurufocus.com/news/1113173/american-institute-for-advanced-investment-managem-buys-spdr-sp-500-invesco-bulletshares-2022-corporate-bond-etf-ishares-jp-morgan-usd-emerging-markets-bond-etf-sells-vanguard-midcap-value-first-trust-financials-alpha,1.0
96481d6bf7c9c024,2020-04-22T00:00:00Z,news,Zacks,Federal Signal (FSS) Reports Next Week: Wall Street Expects Earnings Growth,http://www.zacks.com/stock/news/883960/federal-signal-fss-reports-next-week-wall-street-expects-earnings-growth?cid=CS-BENZ-FT-tale_of_the_tape|yseop_template_9-883960,1.0
96509870e01f7f8a,2020-04-22T00:00:00Z,news,Zacks,Wall Street Bullish on Coronavirus Relief Funds: 5 Big Winners,http://www.zacks.com/stock/news/883449/wall-street-bullish-on-coronavirus-relief-funds-5-big-winners?cid=CS-BENZ-FT-analyst_blog|investment_ideas-883449,1.0
21bd7934665efa7b,2020-04-22T00:00:00Z,news,TalkMarkets,"Dear Wall Street: ""You're Fired""",https://talkmarkets.com/content/dear-wall-street-youre-fired?post=259437,1.0
101b1b61e32d53b5,2020-04-22T00:00:00Z,news,Zacks,"The Zacks Analyst Blog Highlights: Exxon Mobil, Oracle, Eli Lilly and Coke",http://www.zacks.com/stock/news/883863/the-zacks-analyst-blog-highlights-exxon-mobil-oracle-eli-lilly-and-coke?cid=CS-BENZ-FT-press_releases-883863,1.0
f8b2f08fb27aed84,2020-04-22T00:00:00Z,news,Investor's Business Daily,Stocks Rebound As S&P 500 Still Faces A Key Test,http://www.investors.com/market-trend/stock-market-today/stock-market-rebounds-technology-energy-lead/?src=A00237A&ven=BenzingaCP&src=AURLAAM,1.0
48ddfa3af26687b0,2020-04-22T00:00:00Z,news,Investor's Business Daily,"Dow Jones Today Poised To Bounce As Oil Prices Wobble; Netflix Slips, Facebook Takes A Stake In India",http://www.investors.com/market-trend/stock-market-today/dow-jones-today-poised-to-bounce-as-oil-prices-wobble-netflix-dives-facebook-takes-a-stake-in-india/?src=A00237A&ven=BenzingaCP&src=AURLAAM,1.0
26bbc70aab1de261,2020-04-22T00:00:00Z,news,Zacks,Facebook (FB) Invests $5.7 Billion in India's Reliance Jio,http://www.zacks.com/stock/news/883692/facebook-fb-invests-%2457-billion-in-indias-reliance-jio?cid=CS-BENZ-FT-analyst_blog|company_news_tech_sector-883692,1.0
4f2de98f11f50896,2020-04-22T00:00:00Z,news,GuruFocus,"Accenture, Intel and Sulubaaï Environmental Foundation Use Artificial Intelligence to Save ...",http://www.gurufocus.com/news/1112181/accenture-intel-and-sulubaa-environmental-foundation-use-artificial-intelligence-to-save-coral-reefs,1.0
61752f85a46d6f98,2020-04-22T00:00:00Z,news,Zacks,Investors Bancorp (ISBC) Reports Next Week: Wall Street Expects Earnings Growth,http://www.zacks.com/stock/news/883998/investors-bancorp-isbc-reports-next-week-wall-street-expects-earnings-growth?cid=CS-BENZ-FT-tale_of_the_tape|yseop_template_9-883998,1.0
4bad9fd560cf2bf1,2020-04-22T00:00:00Z,news,Zacks,Stay-at-Home Boosts Netflix Q1 Subscribers: ETFs to Buy,http://www.zacks.com/stock/news/883565/stay-at-home-boosts-netflix-q1-subscribers-etfs-to-buy?cid=CS-BENZ-FT-etf_news_and_commentary-883565,1.0
f5e250106eeb6a26,2020-04-22T00:00:00Z,news,GuruFocus,"R. W. Roge & Company, Inc. Buys Vanguard S&P 500, iShares Core U.S. ...",http://www.gurufocus.com/news/1112839/r-w-roge--company-inc-buys-vanguard-sp-500-ishares-core-us-aggregate-bond-vanguard-high-dividend-yield-sells-vanguard-intermediateterm-corporate-bond-etf-ishares-international-aggregate-bond-fund-ishares-core-sp-small,1.0
e47e72594ac805e2,2020-04-22T00:00:00Z,news,Zacks,MarketAxess (MKTX) Reports Next Week: Wall Street Expects Earnings Growth,http://www.zacks.com/stock/news/883971/marketaxess-mktx-reports-next-week-wall-street-expects-earnings-growth?cid=CS-BENZ-FT-tale_of_the_tape|yseop_template_9-883971,1.0
5108ca7b727485d0,2020-04-22T00:00:00Z,news,GuruFocus,"Nicolet Bankshares Inc Buys SPDR Series Trust Portfolio S&P 500 Value, SPDR Series ...",http://www.gurufocus.com/news/1113175/nicolet-bankshares-inc-buys-spdr-series-trust-portfolio-sp-500-value-spdr-series-trust-portfolio-sp-500-growth-vanguard-total-bond-market-etf-sells-vanguard-largecap-flexshares-global-upstream-natural-resources-index-,1.0
c2fe795179d5f5f1,2020-04-22T00:00:00Z,news,Investor's Business Daily,"Dow Jones Rallies As Coronavirus Bill, Oil Price Surge Fuel Stock Market Gains",http://www.investors.com/market-trend/stock-market-today/dow-jones-rallies-coronavirus-bill-oil-price-surge-fuel-stock-market/?src=A00237A&ven=BenzingaCP&src=AURLAAM,1.0
7c7716242356f33f,2020-04-22T00:00:00Z,news,Zacks,"Intel (INTC) to Post Q1 Earnings: DCG, CCG & PSG in Spotlight",http://www.zacks.com/stock/news/883424/intel-intc-to-post-q1-earnings-dcg-ccg-psg-in-spotlight?cid=CS-BENZ-FT-analyst_blog|earnings_preview-883424,1.0
50222afd02be9658,2020-04-22T00:00:00Z,news,Zacks,Howard Bancorp (HBMD) Reports Next Week: Wall Street Expects Earnings Growth,http://www.zacks.com/stock/news/883923/howard-bancorp-hbmd-reports-next-week-wall-street-expects-earnings-growth?cid=CS-BENZ-FT-tale_of_the_tape|yseop_template_9-883923,1.0
784d9dd111f5f629,2020-04-22T00:00:00Z,news,Zacks,"The Zacks Analyst Blog Highlights: Netflix, Chipotle, Texas Instruments and Snap",http://www.zacks.com/stock/news/883865/the-zacks-analyst-blog-highlights-netflix-chipotle-texas-instruments-and-snap?cid=CS-BENZ-FT-press_releases-883865,1.0
8467446d9132e31a,2020-04-22T00:00:00Z,news,Zacks,Nasdaq (NDAQ) Surpasses Q1 Earnings and Revenue Estimates,http://www.zacks.com/stock/news/883706/nasdaq-ndaq-surpasses-q1-earnings-and-revenue-estimates?cid=CS-BENZ-FT-analyst_blog|earnings_article-883706,1.0
dd4569d08f16bff9,2020-04-22T00:00:00Z,news,GuruFocus,Nasdaq Announces 4% Increase in Quarterly Dividend to $0.49 Per Share,http://www.gurufocus.com/news/1112310/nasdaq-announces-4-increase-in-quarterly-dividend-to-049-per-share,1.0
3185198407982e03,2020-04-22T00:00:00Z,news,Zacks,Nasdaq (NDAQ) Beats Q1 Earnings and Revenue Estimates,http://www.zacks.com/stock/news/883371/nasdaq-ndaq-beats-q1-earnings-and-revenue-estimates?cid=CS-BENZ-FT-tale_of_the_tape|yseop_template_4-883371,1.0
e34b26b2f58bf06f,2020-04-23T00:00:00Z,news,TalkMarkets,30 S&P 500 Stocks That Rose In The Crisis: It's A Market Of Stocks,https://talkmarkets.com/content/30-sp-500-stocks-that-rose-in-the-crisis-its-a-market-of-stocks?post=259660,1.0
b5e6c51995cdfd9d,2020-04-23T00:00:00Z,news,Zacks,3 Blue-Chip Tech Stocks to Buy Right Now Not Named Apple or Microsoft,http://www.zacks.com/stock/news/886103/3-blue-chip-tech-stocks-to-buy-right-now-not-named-apple-or-microsoft?cid=CS-BENZ-FT-stocks_in_the_news|investment_ideas-886103,1.0
5b69699051272ec9,2020-04-23T00:00:00Z,news,GuruFocus,"Disney Valuation, Part ': Disney+",http://www.gurufocus.com/news/1113331/disney-valuation-part-3-disney,1.0
e5dca00cc79f84cb,2020-04-23T00:00:00Z,news,TalkMarkets,More Netflix Junk To Binge On,https://talkmarkets.com/content/more-netflix-junk-to-binge-on?post=259663,1.0
0a07f9dfc1daf0f1,2020-04-23T00:00:00Z,news,GuruFocus,"Legacy Private Trust Co. Buys iShares Core S&P 500, SPDR Portfolio Developed World ...",http://www.gurufocus.com/news/1114586/legacy-private-trust-co-buys-ishares-core-sp-500-spdr-portfolio-developed-world-exus-schwab-us-broad-market-sells-ishares-core-sp-total-us-stock-market-invesco-sp-500-low-volatility-powershares-ftse-rafi-us-1500-small,1.0
1e9564a7647876b4,2020-04-23T00:00:00Z,news,Investor's Business Daily,"Dow Jones Today Waits On Jobless Claims, Stimulus Vote; Casinos Rally, Oil Prices Bounce, Blackstone Turns Acquisitive",http://www.investors.com/market-trend/stock-market-today/dow-jones-today-waits-on-jobless-claims-stimulus-vote-casinos-rally-oil-prices-bounce-blackstone-turns-acquisitive/?src=A00237A&ven=BenzingaCP&src=AURLAAM,1.0
5d0e53a48ac6946d,2020-04-23T00:00:00Z,news,Investor's Business Daily,"Dow Jones Lags Russell 2000, Gold Stocks And Oil Up Big; A New Entry For Zoom Video?",http://www.investors.com/market-trend/stock-market-today/dow-jones-lags-russell-2000-gold-stocks-and-oil-up-big-a-new-entry-for-zoom-video/?src=A00237A&ven=BenzingaCP&src=AURLAAM,1.0
35d9a910513a16ad,2020-04-23T00:00:00Z,news,GuruFocus,TOP Ships Inc. Announces Extension of Nasdaq Minimum Bid Price Compliance Period,http://www.gurufocus.com/news/1114490/top-ships-inc-announces-extension-of-nasdaq-minimum-bid-price-compliance-period,1.0
fd9c6cc815852021,2020-04-23T00:00:00Z,news,GuruFocus,"National Mutual Insurance Federation of Agricultur Buys Vanguard Total Stock Market, Pfizer ...",http://www.gurufocus.com/news/1114022/national-mutual-insurance-federation-of-agricultur-buys-vanguard-total-stock-market-pfizer-inc-sells-vanguard-sp-500-vanguard-high-dividend-yield-real-estate-select-sector-spdr-fund-the,1.0
accd9f081119ef5d,2020-04-23T00:00:00Z,news,Zacks,"Intel, Edwards Lifesciences Top Q1 Earnings Estimates",http://www.zacks.com/stock/news/886321/intel-edwards-lifesciences-top-q1-earnings-estimates?cid=CS-BENZ-FT-analyst_blog|earnings_article-886321,1.0
138bbbf0bc39c53f,2020-04-23T00:00:00Z,news,TalkMarkets,"Apple Reportedly Shifting Away From Intel, Will Make Its Own Mac Chips",https://talkmarkets.com/content/apple-reportedly-shifting-away-from-intel-will-make-its-own-mac-chips?post=259643,1.0
6bd24afdcf7954f5,2020-04-23T00:00:00Z,news,Investor's Business Daily,"Dow Jones Gains 400 Points On Jobless Claims, Surging Oil Prices; Apple Nears New Buy Point",http://www.investors.com/market-trend/stock-market-today/dow-jones-stock-market-rally-jobless-claims-oil-prices-apple-stock-buy-point/?src=A00237A&ven=BenzingaCP&src=AURLAAM,1.0
da8065a6a6df9e13,2020-04-23T00:00:00Z,news,Investor's Business Daily,"Dow Jones Futures: Coronavirus Stock Market Rally Stalls On Gilead Remdesivir News; Intel, Google News Hits These Tech Titans",http://www.investors.com/market-trend/stock-market-today/dow-jones-futures-coronavirus-stock-market-rally-stalls-on-gilead-remdesivir-intel-earnings-hit-microsoft-amd-nvidia/?src=A00237A&ven=BenzingaCP&src=AURLAAM,1.0
423ce70265e936bf,2020-04-23T00:00:00Z,news,Investor's Business Daily,Dow Jones Leads As Oil Giants Surge In Coronavirus Stock Market Rally,http://www.investors.com/market-trend/stock-market-today/dow-jones-leads-oil-giants-surge-coronavirus-stock-market-rally/?src=A00237A&ven=BenzingaCP&src=AURLAAM,1.0
ab8c53fdca7e8360,2020-04-23T00:00:00Z,news,TalkMarkets,"Intel Trades Down After Q1 Beat, Q2 Guidance Miss",https://talkmarkets.com/content/intel-trades-down-after-q1-beat-q2-guidance-miss?post=259676,1.0
fb272449028f1d34,2020-04-23T00:00:00Z,news,GuruFocus,Professional Advisory Services Inc Buys Amazon. ...,http://www.gurufocus.com/news/1114026/professional-advisory-services-inc-buys-amazoncom-inc-apple-inc-anthem-inc-sells-the-walt-disney-co-resmed-inc-state-street-corporation,1.0
1536cd7e75d891fd,2020-04-23T00:00:00Z,news,Zacks,Will Global Services Unit Hurt Boeing's (BA) Q1 Earnings?,http://www.zacks.com/stock/news/885586/will-global-services-unit-hurt-boeings-ba-q1-earnings?cid=CS-BENZ-FT-analyst_blog|earnings_preview-885586,1.0
8075d4ef15e1ee9b,2020-04-23T00:00:00Z,news,Investor's Business Daily,Dow Jones Rises As Pace Of Job Losses Slow; Oil Prices Recover,http://www.investors.com/market-trend/stock-market-today/dow-jones-rises-as-pace-of-job-losses-slow-oil-prices-recover/?src=A00237A&ven=BenzingaCP&src=AURLAAM,1.0
3612425ebe088a2f,2020-04-23T00:00:00Z,news,TalkMarkets,"Stocks Tumble, Gilead Crashes After FT Reports Gilead's Remdesivir ""Flops"" In First Clinical Trial",https://talkmarkets.com/content/stocks-tumble-gilead-crashes-after-ft-reports-gileads-remdesivir-flops-in-first-clinical-trial?post=259655,1.0
49331aacd9ed5c07,2020-04-24T00:00:00Z,news,Zacks,"Intel's (INTC) Q1 Earnings Beat, DCG Growth Aids Revenues",http://www.zacks.com/stock/news/887534/intels-intc-q1-earnings-beat-dcg-growth-aids-revenues?cid=CS-BENZ-FT-analyst_blog|earnings_article-887534,1.0
de940408d6fd5dd0,2020-04-24T00:00:00Z,news,GuruFocus,Wall Street Advances on Friday,http://www.gurufocus.com/news/1115547/wall-street-advances-on-friday,1.0
7d4b8672f5ab52be,2020-04-24T00:00:00Z,news,TalkMarkets,S&P 500 Stocks That Rose In The Crisis: It's A Market Of Stocks - Part 2,https://talkmarkets.com/content/sp-500-stocks-that-rose-in-the-crisis-its-a-market-of-stocks-part-2?post=259792,1.0
6f1e7d670516ff82,2020-04-24T00:00:00Z,news,TalkMarkets,The UK Economy Falls Off The Cliff; Brexit Negotiations Resume,https://talkmarkets.com/content/the-uk-economy-falls-off-the-cliff-brexit-negotiations-resume?post=259821,1.0
13e69440c441048a,2020-04-24T00:00:00Z,news,Zacks,Will Solid Model 3/Y Sales Drive Tesla's (TSLA) Q1 Earnings?,http://www.zacks.com/stock/news/887215/will-solid-model-3-y-sales-drive-teslas-tsla-q1-earnings?cid=CS-BENZ-FT-analyst_blog|earnings_preview-887215,1.0
7e5abdaa120f4425,2020-04-24T00:00:00Z,news,Zacks,Poor Commercial Deliveries to Hurt Boeing (BA) Q1 Earnings,http://www.zacks.com/stock/news/887521/poor-commercial-deliveries-to-hurt-boeing-ba-q1-earnings?cid=CS-BENZ-FT-analyst_blog|earnings_preview-887521,1.0
6224177dd485b155,2020-04-24T00:00:00Z,news,Investor's Business Daily,Dow Jones In The Red As Two Key Blue Chips Weigh; Coronavirus Stocks Rally,http://www.investors.com/market-trend/stock-market-today/dow-jones-red-2-key-blue-chips-weigh-coronavirus-stocks-rally/?src=A00237A&ven=BenzingaCP&src=AURLAAM,1.0
e5670af7f7abcaa0,2020-04-24T00:00:00Z,news,Zacks,The Zacks Analyst Blog Highlights: Intel and Edwards Lifesciences,http://www.zacks.com/stock/news/887714/the-zacks-analyst-blog-highlights-intel-and-edwards-lifesciences?cid=CS-BENZ-FT-press_releases-887714,1.0
4fce6637eebad201,2020-04-24T00:00:00Z,news,Investor's Business Daily,"Futures, Dow Jones Today Edge Up As AmEx, Edwards Lifesciences, Beyond Meat Lead; Intel Pressures Chips",http://www.investors.com/market-trend/stock-market-today/dow-jones-today-futures-edge-up-as-amex-edwards-lifesciences-beyond-meat-lead-intel-pressures-chips/?src=A00237A&ven=BenzingaCP&src=AURLAAM,1.0
8611543b9b5b1280,2020-04-24T00:00:00Z,news,Investor's Business Daily,"Dow Jones Erases 200-Point Gain On Coronavirus Stimulus; Intel Dives On Earnings, While Apple Nears New Buy Point",http://www.investors.com/market-trend/stock-market-today/dow-jones-stock-market-rally-coronavirus-stimulus-apple-intel-tesla/?src=A00237A&ven=BenzingaCP&src=AURLAAM,1.0
0bc813bdacc80014,2020-04-24T00:00:00Z,news,Zacks,Intel Sinks on Weak Guidance: ETFs in Focus,http://www.zacks.com/stock/news/887367/intel-sinks-on-weak-guidance-etfs-in-focus?cid=CS-BENZ-FT-etf_news_and_commentary-887367,1.0
7e9d3cc66db4dc8b,2020-04-24T00:00:00Z,news,Zacks,"The Zacks Analyst Blog Highlights: SAP, NIKE, Lockheed Martin, Netflix and Regeneron Pharmaceuticals",http://www.zacks.com/stock/news/887699/the-zacks-analyst-blog-highlights-sap-nike-lockheed-martin-netflix-and-regeneron-pharmaceuticals?cid=CS-BENZ-FT-press_releases-887699,1.0
8b94688f65f96a4f,2020-04-24T00:00:00Z,news,GuruFocus,Marrone Bio Innovations Receives Nasdaq Notice Regarding Failure to Satisfy a Continued Listing Rule,http://www.gurufocus.com/news/1115839/marrone-bio-innovations-receives-nasdaq-notice-regarding-failure-to-satisfy-a-continued-listing-rule,1.0
ecdb3fa695c94338,2020-04-24T00:00:00Z,news,GuruFocus,"Financial Management Professionals, Inc. Buys ProShares Short S&P500, iShares MSCI ACWI ...",http://www.gurufocus.com/news/1115523/financial-management-professionals-inc-buys-proshares-short-sp500-ishares-msci-acwi-index-fund-schwab-us-aggregate-bond-sells-schwab-us-mid-cap-pimco-05-year-high-yield-corporat-bond-index-exch-ishares-jp-morgan-usd-e,1.0
2dbbf2662c2d04b5,2020-04-24T00:00:00Z,news,Zacks,"Top Analyst Reports for Facebook, Roche & Royal Dutch Shell",http://www.zacks.com/research-daily/887678/top-analyst-reports-for-facebook-roche-royal-dutch-shell?cid=CS-BENZ-FT-research_daily-887678,1.0
201822fd336d795e,2020-04-24T00:00:00Z,news,Zacks,Microsoft (MSFT) to Report Q3 Results: What's in the Offing?,http://www.zacks.com/stock/news/887469/microsoft-msft-to-report-q3-results-whats-in-the-offing?cid=CS-BENZ-FT-analyst_blog|earnings_preview-887469,1.0
2245d757227ba30f,2020-04-24T00:00:00Z,news,Zacks,Clorox (CLX) Reports Next Week: Wall Street Expects Earnings Growth,http://www.zacks.com/stock/news/887792/clorox-clx-reports-next-week-wall-street-expects-earnings-growth?cid=CS-BENZ-FT-tale_of_the_tape|yseop_template_9-887792,1.0
b8747d45ff179499,2020-04-24T00:00:00Z,news,Zacks,"The Zacks Analyst Blog Highlights: Microsoft, Apple, Adobe, Nvidia and Salesforce",http://www.zacks.com/stock/news/887705/the-zacks-analyst-blog-highlights-microsoft-apple-adobe-nvidia-and-salesforce?cid=CS-BENZ-FT-press_releases-887705,1.0
1c63b33f86094f0f,2020-04-24T00:00:00Z,news,TalkMarkets,"3 Rate Decisions, GDP & Earnings Marks Busy FX Week",https://talkmarkets.com/content/3-rate-decisions-gdp--earnings-marks-busy-fx-week?post=259811,1.0
f88956c54fda824b,2020-04-24T00:00:00Z,news,TalkMarkets,"Intel Stock Volatility Is A Buying Opportunity, BofA Says After Q1 Report",https://talkmarkets.com/content/intel-stock-volatility-is-a-buying-opportunity-bofa-says-after-q1-report?post=259794,1.0
3d1db3af2ef3e5c7,2020-04-26T00:00:00Z,news,TalkMarkets,S&P 500 Continues Defying Gravity in Upside Down Market,https://talkmarkets.com/content/sp-500-continues-defying-gravity-in-upside-down-market?post=259955,1.0
c56c31a9e43491e3,2020-04-26T00:00:00Z,news,Investor's Business Daily,Dow Jones Futures: Coronavirus Stock Market Rally Enters Earnings Chaos As Apple Leads 7 Stocks Near Buy Points,http://www.investors.com/market-trend/stock-market-today/dow-jones-futures-coronavirus-stock-market-rally-earnings-apple-tesla-buy-points/?src=A00237A&ven=BenzingaCP&src=AURLAAM,1.0
83bb77c4a59c78af,2020-04-27T00:00:00Z,news,TalkMarkets,S&P 500 Stocks That Rose In The Crisis: It's A Market of Stocks: Part 3,https://talkmarkets.com/content/sp-500-stocks-that-rose-in-the-crisis-its-a-market-of-stocks-part-3?post=260064,1.0
ecf572fe8ed38bb0,2020-04-27T00:00:00Z,news,Zacks,"Top Research Reports for Intel, Novartis & Toyota",http://www.zacks.com/research-daily/891971/top-research-reports-for-intel-novartis-toyota?cid=CS-BENZ-FT-research_daily-891971,1.0
15acd205c72bcce7,2020-04-27T00:00:00Z,news,Zacks,Amazon (AMZN) to Report Q1 Earnings: What's in the Offing?,http://www.zacks.com/stock/news/891701/amazon-amzn-to-report-q1-earnings-whats-in-the-offing?cid=CS-BENZ-FT-analyst_blog|earnings_preview-891701,1.0
44310495c4f7029a,2020-04-27T00:00:00Z,news,Zacks,What's in Store for Facebook ETF in Q1 Earnings?,http://www.zacks.com/stock/news/892685/whats-in-store-for-facebook-etf-in-q1-earnings?cid=CS-BENZ-FT-etf_news_and_commentary-892685,1.0
1e3f5172e8e82e1b,2020-04-27T00:00:00Z,news,GuruFocus,"Wade Financial Advisory, Inc Buys Invesco S&P 500 Low Volatility, Invesco S&P ...",http://www.gurufocus.com/news/1117736/wade-financial-advisory-inc-buys-invesco-sp-500-low-volatility-invesco-sp-emerging-markets-low-volatility-schwab-international-equity-sells-ishares-edge-msci-min-vol-usa-ishares-edge-msci-min-vol-emerging-markets-vang,1.0
29de3471e3d25245,2020-04-27T00:00:00Z,news,Zacks,"The Zacks Analyst Blog Highlights: Facebook, Roche, Royal Dutch Shell, Uber Technologies and Lam Research",http://www.zacks.com/stock/news/891699/the-zacks-analyst-blog-highlights-facebook-roche-royal-dutch-shell-uber-technologies-and-lam-research?cid=CS-BENZ-FT-press_releases-891699,1.0
c3113872272b68c0,2020-04-27T00:00:00Z,news,GuruFocus,"Artemis Investment Management LLP Buys The Carlyle Group Inc, Amazon. ...",http://www.gurufocus.com/news/1117735/artemis-investment-management-llp-buys-the-carlyle-group-inc-amazoncom-inc-visa-inc-sells-conocophillips-lowes-inc-bank-of-america-corp,1.0
999684bb4064ca18,2020-04-27T00:00:00Z,news,Investor's Business Daily,"Dow Jones Rises 1,045 Points In 4-Day Run; These 5 Growth Stocks Set Up New Buy Points",http://www.investors.com/market-trend/stock-market-today/dow-jones-rises-1045-points-in-4-day-run-these-5-growth-stocks-set-up-new-buy-points/?src=A00237A&ven=BenzingaCP&src=AURLAAM,1.0
82087096bb5a3cbd,2020-04-27T00:00:00Z,news,Zacks,"CURO Group, Foot Locker, Microsoft, Amazon and Slack highlighted as Zacks Bull and Bear of the Day",http://www.zacks.com/stock/news/891661/curo-group-foot-locker-microsoft-amazon-and-slack-highlighted-as-zacks-bull-and-bear-of-the-day?cid=CS-BENZ-FT-press_releases-891661,1.0
a8cbea9ac626662f,2020-04-27T00:00:00Z,news,Zacks,Ensign Group (ENSG) to Report Q1 Results: Wall Street Expects Earnings Growth,http://www.zacks.com/stock/news/892073/ensign-group-ensg-to-report-q1-results-wall-street-expects-earnings-growth?cid=CS-BENZ-FT-tale_of_the_tape|yseop_template_9-892073,1.0
074463e75247cd7f,2020-04-27T00:00:00Z,news,GuruFocus,"Santori & Peters, Inc. Buys iShares iBoxx $ Investment Grade Corporate Bond, Gilead ...",http://www.gurufocus.com/news/1117733/santori--peters-inc-buys-ishares-iboxx--investment-grade-corporate-bond-gilead-sciences-inc-agnico-eagle-mines-sells-ishares-short-treasury-bond-etf-spdr-bloomberg-barclays-13-month-tbill-clorox-co,1.0
dab2a629040288d4,2020-04-27T00:00:00Z,news,Zacks,Rambus (RMBS) Reports Next Week: Wall Street Expects Earnings Growth,http://www.zacks.com/stock/news/892516/rambus-rmbs-reports-next-week-wall-street-expects-earnings-growth?cid=CS-BENZ-FT-tale_of_the_tape|yseop_template_9-892516,1.0
c72017eaf593a69f,2020-04-27T00:00:00Z,news,Zacks,Will Azure & Teams Adoption Aid Microsoft (MSFT) Q3 Earnings?,http://www.zacks.com/stock/news/891717/will-azure-teams-adoption-aid-microsoft-msft-q3-earnings?cid=CS-BENZ-FT-analyst_blog|earnings_preview-891717,1.0
f67b32116c5148ff,2020-04-27T00:00:00Z,news,Investor's Business Daily,"Dow Jones Jumps 250 Points, Led By Disney, JPMorgan; Nasdaq 100 Yields Two Bullish Breakouts",http://www.investors.com/market-trend/stock-market-today/dow-jones-jumps-250-points-led-by-disney-jpmorgan-stock/?src=A00237A&ven=BenzingaCP&src=AURLAAM,1.0
ada11caa319d2727,2020-04-27T00:00:00Z,news,Zacks,"The Zacks Analyst Blog Highlights: Amazon, Alibaba, J.C. Penney, Macy's and Kohl's",http://www.zacks.com/stock/news/891694/the-zacks-analyst-blog-highlights-amazon-alibaba-jc-penney-macys-and-kohls?cid=CS-BENZ-FT-press_releases-891694,1.0
f6097721776d1205,2020-04-27T00:00:00Z,news,Investor's Business Daily,"Dow Jones Today, Futures Rise; Coronavirus Stock Market Gains Strength: Facebook, Checkpoint, LabCorp Climb",http://www.investors.com/market-trend/stock-market-today/dow-jones-today-futures-rise-coronavirus-stock-market-gains-strength-facebook-checkpoint-labcorp-climb/?src=A00237A&ven=BenzingaCP&src=AURLAAM,1.0
03f0a6c749762e17,2020-04-27T00:00:00Z,news,TalkMarkets,"Carnival Deemed Too Big to Fail, Rescued by the Fed",https://talkmarkets.com/content/carnival-deemed-too-big-to-fail-rescued-by-the-fed?post=259968,1.0
a012a40690f5e347,2020-04-27T00:00:00Z,news,Investor's Business Daily,Dow Jones Rallies 350 Points To Retake Key Support Level; 2 Blue Chips Near Buy Point,http://www.investors.com/market-trend/stock-market-today/dow-jones-rallies-350-points-retake-key-support-2-blue-chips-near-buy/?src=A00237A&ven=BenzingaCP&src=AURLAAM,1.0
bd2b3e6c66ecf0b1,2020-04-27T00:00:00Z,news,Investor's Business Daily,"Alphabet, AMD Lead Off Busy Week For Tech Stocks: Investing Action Plan",http://www.investors.com/research/investing-action-plan/tech-stocks-begin-busy-week-earnings-alphabet-amd/?src=A00237A&ven=BenzingaCP&src=AURLAAM,1.0
e18e272c8731d99c,2020-04-27T00:00:00Z,news,Zacks,Clarivate Analytics Plc (CCC) Reports Next Week: Wall Street Expects Earnings Growth,http://www.zacks.com/stock/news/892240/clarivate-analytics-plc-ccc-reports-next-week-wall-street-expects-earnings-growth?cid=CS-BENZ-FT-tale_of_the_tape|yseop_template_9-892240,1.0
d879d3ffcd592678,2020-04-27T00:00:00Z,news,Zacks,"Big Tech's First Coronavirus Earnings Test: Buy Apple, Amazon or Microsoft Stock?",http://www.zacks.com/stock/news/892857/big-techs-first-coronavirus-earnings-test-buy-apple-amazon-or-microsoft-stock?cid=CS-BENZ-FT-zacks_friday_finish_line-892857,1.0
110891b1b7f208c7,2020-04-27T00:00:00Z,news,GuruFocus,Nasdaq Launches New Risk Modelling Service for the Insurance Industry,http://www.gurufocus.com/news/1117480/nasdaq-launches-new-risk-modelling-service-for-the-insurance-industry,1.0
e394279344047ba1,2020-04-27T00:00:00Z,news,Zacks,Sapiens (SPNS) to Report Q1 Results: Wall Street Expects Earnings Growth,http://www.zacks.com/stock/news/892634/sapiens-spns-to-report-q1-results-wall-street-expects-earnings-growth?cid=CS-BENZ-FT-tale_of_the_tape|yseop_template_9-892634,1.0
af8ed5b533ee5fa3,2020-04-28T00:00:00Z,news,TalkMarkets,Google Parent Alphabet Misses Profit Expectations But Stock Soars On Rebound Talk,https://talkmarkets.com/content/google-parent-alphabet-misses-profit-expectations-but-stock-soars-on-rebound-talk?post=260277,1.0
1c6819c2ff27070c,2020-04-28T00:00:00Z,news,GuruFocus,Old Second National Bank Of Aurora Buys Amazon. ...,http://www.gurufocus.com/news/1119481/old-second-national-bank-of-aurora-buys-amazoncom-inc-vanguard-total-stock-market-broadcom-inc-sells-spdr-portfolio-intermediate-term-corporate-bond-spdr-select-sector-fund--consumer-discretionary-ishares-us-regional-,1.0
23200ab595ea74d0,2020-04-28T00:00:00Z,news,Zacks,5 Top-Ranked Nasdaq Stocks to Buy Ahead of Earnings Results,http://www.zacks.com/stock/news/893822/5-top-ranked-nasdaq-stocks-to-buy-ahead-of-earnings-results?cid=CS-BENZ-FT-analyst_blog|investment_ideas-893822,1.0
5363ac387a5e3bf2,2020-04-28T00:00:00Z,news,Zacks,Wall Street at 7-Week High: 5 Sector ETFs on Fire,http://www.zacks.com/stock/news/896176/wall-street-at-7-week-high-5-sector-etfs-on-fire?cid=CS-BENZ-FT-etf_news_and_commentary-896176,1.0
138c33cff220c62e,2020-04-28T00:00:00Z,news,TalkMarkets,Netflix: Coronavirus Cements The Company as Untouchable,https://talkmarkets.com/content/netflix-coronavirus-cements-the-company-as-untouchable?post=260135,1.0
3786cd82a05cb6a5,2020-04-28T00:00:00Z,news,TalkMarkets,"Disney, Discovery, Fox: Which Stock Will Be Crowned The Media King?",https://talkmarkets.com/content/disney-discovery-fox-which-stock-will-be-crowned-the-media-king?post=260215,1.0
cbfeaa6db7ac28ad,2020-04-28T00:00:00Z,news,Zacks,Earnings Preview: Walt Disney (DIS) Q2 Earnings Expected to Decline,http://www.zacks.com/stock/news/896781/earnings-preview-walt-disney-dis-q2-earnings-expected-to-decline?cid=CS-BENZ-FT-tale_of_the_tape|yseop_template_9-896781,1.0
67f849ebe6605442,2020-04-28T00:00:00Z,news,Zacks,Walt Disney (DIS) Gains As Market Dips: What You Should Know,http://www.zacks.com/stock/news/897116/walt-disney-dis-gains-as-market-dips-what-you-should-know?cid=CS-BENZ-FT-tale_of_the_tape|yseop_template_6-897116,1.0
31da026bd983d0af,2020-04-28T00:00:00Z,news,GuruFocus,"Crossmark Global Holdings, Inc. Buys Amazon. ...",http://www.gurufocus.com/news/1119300/crossmark-global-holdings-inc-buys-amazoncom-inc-comcast-corp-abbott-laboratories-sells-allstate-corp-exxon-mobil-corp-wpp-plc,1.0
f740db122ab34f6e,2020-04-28T00:00:00Z,news,GuruFocus,Harel Insurance Investments & Financial Services L Buys Amazon. ...,http://www.gurufocus.com/news/1118717/harel-insurance-investments--financial-services-l-buys-amazoncom-inc-adobe-inc-ishares-us-medical-devices-sells-spdr-select-sector-fund--energy-select-sector-vanguard-ftse-pacific-vanguard-materials,1.0
855cfa5a7392f392,2020-04-28T00:00:00Z,news,Investor's Business Daily,"Dow Jones Futures: Google, AMD Lead Earnings Movers Late After Coronavirus Stock Market Rally Has Growing Pains",http://www.investors.com/market-trend/stock-market-today/dow-jones-futures-coronavirus-stock-market-rally-amd-google-earnings-boeing-tesla-facebook-loom/?src=A00237A&ven=BenzingaCP&src=AURLAAM,1.0
affa3a37484b58a0,2020-04-28T00:00:00Z,news,Zacks,KLA (KLAC) Reports Next Week: Wall Street Expects Earnings Growth,http://www.zacks.com/stock/news/895917/kla-klac-reports-next-week-wall-street-expects-earnings-growth?cid=CS-BENZ-FT-tale_of_the_tape|yseop_template_9-895917,1.0
e1a610793cd7e62a,2020-04-28T00:00:00Z,news,GuruFocus,Wall Street Turns Red on Tuesday,http://www.gurufocus.com/news/1119394/wall-street-turns-red-on-tuesday,1.0
2c5de286ff43776c,2020-04-28T00:00:00Z,news,Zacks,"Pfizer (PFE) Q1 Earnings Top, Biopharma Gains From Coronavirus",http://www.zacks.com/stock/news/894101/pfizer-pfe-q1-earnings-top-biopharma-gains-from-coronavirus?cid=CS-BENZ-FT-analyst_blog|earnings_article-894101,1.0
23d984fb89cb6319,2020-04-28T00:00:00Z,news,Zacks,Will Strong HIV Sales Drive Gilead's (GILD) Q1 Earnings?,http://www.zacks.com/stock/news/894055/will-strong-hiv-sales-drive-gileads-gild-q1-earnings?cid=CS-BENZ-FT-analyst_blog|earnings_preview-894055,1.0
a81906818481200a,2020-04-28T00:00:00Z,news,Investor's Business Daily,"Dow Jones 378-Point Intraday Gain Fades, But 3M A Bright Spot; Netflix, Tesla Weigh On Nasdaq",http://www.investors.com/market-trend/stock-market-today/dow-jones-fades-378-point-intraday-gain/?src=A00237A&ven=BenzingaCP&src=AURLAAM,1.0
451ae1deb87ebc39,2020-04-28T00:00:00Z,news,Zacks,Regeneron (REGN) Reports Next Week: Wall Street Expects Earnings Growth,http://www.zacks.com/stock/news/895290/regeneron-regn-reports-next-week-wall-street-expects-earnings-growth?cid=CS-BENZ-FT-tale_of_the_tape|yseop_template_9-895290,1.0
4971852f2ea5d5ef,2020-04-28T00:00:00Z,news,GuruFocus,Radius Health Reports Inducement Grants Under Nasdaq Listing Rule 56'5(c)(4),http://www.gurufocus.com/news/1119621/radius-health-reports-inducement-grants-under-nasdaq-listing-rule-5635c4,1.0
0404ec7e9b3212b2,2020-04-28T00:00:00Z,news,TalkMarkets,"Amazon Apple GE Earnings, FOMC & GDP Ahead. The Corn & Ethanol Report",https://talkmarkets.com/content/amazon-apple-ge-earnings-fomc--gdp-ahead-the-corn--ethanol-report?post=260211,1.0
608304e48646d05a,2020-04-28T00:00:00Z,news,Zacks,Sandstorm Gold (SAND) to Report Q1 Results: Wall Street Expects Earnings Growth,http://www.zacks.com/stock/news/895006/sandstorm-gold-sand-to-report-q1-results-wall-street-expects-earnings-growth?cid=CS-BENZ-FT-tale_of_the_tape|yseop_template_9-895006,1.0
ad78482cacd71c29,2020-04-28T00:00:00Z,news,Zacks,Thomson Reuters (TRI) Reports Next Week: Wall Street Expects Earnings Growth,http://www.zacks.com/stock/news/894976/thomson-reuters-tri-reports-next-week-wall-street-expects-earnings-growth?cid=CS-BENZ-FT-tale_of_the_tape|yseop_template_9-894976,1.0
04fd101c01e6193d,2020-04-28T00:00:00Z,news,TalkMarkets,Intel Stock Analysis: Is It Better Than AMD And NVDA In 2020,https://talkmarkets.com/content/intel-stock-analysis-is-it-better-than-amd-and-nvda-in-2020?post=260259,1.0
df5ac8b2843bb677,2020-04-28T00:00:00Z,news,Investor's Business Daily,Amazon Leads Top Internet Players In Coronavirus Stock Market Rally,http://www.investors.com/research/ibd-industry-themes/amazon-stock-leads-top-internet-players-coronavirus-market-rally/?src=A00237A&ven=BenzingaCP&src=AURLAAM,1.0
2cc0a847ca1685b0,2020-04-28T00:00:00Z,news,Zacks,Louisiana-Pacific (LPX) Reports Next Week: Wall Street Expects Earnings Growth,http://www.zacks.com/stock/news/896035/louisiana-pacific-lpx-reports-next-week-wall-street-expects-earnings-growth?cid=CS-BENZ-FT-tale_of_the_tape|yseop_template_9-896035,1.0
84147eb0bf3bd0a2,2020-04-28T00:00:00Z,news,Zacks,Microsoft ETFs to Watch on Surging Cloud Ahead of Q3 Earnings,http://www.zacks.com/stock/news/894021/microsoft-etfs-to-watch-on-surging-cloud-ahead-of-q3-earnings?cid=CS-BENZ-FT-etf_news_and_commentary-894021,1.0
8471c900dced2b07,2020-04-28T00:00:00Z,news,Zacks,Wright Medical Group (WMGI) to Report Q1 Results: Wall Street Expects Earnings Growth,http://www.zacks.com/stock/news/894914/wright-medical-group-wmgi-to-report-q1-results-wall-street-expects-earnings-growth?cid=CS-BENZ-FT-tale_of_the_tape|yseop_template_9-894914,1.0
290877548dd96738,2020-04-28T00:00:00Z,news,Zacks,Air Transport Services (ATSG) Reports Next Week: Wall Street Expects Earnings Growth,http://www.zacks.com/stock/news/894574/air-transport-services-atsg-reports-next-week-wall-street-expects-earnings-growth?cid=CS-BENZ-FT-tale_of_the_tape|yseop_template_9-894574,1.0
94e3d263a015cd0c,2020-04-28T00:00:00Z,news,Zacks,AerCap (AER) Reports Next Week: Wall Street Expects Earnings Growth,http://www.zacks.com/stock/news/894525/aercap-aer-reports-next-week-wall-street-expects-earnings-growth?cid=CS-BENZ-FT-tale_of_the_tape|yseop_template_9-894525,1.0
d3c2be1c505916bb,2020-04-29T00:00:00Z,news,Zacks,Online Sales to Boost Amazon Q1 Earnings: ETFs to Buy,http://www.zacks.com/stock/news/897488/online-sales-to-boost-amazon-q1-earnings-etfs-to-buy?cid=CS-BENZ-FT-etf_news_and_commentary-897488,1.0
7f4eb226a4b0a3ee,2020-04-29T00:00:00Z,news,GuruFocus,"Fisher Asset Management Cuts Pfizer, Johnson & Johnson",http://www.gurufocus.com/news/1120102/fisher-asset-management-cuts-pfizer-johnson--johnson,1.0
01184a0fd16aca1e,2020-04-29T00:00:00Z,news,Zacks,ETFs to Watch as Apple Gears Up to Report Q2 Earnings,http://www.zacks.com/stock/news/897983/etfs-to-watch-as-apple-gears-up-to-report-q2-earnings?cid=CS-BENZ-FT-etf_news_and_commentary-897983,1.0
bf55959afaabf246,2020-04-29T00:00:00Z,news,GuruFocus,"Van Strum & Towne Inc. Buys Vanguard Total Stock Market, Amazon. ...",http://www.gurufocus.com/news/1120581/van-strum--towne-inc-buys-vanguard-total-stock-market-amazoncom-inc-wells-fargo-sells-cdk-global-inc-american-express-co-target-corp,1.0
23b7f3136cc64a10,2020-04-29T00:00:00Z,news,Investor's Business Daily,"Dow Jones Rips 1,746 Points Higher In 6 Days As Fed Pledges Asset Buys; Vertex Up After Hours",http://www.investors.com/market-trend/stock-market-today/dow-jones-rips-1746-points-higher-6-days-fed-pledges-asset-buys-zoom-stock/?src=A00237A&ven=BenzingaCP&src=AURLAAM,1.0
0636bf1746b94d15,2020-04-29T00:00:00Z,news,Zacks,Here's Why Chevron (CVX) Could See E&P Earnings Fall in Q1,http://www.zacks.com/stock/news/897570/heres-why-chevron-cvx-could-see-ep-earnings-fall-in-q1?cid=CS-BENZ-FT-analyst_blog|earnings_preview-897570,1.0
51aca490cc662fd5,2020-04-29T00:00:00Z,news,GuruFocus,"UPDATE -- Former Jive CEO, Netflix's CHRO and Five9's CFO Join JFrog's Board of Directors",http://www.gurufocus.com/news/1120357/update--former-jive-ceo-netflixs-chro-and-five9s-cfo-join-jfrogs-board-of-directors,1.0
a3d407d37bcf0dd5,2020-04-29T00:00:00Z,news,GuruFocus,"Financial Consulate, Inc Buys 10x Genomics Inc, SPDR Series Trust Portfolio S&P 500 ...",http://www.gurufocus.com/news/1120480/financial-consulate-inc-buys-10x-genomics-inc-spdr-series-trust-portfolio-sp-500-growth-spdr-msci-acwi-exus-sells-schwab-us-largecap-schwab-us-mid-cap-spdr-sp-600-small-cap-growth-etf-based-on-sp-sm,1.0
44100bb30664c141,2020-04-29T00:00:00Z,news,Investor's Business Daily,Dow Jones Futures: Tesla Leads Tech Titans In Buy Zones As Coronavirus Stock Market Rally Roars,http://www.investors.com/market-trend/stock-market-today/dow-jones-futures-coronavirus-stock-market-rally-roars-tesla-facebook-microsoft-earnings/?src=A00237A&ven=BenzingaCP&src=AURLAAM,1.0
8085e4ab2960b5f0,2020-04-29T00:00:00Z,news,Investor's Business Daily,"Dow Jones Surges 600 Points On Coronavirus Drug News, Despite Gloomy U.S. Data",http://www.investors.com/market-trend/stock-market-today/dow-jones-surges-550-points-coronavirus-drug-hopes-despite-gdp-data/?src=A00237A&ven=BenzingaCP&src=AURLAAM,1.0
8a8ce6b5be175db6,2020-04-29T00:00:00Z,news,Zacks,Gilead's Coronavirus Drug Shows Positive Data,http://www.zacks.com/stock/news/897553/gileads-coronavirus-drug-shows-positive-data?cid=CS-BENZ-FT-economic_highlights-897553,1.0
fb8ee6fe8649bd13,2020-04-29T00:00:00Z,news,TalkMarkets,"Gilead Rises, Boosts Market As Remdesivir COVID-19 Trial Meets Primary Target",https://talkmarkets.com/content/gilead-rises-boosts-market-as-remdesivir-covid-19-trial-meets-primary-target?post=260358,1.0
b80c9b06ad466232,2020-04-29T00:00:00Z,news,TalkMarkets,Intel Stock Analysis,https://talkmarkets.com/content/intel-stock-analysis?post=260296,1.0
1498a9ed93a54667,2020-04-29T00:00:00Z,news,Zacks,"Alphabet (GOOGL) Q1 Earnings Miss, Revenues Beat Estimates",http://www.zacks.com/stock/news/897453/alphabet-googl-q1-earnings-miss-revenues-beat-estimates?cid=CS-BENZ-FT-analyst_blog|earnings_article-897453,1.0
18b85f672a10cf48,2020-04-29T00:00:00Z,news,GuruFocus,CN announces election of directors,http://www.gurufocus.com/news/1121145/cn-announces-election-of-directors,1.0
f06c08d78555d724,2020-04-29T00:00:00Z,news,TalkMarkets,Dollar Lower On FOMC. No Sugar Coating From Powell,https://talkmarkets.com/content/dollar-lower-on-fomc-no-sugar-coating-from-powell?post=260374,1.0
683cd8757db998b6,2020-04-29T00:00:00Z,news,Zacks,"The Zacks Analyst Blog Highlights: Apple, Amazon, Medical Properties Trust, Amcor and Global Medical REIT",http://www.zacks.com/stock/news/897535/the-zacks-analyst-blog-highlights-apple-amazon-medical-properties-trust-amcor-and-global-medical-reit?cid=CS-BENZ-FT-press_releases-897535,1.0
d1f684cc311c0c35,2020-04-29T00:00:00Z,news,Zacks,Is Intel a Better Investment than AMD?,http://www.zacks.com/stock/news/899310/is-intel-a-better-investment-than-amd?cid=CS-BENZ-FT-analyst_blog|investment_ideas-899310,1.0
a9a9df955e650c72,2020-04-29T00:00:00Z,news,Zacks,"The Zacks Analyst Blog Highlights: AT&T, Apple, Netflix, Walt Disney and Amazon.com",http://www.zacks.com/stock/news/897539/the-zacks-analyst-blog-highlights-att-apple-netflix-walt-disney-and-amazoncom?cid=CS-BENZ-FT-press_releases-897539,1.0
10a28bf39961b8ab,2020-04-30T00:00:00Z,news,Zacks,AES (AES) Reports Next Week: Wall Street Expects Earnings Growth,http://www.zacks.com/stock/news/902127/aes-aes-reports-next-week-wall-street-expects-earnings-growth?cid=CS-BENZ-FT-tale_of_the_tape|yseop_template_9-902127,1.0
fb7a5a01fc91776c,2020-04-30T00:00:00Z,news,Zacks,Pacira (PCRX) to Report Q1 Results: Wall Street Expects Earnings Growth,http://www.zacks.com/stock/news/904785/pacira-pcrx-to-report-q1-results-wall-street-expects-earnings-growth?cid=CS-BENZ-FT-tale_of_the_tape|yseop_template_9-904785,1.0
47ceaece4d661a40,2020-04-30T00:00:00Z,news,GuruFocus,Wall Street Declines on Thursday,http://www.gurufocus.com/news/1121878/wall-street-declines-on-thursday,1.0
17c517715a6ea06e,2020-04-30T00:00:00Z,news,Zacks,"Scotts Miracle-Gro, PVH, Apple, Amazon and Microsoft highlighted as Zacks Bull and Bear of the Day",http://www.zacks.com/stock/news/900114/scotts-miracle-gro-pvh-apple-amazon-and-microsoft-highlighted-as-zacks-bull-and-bear-of-the-day?cid=CS-BENZ-FT-press_releases-900114,1.0
4cfd324a9321a77f,2020-04-30T00:00:00Z,news,Zacks,"S&P 500 Reclaims 2,900: Growth ETFs Leading the Rally",http://www.zacks.com/stock/news/901577/sp-500-reclaims-2900-growth-etfs-leading-the-rally?cid=CS-BENZ-FT-etf_news_and_commentary-901577,1.0
e0b7b61021d48647,2020-04-30T00:00:00Z,news,Zacks,Tesla Beats Q1 Earnings and Revenue Estimates: ETFs to Soar,http://www.zacks.com/stock/news/900834/tesla-beats-q1-earnings-and-revenue-estimates-etfs-to-soar?cid=CS-BENZ-FT-etf_news_and_commentary-900834,1.0
d5c259a9f1dbee3b,2020-04-30T00:00:00Z,news,Investor's Business Daily,Dow Jones Tossed For 288-Point Loss; Will These 5 Small Caps Body-Slam S&P 500?,http://www.investors.com/market-trend/stock-market-today/dow-jones-tossed-for-288-point-loss-will-5-small-caps-body-slam-sp500/?src=A00237A&ven=BenzingaCP&src=AURLAAM,1.0
8ae24f0a6077966c,2020-04-30T00:00:00Z,news,Zacks,"Tesla's (TSLA) Q1 Earnings & Revenues Beat Estimates, Up Y/Y",http://www.zacks.com/stock/news/900017/teslas-tsla-q1-earnings-revenues-beat-estimates-up-y-y?cid=CS-BENZ-FT-analyst_blog|earnings_article-900017,1.0
4221195df4e6b6bb,2020-04-30T00:00:00Z,news,Zacks,"Microsoft (MSFT) Q3 Earnings & Revenues Beat Estimates, Up Y/Y",http://www.zacks.com/stock/news/900296/microsoft-msft-q3-earnings-revenues-beat-estimates-up-y-y?cid=CS-BENZ-FT-analyst_blog|company_news_tech_sector-900296,1.0
c2fbaf4b7e9aaadb,2020-04-30T00:00:00Z,news,Investor's Business Daily,"Dow Jones Down 400 Points As Jobless Claims Top 30 Million, Is Apple A Buy?",http://www.investors.com/market-trend/stock-market-today/dow-jones-down-hard-jobless-claims-rise-apple-stock-buy/?src=A00237A&ven=BenzingaCP&src=AURLAAM,1.0
0b80c3ee7d0f03b3,2020-04-30T00:00:00Z,news,Zacks,Atento (ATTO) Reports Next Week: Wall Street Expects Earnings Growth,http://www.zacks.com/stock/news/901747/atento-atto-reports-next-week-wall-street-expects-earnings-growth?cid=CS-BENZ-FT-tale_of_the_tape|yseop_template_9-901747,1.0
44a59e30ffde1c7e,2020-04-30T00:00:00Z,news,GuruFocus,"H D Vest Advisory Services Buys SPDR S&P 500, iShares Core S&P U.S. ...",http://www.gurufocus.com/news/1122236/h-d-vest-advisory-services-buys-spdr-sp-500-ishares-core-sp-us-growth-etf-powershares-qqq-trust-ser-1-sells-invesco-sp-500-pure-growth-ishares-core-sp-midcap-vanguard-div-appreciation,1.0
9217f79a85f64fb2,2020-04-30T00:00:00Z,news,Investor's Business Daily,"Dow Jones Drops 350 Points, But Microsoft Holds Up; All Eyes On Apple, Amazon Earnings",http://www.investors.com/market-trend/stock-market-today/dow-jones-drops-350-points-microsoft-holds-up-apple-amazon-earnings/?src=A00237A&ven=BenzingaCP&src=AURLAAM,1.0
c9c5836221a782c4,2020-04-30T00:00:00Z,news,GuruFocus,"Pictet North America Advisors SA Buys SPDR Gold Trust, Amazon. ...",http://www.gurufocus.com/news/1121485/pictet-north-america-advisors-sa-buys-spdr-gold-trust-amazoncom-inc-spdr-bloomberg-barclays-emerging-markets-local-bon-sells-spdr-sp-500-ishares-sp-100-ishares-msci-australia-index-fund,1.0
9fc5f05f59bbf367,2020-04-30T00:00:00Z,news,GuruFocus,"Hyman Charles D Buys Truist Financial Corp, Amazon. ...",http://www.gurufocus.com/news/1122260/hyman-charles-d-buys-truist-financial-corp-amazoncom-inc-proshares-ultrashort-sp500-sells-truist-financial-corp-ishares-msci-eurozone-ishares-core-msci-emerging-markets,1.0
afb22c84e67d44ff,2020-04-30T00:00:00Z,news,Investor's Business Daily,"Dow Jones Futures: Apple, Amazon, Atlassian Test Buy Points On Earnings As Coronavirus Stock Market Rally, Tesla Hit Brakes; Amgen, Gilead Near Breakouts",http://www.investors.com/market-trend/stock-market-today/dow-jones-futures-apple-amazon-earnings-coronavirus-stock-market-rally-tesla/?src=A00237A&ven=BenzingaCP&src=AURLAAM,1.0
8c7b2591ba731e0c,2020-04-30T00:00:00Z,news,GuruFocus,"Gilead, Takeda Rumored to Have Sights on Iovance",http://www.gurufocus.com/news/1122217/gilead-takeda-rumored-to-have-sights-on-iovance,1.0
4f54cdf6a6b73029,2020-04-30T00:00:00Z,news,Zacks,Gilead Sciences (GILD) Q1 Earnings and Revenues Beat Estimates,http://www.zacks.com/stock/news/909781/gilead-sciences-gild-q1-earnings-and-revenues-beat-estimates?cid=CS-BENZ-FT-tale_of_the_tape|yseop_template_4-909781,1.0
9fa00f90dd25586f,2020-04-30T00:00:00Z,news,TalkMarkets,"Gilead Reports Q1 Adjusted EPS $1.68, Consensus $1.57",https://talkmarkets.com/content/gilead-reports-q1-adjusted-eps-168-consensus-157?post=260534,1.0
1876180f10802145,2020-04-30T00:00:00Z,news,Investor's Business Daily,"Can The Dow Jones Today Nail Its Best Month In 45 Years? Nasdaq Up Ahead Of Jobless Data: Tesla, Facebook, Spike",http://www.investors.com/market-trend/stock-market-today/can-dow-jones-today-nail-best-month-in-45-years-nasdaq-up-ahead-of-jobless-data-tesla-facebook-spike/?src=A00237A&ven=BenzingaCP&src=AURLAAM,1.0
4bf8d60fa2dd8ddc,2020-04-30T00:00:00Z,news,Zacks,5 Small-Cap ETFs Beating S&P 500 in April,http://www.zacks.com/stock/news/899800/5-small-cap-etfs-beating-sp-500-in-april?cid=CS-BENZ-FT-etf_news_and_commentary-899800,1.0
91e8792c5f7110c9,2020-04-30T00:00:00Z,news,TalkMarkets,"Approval Of Gilead's Remdesivir 'All But Final,' Says Piper Sandler",https://talkmarkets.com/content/approval-of-gileads-remdesivir-all-but-final-says-piper-sandler?post=260442,1.0
23f8e9231dcb9891,2020-04-30T00:00:00Z,news,Zacks,Charles River Laboratories (CRL) Reports Next Week: Wall Street Expects Earnings Growth,http://www.zacks.com/stock/news/901649/charles-river-laboratories-crl-reports-next-week-wall-street-expects-earnings-growth?cid=CS-BENZ-FT-tale_of_the_tape|yseop_template_9-901649,1.0
dab50a21d345ba16,2020-04-30T00:00:00Z,news,Zacks,Tucows (TCX) Reports Next Week: Wall Street Expects Earnings Growth,http://www.zacks.com/stock/news/906878/tucows-tcx-reports-next-week-wall-street-expects-earnings-growth?cid=CS-BENZ-FT-tale_of_the_tape|yseop_template_9-906878,1.0
1248fefa24075dbc,2020-04-30T00:00:00Z,news,Zacks,HCI Group (HCI) Reports Next Week: Wall Street Expects Earnings Growth,http://www.zacks.com/stock/news/907472/hci-group-hci-reports-next-week-wall-street-expects-earnings-growth?cid=CS-BENZ-FT-tale_of_the_tape|yseop_template_9-907472,1.0
429872c3f285e452,2020-04-30T00:00:00Z,news,GuruFocus,Pictet & Cie (Europe) SA Buys Amazon. ...,http://www.gurufocus.com/news/1121487/pictet--cie-europe-sa-buys-amazoncom-inc-visa-inc-microsoft-corp-sells-pvh-corp-illumina-inc-micron-technology-inc,1.0
60e8013da7bffaee,2020-04-30T00:00:00Z,news,TalkMarkets,Barclays' JPMorgan impression may fall flat,https://talkmarkets.com/content/barclays-jpmorgan-impression-may-fall-flat?post=260440,1.0
7abd9d185c07c970,2020-04-30T00:00:00Z,news,Zacks,Disney (DIS) to Report Q2 Earnings: What's in the Cards?,http://www.zacks.com/stock/news/906214/disney-dis-to-report-q2-earnings-whats-in-the-cards?cid=CS-BENZ-FT-analyst_blog|earnings_preview-906214,1.0
0a2a05a0c27f5239,2020-04-30T00:00:00Z,news,GuruFocus,Spiros Segalas Comments on Disney,http://www.gurufocus.com/news/1122426/spiros-segalas-comments-on-disney,1.0
8315c1a3ce5321b2,2020-04-30T00:00:00Z,news,Zacks,How Badly will the Coronavirus Hurt Disney's Earnings Results?,http://www.zacks.com/stock/news/909898/how-badly-will-the-coronavirus-hurt-disneys-earnings-results?cid=CS-BENZ-FT-stocks_in_the_news|earnings_preview-909898,1.0
e9bba5abe713a6ad,2020-04-30T00:00:00Z,news,Zacks,Veeco Instruments (VECO) Reports Next Week: Wall Street Expects Earnings Growth,http://www.zacks.com/stock/news/902682/veeco-instruments-veco-reports-next-week-wall-street-expects-earnings-growth?cid=CS-BENZ-FT-tale_of_the_tape|yseop_template_9-902682,1.0
b2f4724d9894fbea,2020-04-30T00:00:00Z,news,Zacks,Cognizant (CTSH) Reports Next Week: Wall Street Expects Earnings Growth,http://www.zacks.com/stock/news/901644/cognizant-ctsh-reports-next-week-wall-street-expects-earnings-growth?cid=CS-BENZ-FT-tale_of_the_tape|yseop_template_9-901644,1.0
58f6990ab4f0ba6e,2020-04-30T00:00:00Z,news,Zacks,Starwood Property Trust (STWD) Reports Next Week: Wall Street Expects Earnings Growth,http://www.zacks.com/stock/news/903349/starwood-property-trust-stwd-reports-next-week-wall-street-expects-earnings-growth?cid=CS-BENZ-FT-tale_of_the_tape|yseop_template_9-903349,1.0
b9ecfe429ff6703d,2020-04-30T00:00:00Z,news,GuruFocus,Cenovus reports voting results of election of Directors,http://www.gurufocus.com/news/1121138/cenovus-reports-voting-results-of-election-of-directors,1.0
c5c3dc51563b8ab8,2020-04-30T00:00:00Z,news,Zacks,"Zacks Earnings Trends Highlights: Ford, Delta Air, Starbucks, Boeing, Alphabet, Coca-Cola and Proctor & Gamble",http://www.zacks.com/stock/news/900070/zacks-earnings-trends-highlights-ford-delta-air-starbucks-boeing-alphabet-coca-cola-and-proctor-gamble?cid=CS-BENZ-FT-press_releases-900070,1.0
d9f15c30e37ff42d,2020-05-01T00:00:00Z,news,Zacks,"Quarterly Earnings Beats for Exxon, Clorox, AbbVie & More",http://www.zacks.com/stock/news/910268/quarterly-earnings-beats-for-exxon-clorox-abbvie-more?cid=CS-BENZ-FT-ahead_of_wall_street-910268,1.0
ea87a911d80e5b3b,2020-05-01T00:00:00Z,news,Zacks,"The Zacks Analyst Blog Highlights: Chewy, Wayfair, Vipshop, eBay and Amazon.com",http://www.zacks.com/stock/news/910136/the-zacks-analyst-blog-highlights-chewy-wayfair-vipshop-ebay-and-amazoncom?cid=CS-BENZ-FT-press_releases-910136,1.0
e17748e835fe9c3d,2020-05-01T00:00:00Z,news,Zacks,Stay-At-Home Fuels Microsoft Q3 Earnings: ETFs to Buy,http://www.zacks.com/stock/news/910304/stay-at-home-fuels-microsoft-q3-earnings-etfs-to-buy?cid=CS-BENZ-FT-etf_news_and_commentary-910304,1.0
01e8b0eade042136,2020-05-01T00:00:00Z,news,GuruFocus,Nasdaq Halts Akazoo S.A. and Akazoo S.A. Warrants,http://www.gurufocus.com/news/1123823/nasdaq-halts-akazoo-sa-and-akazoo-sa-warrants,1.0
0e2ec37d91d76ae3,2020-05-01T00:00:00Z,news,GuruFocus,"JPMorgan Chase Approved to Fund About $29 Billion to —'9,000 Businesses",http://www.gurufocus.com/news/1123529/jpmorgan-chase-approved-to-fund-about-29-billion-to-239000-businesses,1.0
e9eb05f81b76145c,2020-05-01T00:00:00Z,news,Zacks,"The Zacks Analyst Blog Highlights: Microsoft, Facebook, Alphabet, Zoom Video Communications and Cisco Systems",http://www.zacks.com/stock/news/910142/the-zacks-analyst-blog-highlights-microsoft-facebook-alphabet-zoom-video-communications-and-cisco-systems?cid=CS-BENZ-FT-press_releases-910142,1.0
9982cd994d062da0,2020-05-01T00:00:00Z,news,Investor's Business Daily,Dow Jones Dives 600 Points As Stock Market Sells Off On Trump's New Threat,http://www.investors.com/market-trend/stock-market-today/dow-jones-dives-600-points-stocks-sell-off-trump-new-threat/?src=A00237A&ven=BenzingaCP&src=AURLAAM,1.0
700f290e525d2548,2020-05-01T00:00:00Z,news,Zacks,Google ETFs Gain Despite Mixed Earnings Amid Coronavirus Crisis,http://www.zacks.com/stock/news/911937/google-etfs-gain-despite-mixed-earnings-amid-coronavirus-crisis?cid=CS-BENZ-FT-etf_news_and_commentary-911937,1.0
5b9d56c0637f2e91,2020-05-01T00:00:00Z,news,GuruFocus,Dow Jones Tumbles 600 Points on Friday,http://www.gurufocus.com/news/1123613/dow-jones-tumbles-600-points-on-friday-,1.0
1dfd23da2cc1b766,2020-05-01T00:00:00Z,news,GuruFocus,KFC Cooks Up a Virtual Mother's Day Experience on Messenger from Facebook for Families Unable ...,http://www.gurufocus.com/news/1123140/kfc-cooks-up-a-virtual-mothers-day-experience-on-messenger-from-facebook-for-families-unable-to-celebrate-in-person,1.0
3c55d741373f67ef,2020-05-01T00:00:00Z,news,Investor's Business Daily,"Disney, Shale, Job Data To Reveal More Covid-19 Pain: Investing Action Plan",http://www.investors.com/research/investing-action-plan/disney-earnings-shale-earnings-jobs-report-reveal-more-covid-19-pain/?src=A00237A&ven=BenzingaCP&src=AURLAAM,1.0
4a24a9d6df7b12f1,2020-05-01T00:00:00Z,news,Zacks,"Amazon (AMZN) Q1 Earnings Miss Estimates, Revenues Up Y/Y",http://www.zacks.com/stock/news/910366/amazon-amzn-q1-earnings-miss-estimates-revenues-up-y-y?cid=CS-BENZ-FT-analyst_blog|earnings_article-910366,1.0
dc9348aac19786a1,2020-05-01T00:00:00Z,news,Zacks,"The Zacks Analyst Blog Highlights: Amazon, Apple, Gilead Sciences, Amgen and Visa",http://www.zacks.com/stock/news/910143/the-zacks-analyst-blog-highlights-amazon-apple-gilead-sciences-amgen-and-visa?cid=CS-BENZ-FT-press_releases-910143,1.0
d6f6a8c84ffd32ad,2020-05-01T00:00:00Z,news,Investor's Business Daily,How To Trade Options In Disney: Why A Straddle Looks Enticing During Earnings,http://www.investors.com/research/disney-stock-how-to-trade-options-in-disney-why-a-straddle-looks-enticing-during-earnings/?src=A00237A&ven=BenzingaCP&src=AURLAAM,1.0
2b68968375134b6b,2020-05-01T00:00:00Z,news,Zacks,"The Zacks Analyst Blog Highlights: Gilead Sciences, Pfizer, Sanofi, GlaxoSmithKline and Moderna",http://www.zacks.com/stock/news/910149/the-zacks-analyst-blog-highlights-gilead-sciences-pfizer-sanofi-glaxosmithkline-and-moderna?cid=CS-BENZ-FT-press_releases-910149,1.0
f7385fcd5137ef64,2020-05-01T00:00:00Z,news,Investor's Business Daily,"Dow Jones Today, Futures Fade On Earnings News, Trump Trade Threat; Amazon, Apple Backtrack",http://www.investors.com/market-trend/stock-market-today/dow-jones-today-futures-fade-on-earnings-news-trump-trade-threat-amazon-apple-backtrack/?src=A00237A&ven=BenzingaCP&src=AURLAAM,1.0
8f36ab998325852e,2020-05-02T00:00:00Z,news,TalkMarkets,"Euro Forecast Post-ECB: EUR/USD, EUR/GBP, EUR/CAD, EUR/AUD",https://talkmarkets.com/content/euro-forecast-post-ecb-eurusd-eurgbp-eurcad-euraud?post=260662,1.0
7982be36dc5d995a,2020-05-03T00:00:00Z,news,TalkMarkets,"9 Firms going Ex-Dividend next week, including UBS, Intel and Wal-Mart Stores",https://talkmarkets.com/content/9-firms-going-ex-dividend-next-week-including-ubs-intel-and-wal-mart-stores?post=260754,1.0
25ef8c365668f391,2020-05-03T00:00:00Z,news,TalkMarkets,Gilead CEO Says Remdesivir Will Get To Patients Early This Week,https://talkmarkets.com/content/gilead-ceo-says-remdesivir-will-get-to-patients-early-this-week?post=260715,1.0
b2f9abe71d73e885,2020-05-03T00:00:00Z,news,TalkMarkets,"Markets Week Ahead: Dow Jones, S&P 500, US Dollar, Non-Farm Payrolls",https://talkmarkets.com/content/markets-week-ahead-dow-jones-sp-500-us-dollar-non-farm-payrolls?post=260719,1.0
0f52512ba9425c7c,2020-05-03T00:00:00Z,news,Investor's Business Daily,"Dow Jones Futures: Trump Tariff Threat Is Coronavirus Market Rally Red Flag, But Apple, Facebook Lead Blue Dot Specials",http://www.investors.com/market-trend/stock-market-today/dow-jones-futures-trump-tariff-threat-coronavirus-stock-market-rally-red-flag-apple-facebook/?src=A00237A&ven=BenzingaCP&src=AURLAAM,1.0
1762da91b28bab5a,2020-05-04T00:00:00Z,news,GuruFocus,"Richard Pzena's Firm Cuts Walmart, KKR",http://www.gurufocus.com/news/1124561/richard-pzenas-firm-cuts-walmart-kkr,1.0
ece6c196261ebff9,2020-05-04T00:00:00Z,news,Zacks,Amazon Crashes Post Q1: What Awaits for ETFs?,http://www.zacks.com/stock/news/912993/amazon-crashes-post-q1-what-awaits-for-etfs?cid=CS-BENZ-FT-etf_news_and_commentary-912993,1.0
495c3ec96f45cb8c,2020-05-04T00:00:00Z,news,GuruFocus,Los Angeles Capital Management & Equity Research I Buys Amazon. ...,http://www.gurufocus.com/news/1125572/los-angeles-capital-management--equity-research-i-buys-amazoncom-inc-adobe-inc-netflix-inc-sells-abbvie-inc-facebook-inc-synchrony-financial,1.0
930682e5f67dbeab,2020-05-04T00:00:00Z,news,GuruFocus,"Elfun Trust Cuts Visa, Apple, Microsoft",http://www.gurufocus.com/news/1125036/elfun-trust-cuts-visa-apple-microsoft,1.0
cb373abbe9249fa2,2020-05-04T00:00:00Z,news,GuruFocus,"David Carlson's Elfun Trusts Cuts Visa, Apple, Microsoft",http://www.gurufocus.com/news/1125036/david-carlsons-elfun-trusts-cuts-visa-apple-microsoft,1.0
04b90d321745f077,2020-05-04T00:00:00Z,news,Investor's Business Daily,"Dow Jones Futures Lower With Apple, Microsoft In Buy Range In Current Stock Market Rally; Chegg Soars 16% On Earnings",http://www.investors.com/market-trend/stock-market-today/dow-jones-futures-stock-market-rally-apple-microsoft-new-buy-points/?src=A00237A&ven=BenzingaCP&src=AURLAAM,1.0
81d9a7f1388ac9e8,2020-05-04T00:00:00Z,news,GuruFocus,Avid Announces New Five-Year Agreement with Microsoft Azure to Bring More Media Companies to ...,http://www.gurufocus.com/news/1125754/avid-announces-new-fiveyear-agreement-with-microsoft-azure-to-bring-more-media-companies-to-the-cloud,1.0
fc1f48ab7bea6e0b,2020-05-04T00:00:00Z,news,GuruFocus,"Sanctuary Wealth Management, L.L.C. Buys JPMorgan Ultra-Short Income, Amazon. ...",http://www.gurufocus.com/news/1125403/sanctuary-wealth-management-llc-buys-jpmorgan-ultrashort-income-amazoncom-inc-blackrock-capital-investment-corp-sells-vanguard-total-stock-market-vanguard-ftse-developed-markets-vanguard-real-estate,1.0
878246063db249c2,2020-05-04T00:00:00Z,news,Investor's Business Daily,"Dow Jones Falls 350 Points On Rising U.S.-China Tensions; Disney, Boeing Tumble, While Apple Tests New Buy Point",http://www.investors.com/market-trend/stock-market-today/dow-jones-us-china-coronavirus-outbreak-apple-buy-point-boeing-disney/?src=A00237A&ven=BenzingaCP&src=AURLAAM,1.0
78001a365a443a15,2020-05-04T00:00:00Z,news,Investor's Business Daily,Dow Jones Off Session Lows But Stays In Red Amid Trump's Coronavirus Claims,http://www.investors.com/market-trend/stock-market-today/dow-jones-off-session-lows-stays-red-amid-trump-coronavirus-claims/?src=A00237A&ven=BenzingaCP&src=AURLAAM,1.0
36b6d6183c72033f,2020-05-04T00:00:00Z,news,Investor's Business Daily,"EA, Activision, Disney, Beyond Meat To Report: Investing Action Plan",http://www.investors.com/research/investing-action-plan/coronavirus-stocks-electronic-arts-activision-blizzard-beyond-meat-report-earnings/?src=A00237A&ven=BenzingaCP&src=AURLAAM,1.0
0ddf4be3f9fdd0cf,2020-05-04T00:00:00Z,news,Zacks,"How Will the Coronavirus Impact Disney, Roku and Uber Earnings?",http://www.zacks.com/stock/news/913468/how-will-the-coronavirus-impact-disney-roku-and-uber-earnings?cid=CS-BENZ-FT-zacks_friday_finish_line-913468,1.0
a1a6702e979befaf,2020-05-04T00:00:00Z,news,Zacks,How Far Can Studio & Disney+ Drive Disney (DIS) Q2 Earnings?,http://www.zacks.com/stock/news/913042/how-far-can-studio-disney%2B-drive-disney-dis-q2-earnings?cid=CS-BENZ-FT-analyst_blog|earnings_preview-913042,1.0
e49abf4e3f993ea3,2020-05-04T00:00:00Z,news,Investor's Business Daily,"Dow Jones Today Leads Futures Lower As Boeing, Airlines Suffer A Buffett Hit; Marijuana Stock Canopy Growth Spikes",http://www.investors.com/market-trend/stock-market-today/dow-jones-today-leads-futures-lower-as-boeing-airlines-take-a-buffett-hit-marijuana-stock-canopy-growth-spikes/?src=A00237A&ven=BenzingaCP&src=AURLAAM,1.0
a55e5b672f584eb3,2020-05-04T00:00:00Z,news,Zacks,"Uber, Live Nation, Activision-Blizzard, Grub Hub and Disney are part of Zacks Earnings Preview",http://www.zacks.com/stock/news/912730/uber-live-nation-activision-blizzard-grub-hub-and-disney-are-part-of-zacks-earnings-preview?cid=CS-BENZ-FT-press_releases-912730,1.0
e1a36c60cef5eb69,2020-05-04T00:00:00Z,news,Investor's Business Daily,Dow Jones Lags Nasdaq As These Sectors Show Strength; TEAM Stock Triggers New Buy,http://www.investors.com/market-trend/stock-market-today/dow-jones-lags-nasdaq-as-these-sectors-show-strength-team-stock-triggers-new-buy/?src=A00237A&ven=BenzingaCP&src=AURLAAM,1.0
b2c909733d074263,2020-05-04T00:00:00Z,news,TalkMarkets,MoffettNathanson Downgrades Disney on 'Significant And Unrivaled' Risk,https://talkmarkets.com/content/moffettnathanson-downgrades-disney-on-significant-and-unrivaled-risk?post=260800,1.0
745326a084820281,2020-05-04T00:00:00Z,news,Investor's Business Daily,"Dow Jones Leaders Apple, Microsoft Headline Five Top Stocks In Or Near Buy Zones",http://www.investors.com/stock-lists/stocks-near-a-buy-zone/dow-jones-stocks-apple-microsoft-buy-points-facebook-servicenow/?src=A00237A&ven=BenzingaCP&src=AURLAAM,1.0
4f8d9bc433468215,2020-05-04T00:00:00Z,news,TalkMarkets,Intel Nears Deal To Buy Urban Transit Startup Moovit For $1B: Report,https://talkmarkets.com/content/intel-nears-deal-to-buy-urban-transit-startup-moovit-for-1b-report?post=260762,1.0
a68af13c16f2ced4,2020-05-04T00:00:00Z,news,Zacks,Remdesivir Gets Emergency Approval: What's In Store for Gilead?,http://www.zacks.com/stock/news/912891/remdesivir-gets-emergency-approval-whats-in-store-for-gilead?cid=CS-BENZ-FT-analyst_blog|company_news_-_medical_sector-912891,1.0
a5b76a9f4c15fccb,2020-05-04T00:00:00Z,news,GuruFocus,Nasdaq April 2020 Volumes,http://www.gurufocus.com/news/1125760/nasdaq-april-2020-volumes,1.0
761012d4b8766f9e,2020-05-04T00:00:00Z,news,Zacks,"Top Analyst Reports for Apple, Berkshire Hathaway & Pfizer",http://www.zacks.com/research-daily/913169/top-analyst-reports-for-apple-berkshire-hathaway-pfizer?cid=CS-BENZ-FT-research_daily-913169,1.0
a7913e1d195eca59,2020-05-04T00:00:00Z,news,Zacks,"Post-Earning, Which Is Better: Alphabet or Facebook?",http://www.zacks.com/stock/news/913341/post-earning-which-is-better-alphabet-or-facebook?cid=CS-BENZ-FT-analyst_blog|investment_ideas-913341,1.0
16a1adcfb235a41b,2020-05-04T00:00:00Z,news,Zacks,Is First Trust Dow Jones Global Select Dividend ETF (FGD) a Strong ETF Right Now?,http://www.zacks.com/stock/news/912710/is-first-trust-dow-jones-global-select-dividend-etf-fgd-a-strong-etf-right-now?cid=CS-BENZ-FT-smart_beta_etf-912710,1.0
e00d492b51717a55,2020-05-04T00:00:00Z,news,Zacks,"The Zacks Analyst Blog Highlights: Microsoft, Amazon, Alphabet and Facebook",http://www.zacks.com/stock/news/912835/the-zacks-analyst-blog-highlights-microsoft-amazon-alphabet-and-facebook?cid=CS-BENZ-FT-press_releases-912835,1.0
ab0c10759c0aab7f,2020-05-04T00:00:00Z,news,Zacks,"Zacks Investment Ideas feature highlights: Google, Facebook, Apple, Microsoft and Amazon",http://www.zacks.com/stock/news/912746/zacks-investment-ideas-feature-highlights-google-facebook-apple-microsoft-and-amazon?cid=CS-BENZ-FT-press_releases-912746,1.0
663599f8b4d33722,2020-05-05T00:00:00Z,news,Investor's Business Daily,"Dow Jones Jumps 400 Points; Microsoft, Apple In Buy Range As Coronavirus Stock Market Rally Strengthens",http://www.investors.com/market-trend/stock-market-today/dow-jones-jumps-400-points-microsoft-apple-in-buy-range/?src=A00237A&ven=BenzingaCP&src=AURLAAM,1.0
9f2954712c9825c1,2020-05-05T00:00:00Z,news,Investor's Business Daily,"Dow Jones Gets A Boost From Apple, Microsoft, Chevron As Economies Reopen",http://www.investors.com/market-trend/stock-market-today/dow-jones-gets-boost-from-apple-microsoft-chevron-economies-reopen/?src=A00237A&ven=BenzingaCP&src=AURLAAM,1.0
9bb5168031c5f209,2020-05-05T00:00:00Z,news,TalkMarkets,Disney Earnings Plunge 63% As Theme Parks Close,https://talkmarkets.com/content/disney-earnings-plunge-63-as-theme-parks-close?post=260998,1.0
0dd24c85569be78e,2020-05-05T00:00:00Z,news,Investor's Business Daily,Dow Jones Surges 350 Points On Easing Lockdowns; Microsoft Breaks Out Above New Buy Point,http://www.investors.com/market-trend/stock-market-today/dow-jones-lockdowns-stock-market-rally-apple-microsoft-new-buy-point/?src=A00237A&ven=BenzingaCP&src=AURLAAM,1.0
5a203742d28fdf9a,2020-05-05T00:00:00Z,news,TalkMarkets,3 ETFs For Disney Earnings,https://talkmarkets.com/content/3-etfs-for-disney-earnings?post=260940,1.0
093ccb3374f0c973,2020-05-05T00:00:00Z,news,Investor's Business Daily,"Dow Jones Today, Futures Rise As Earnings, Reopenings, Oil Prices Lift; Covid Stocks Rally: Chegg Eyes Breakaway Gap",http://www.investors.com/market-trend/stock-market-today/dow-jones-today-futures-rise-on-earnings-reopenings-oil-prices-covid-stocks-rally-chegg-breakaway-gap/?src=A00237A&ven=BenzingaCP&src=AURLAAM,1.0
fffee99d0d73d0b2,2020-05-05T00:00:00Z,news,Investor's Business Daily,Dow Jones Futures: Six Stocks Clear Buy Points In Coronavirus Market Rally; E-Commerce Giant Blasts Higher Late,http://www.investors.com/market-trend/stock-market-today/dow-jones-futures-microsoft-shopify-servicenow-buy-points-in-coronavirus-stock-market-rally-disney-mercadolibre-earnings/?src=A00237A&ven=BenzingaCP&src=AURLAAM,1.0
ac325866c2007924,2020-05-05T00:00:00Z,news,Zacks,Walt Disney (DIS) Q2 Earnings and Revenues Miss Estimates,http://www.zacks.com/stock/news/914695/walt-disney-dis-q2-earnings-and-revenues-miss-estimates?cid=CS-BENZ-FT-tale_of_the_tape|yseop_template_4-914695,1.0
37a675dc0737de18,2020-05-05T00:00:00Z,news,Investor's Business Daily,Dow Jones Rallies After Passing Key Test Of Support In Coronavirus Market Rally,http://www.investors.com/market-trend/stock-market-today/dow-jones-rallies-passes-key-test-support-coronavirus-market-rally/?src=A00237A&ven=BenzingaCP&src=AURLAAM,1.0
4105a39b16ee6a60,2020-05-05T00:00:00Z,news,Zacks,"Disney (DIS) Hit Hard by COVID Quarter; Plus EA, ATVI, BYND & More",http://www.zacks.com/stock/news/914690/disney-dis-hit-hard-by-covid-quarter-plus-ea-atvi-bynd-more?cid=CS-BENZ-FT-analyst_blog|earnings_article-914690,1.0
71bbe9f19431d343,2020-05-05T00:00:00Z,news,Zacks,"Electronic Arts, Boot Barn, Alphabet, Facebook and Twitter highlighted as Zacks Bull and Bear of the Day",http://www.zacks.com/stock/news/913942/electronic-arts-boot-barn-alphabet-facebook-and-twitter-highlighted-as-zacks-bull-and-bear-of-the-day?cid=CS-BENZ-FT-press_releases-913942,1.0
c704e37363b9c623,2020-05-05T00:00:00Z,news,GuruFocus,"W.G. Shaheen & Associates DBA Whitney & Co Buys iShares Short Maturity Bond, Amazon. ...",http://www.gurufocus.com/news/1126728/wg-shaheen--associates-dba-whitney--co-buys-ishares-short-maturity-bond-amazoncom-inc-berkshire-hathaway-inc-sells-mckesson-corp-etrade-financial-corp-boeing-co,1.0
cc2cc22b63e34517,2020-05-05T00:00:00Z,news,Zacks,6 Tech Giants Setting the Northbound Trajectory of Wall Street,http://www.zacks.com/stock/news/913797/6-tech-giants-setting-the-northbound-trajectory-of-wall-street?cid=CS-BENZ-FT-analyst_blog|industry_focus-913797,1.0
d640b7efcabca220,2020-05-05T00:00:00Z,news,TalkMarkets,Revisiting The Fed's Balance Sheet,https://talkmarkets.com/content/revisiting-the-feds-balance-sheet?post=260983,1.0
190ed1f04d7bd4a2,2020-05-05T00:00:00Z,news,GuruFocus,Cannell Peter B & Co Inc Buys Amazon. ...,http://www.gurufocus.com/news/1126920/cannell-peter-b--co-inc-buys-amazoncom-inc-welltower-inc-the-home-depot-inc-sells-delta-air-lines-inc-broadcom-inc-lowes-inc,1.0
c428b2c3b4120d27,2020-05-05T00:00:00Z,news,GuruFocus,"B & T Capital Management DBA Alpha Capital Managem Buys SPDR S&P 500, iShares ...",http://www.gurufocus.com/news/1126252/b--t-capital-management-dba-alpha-capital-managem-buys-spdr-sp-500-ishares-sp-global-clean-energy-index-fund-uber-technologies-inc-sells-capital-one-financial-corp-terraform-power-inc-the-travelers-inc,1.0
3199cbbf193177f7,2020-05-05T00:00:00Z,news,GuruFocus,Worldpay from FIS Enables One-Click Google Pay Integration for Merchants,http://www.gurufocus.com/news/1126123/worldpay-from-fis-enables-oneclick-google-pay-integration-for-merchants-,1.0
b96ce8dd25953676,2020-05-05T00:00:00Z,news,GuruFocus,Adaptive Biotechnologies and Microsoft launch virtual ImmuneRACE study to inform novel ...,http://www.gurufocus.com/news/1126535/adaptive-biotechnologies-and-microsoft-launch-virtual-immunerace-study-to-inform-novel-covid19-diagnostics-to-address-unmet-needs-in-testing,1.0
d3b673ef4e8ac64d,2020-05-05T00:00:00Z,news,Investor's Business Daily,Dow Jones Gains 808 Points From Monday Low On Solid 50-Day Test; These 5 Stocks Lead,http://www.investors.com/market-trend/stock-market-today/dow-jones-gains-808-points-from-monday-low-on-solid-50-day-test-these-5-stocks-lead/?src=A00237A&ven=BenzingaCP&src=AURLAAM,1.0
3672c6b28d7f3e81,2020-05-06T00:00:00Z,news,Zacks,"Oil & Gas Stock Roundup: Exxon & Chevron's Q1 Earnings, Shell's Historic Dividend Cut",http://www.zacks.com/stock/news/915165/oil-gas-stock-roundup-exxon-chevrons-q1-earnings-shells-historic-dividend-cut?cid=CS-BENZ-FT-analyst_blog|stock_roundup-915165,1.0
5cb7ac4c25986214,2020-05-06T00:00:00Z,news,GuruFocus,"Intrust Bank Na Buys iShares Core S&P 500, SPDR Series Trust Portfolio S&P 500 ...",http://www.gurufocus.com/news/1128296/intrust-bank-na-buys-ishares-core-sp-500-spdr-series-trust-portfolio-sp-500-value-truist-financial-corp-sells-chevron-corp-royal-dutch-shell-plc-truist-financial-corp,1.0
fc26bb4dbc5db036,2020-05-06T00:00:00Z,news,TalkMarkets,"Who's In? Who's Out? Walmart & Twitter Dropped from the S&P 500 ESG Index, Among Other Major Changes",https://talkmarkets.com/content/whos-in-whos-out-walmart--twitter-dropped-from-the-sp-500-esg-index-among-other-major-changes?post=261137,1.0
ca8abdaec55d1da5,2020-05-06T00:00:00Z,news,GuruFocus,"Stocks Close Mostly Lower Wednesday, Nasdaq Posts a Gain",http://www.gurufocus.com/news/1128063/stocks-close-mostly-lower-wednesday-nasdaq-posts-a-gain,1.0
70f781e30626a595,2020-05-06T00:00:00Z,news,Investor's Business Daily,"Dow Jones Lower As Payroll Drop Weighs; Are Apple, Microsoft Still In Buy Zone?",http://www.investors.com/market-trend/stock-market-today/dow-jones-lower-payroll-drop-weighs-apple-microsoft-in-buy-zone/?src=A00237A&ven=BenzingaCP&src=AURLAAM,1.0
26aeb82ce230b85b,2020-05-06T00:00:00Z,news,GuruFocus,"Retirement Network Buys Honeywell International Inc, Amazon. ...",http://www.gurufocus.com/news/1128279/retirement-network-buys-honeywell-international-inc-amazoncom-inc-stryker-corp-sells-apple-inc-proshares-short-dow30-us-bancorp,1.0
6078a3c4a7cbb3a0,2020-05-06T00:00:00Z,news,Zacks,"The Zacks Analyst Blog Highlights: Walt Disney, Activision Blizzard, Electronic Arts, Beyond Meat and Pinterest",http://www.zacks.com/stock/news/915188/the-zacks-analyst-blog-highlights-walt-disney-activision-blizzard-electronic-arts-beyond-meat-and-pinterest?cid=CS-BENZ-FT-press_releases-915188,1.0
3e0f44b78d9457f1,2020-05-06T00:00:00Z,news,Investor's Business Daily,Revamped Dow Jones Aerospace Giant To Report: Investing Action Plan,http://www.investors.com/research/investing-action-plan/raytheon-technologies-report-revamped-dow-jones-aerospace-giant/?src=A00237A&ven=BenzingaCP&src=AURLAAM,1.0
4c65324540dc1ca6,2020-05-06T00:00:00Z,news,GuruFocus,Sun Life announces election of directors,http://www.gurufocus.com/news/1128055/sun-life-announces-election-of-directors,1.0
8d267bbaf90016f3,2020-05-06T00:00:00Z,news,GuruFocus,Calithera Biosciences Announces New Employment Inducement Grant Under Nasdaq Listing Rule ...,http://www.gurufocus.com/news/1127409/calithera-biosciences-announces-new-employment-inducement-grant-under-nasdaq-listing-rule-5635c4,1.0
2e5575536c2db97c,2020-05-06T00:00:00Z,news,TalkMarkets,BoE Policy Decision - GBP Picks Up But Central Bank Warns of Slumping Q2 GDP,https://talkmarkets.com/content/boe-policy-decision-gbp-picks-up-but-central-bank-warns-of-slumping-q2-gdp?post=261179,1.0
1ba801aea08d8230,2020-05-06T00:00:00Z,news,TalkMarkets,S&P 500 Dividend Aristocrats Lag In This Down Market,https://talkmarkets.com/content/sp-500-dividend-aristocrats-lag-in-this-down-market?post=261109,1.0
d8bbb8ea1604195a,2020-05-06T00:00:00Z,news,GuruFocus,"Vestmark Advisory Solutions, Inc. Buys Amazon. ...",http://www.gurufocus.com/news/1128370/vestmark-advisory-solutions-inc-buys-amazoncom-inc-jpmorgan-chase-spdr-select-sector-fund--health-care-sells-jpmorgan-chase-capital-xvi-jp-morgan-alerian-mlp-e-spdr-select-sector-fund--utilities-spdr-select-sector-fun,1.0
b1ecbca33ef457a2,2020-05-06T00:00:00Z,news,GuruFocus,Dover President and Chief Executive Officer to Speak at Virtual Goldman Sachs Industrials and ...,http://www.gurufocus.com/news/1128594/dover-president-and-chief-executive-officer-to-speak-at-virtual-goldman-sachs-industrials-and-materials-conference,1.0
b4f15b2a4357f048,2020-05-06T00:00:00Z,news,Zacks,Disney (DIS) Misses on Earnings & Revenues in Coronavirus-Hit Q2,http://www.zacks.com/stock/news/915867/disney-dis-misses-on-earnings-revenues-in-coronavirus-hit-q2?cid=CS-BENZ-FT-analyst_blog|earnings_article-915867,1.0
d9b6985c0bde9549,2020-05-06T00:00:00Z,news,Investor's Business Daily,"Dow Jones Fades Early Gain, But Microsoft, Apple Strong; Biotech Leader Breaks Out On Earnings",http://www.investors.com/market-trend/stock-market-today/dow-jones-fades-early-gain-disney-stock-reverses-higher/?src=A00237A&ven=BenzingaCP&src=AURLAAM,1.0
e8e919419a587676,2020-05-06T00:00:00Z,news,TalkMarkets,Disney's Business Hit Hard By The Coronavirus: Is Now A Buying Opportunity For The Stock?,https://talkmarkets.com/content/disneys-business-hit-hard-by-the-coronavirus-is-now-a-buying-opportunity-for-the-stock?post=261125,1.0
9ee475e2cfd84ff6,2020-05-06T00:00:00Z,news,Investor's Business Daily,Dow Jones Erases 171-Point Gain Amid Plunging Payrolls On Coronavirus Impact; MercadoLibre Soars 20% On Earnings,http://www.investors.com/market-trend/stock-market-today/dow-jones-payrolls-stock-market-rally-disney-earnings-coronavirus-apple-microsoft/?src=A00237A&ven=BenzingaCP&src=AURLAAM,1.0
e400e85e3d5b92fd,2020-05-06T00:00:00Z,news,Zacks,Disney Needs Some Magic,http://www.zacks.com/stock/news/915976/disney-needs-some-magic?cid=CS-BENZ-FT-stocks_in_the_news|investment_ideas-915976,1.0
54cc90d6b93ef743,2020-05-06T00:00:00Z,news,GuruFocus,DexCom & Domino's Pizza Set to Join S&P 500; Salesforce. ...,http://www.gurufocus.com/news/1128631/dexcom--dominos-pizza-set-to-join-sp-500-salesforcecom-to-join-sp-100-store-capital-to-join-sp-midcap-400-capri-holdings-to-join-sp-smallcap-600,1.0
8e4851ef6e5ae153,2020-05-07T00:00:00Z,news,GuruFocus,"Cheyne Capital Management (UK) LLP Buys SPDR Gold Trust, Amazon. ...",http://www.gurufocus.com/news/1129973/cheyne-capital-management-uk-llp-buys-spdr-gold-trust-amazoncom-inc-farfetch-sells-ishares-msci-emerging-index-fund-ishares-inc-msci-brazil-barrick-gold-corp,1.0
d6a1550f7e0aaf52,2020-05-07T00:00:00Z,news,GuruFocus,"Alleghany Corp Buys Wells Fargo, Amazon. ...",http://www.gurufocus.com/news/1129931/alleghany-corp-buys-wells-fargo-amazoncom-inc-sells-marsh--mclennan-inc-schlumberger-csx-corp,1.0
273d8eaaa687eb1a,2020-05-07T00:00:00Z,news,Investor's Business Daily,How A Short Straddle Worked With Disney Earnings,http://www.investors.com/research/options/disney-stock-options-how-short-straddle-earnings-trade/?src=A00237A&ven=BenzingaCP&src=AURLAAM,1.0
a612cbafb6aae76f,2020-05-07T00:00:00Z,news,GuruFocus,BCE announces election of Directors,http://www.gurufocus.com/news/1129864/bce-announces-election-of-directors,1.0
016ebe5bd90a88d9,2020-05-08T00:00:00Z,news,TalkMarkets,Week In Review: Split Tape Continues On Wall Street,https://talkmarkets.com/content/week-in-review-split-tape-continues-on-wall-street?post=261450,1.0
f5bcb88707b122db,2020-05-08T00:00:00Z,news,Zacks,"The Zacks Analyst Blog Highlights: Zendesk, Adobe, Netflix, Microsoft and Amazon",http://www.zacks.com/stock/news/917934/the-zacks-analyst-blog-highlights-zendesk-adobe-netflix-microsoft-and-amazon?cid=CS-BENZ-FT-press_releases-917934,1.0
9e868bbfc3028fad,2020-05-08T00:00:00Z,news,Zacks,"The Zacks Analyst Blog Highlights: Procter & Gamble, Exxon Mobil, Adobe Systems, Comcast and Las Vegas Sands",http://www.zacks.com/stock/news/917938/the-zacks-analyst-blog-highlights-procter-gamble-exxon-mobil-adobe-systems-comcast-and-las-vegas-sands?cid=CS-BENZ-FT-press_releases-917938,1.0
2d77ded1c115e923,2020-05-08T00:00:00Z,news,GuruFocus,"Citizens & Northern Corp Buys iShares Core S&P 500, FlexShares Global Upstream ...",http://www.gurufocus.com/news/1131261/citizens--northern-corp-buys-ishares-core-sp-500-flexshares-global-upstream-natural-resources-index-nextera-energy-inc-sells-ishares-jp-morgan-usd-emerging-markets-bond-etf-microchip-technology-inc-duke-energy-corp,1.0
483d49e7f835d0a0,2020-05-08T00:00:00Z,news,Zacks,Nasdaq Composite is Green YTD: 5 Top Picks to Tap the Rally,http://www.zacks.com/stock/news/917801/nasdaq-composite-is-green-ytd-5-top-picks-to-tap-the-rally?cid=CS-BENZ-FT-analyst_blog|investment_ideas-917801,1.0
9b2a432d6e389187,2020-05-08T00:00:00Z,news,GuruFocus,"Capital Advantage, Inc. Buys Vanguard Div Appreciation, Amazon. ...",http://www.gurufocus.com/news/1131269/capital-advantage-inc-buys-vanguard-div-appreciation-amazoncom-inc-ishares-core-sp-500-sells-pimco-enhanced-short-maturity-active-exchangetrad-vanguard-shortterm-corporate-bond-etf-five9-inc,1.0
a00b3ee2e18b388b,2020-05-08T00:00:00Z,news,Zacks,6 ETF Areas Beating S&P 500 in 2020,http://www.zacks.com/stock/news/918251/6-etf-areas-beating-sp-500-in-2020?cid=CS-BENZ-FT-etf_news_and_commentary-918251,1.0
3a1477d8602ca4a5,2020-05-08T00:00:00Z,news,GuruFocus,"RV Capital GmbH Buys Carvana Co, Alphabet Inc",http://www.gurufocus.com/news/1131272/rv-capital-gmbh-buys-carvana-co-alphabet-inc,1.0
a0f1dbb88b1f5b06,2020-05-08T00:00:00Z,news,Zacks,Tech Rally Helps Nasdaq Turn Positive for 2020: ETFs to Play,http://www.zacks.com/stock/news/918317/tech-rally-helps-nasdaq-turn-positive-for-2020-etfs-to-play?cid=CS-BENZ-FT-etf_news_and_commentary-918317,1.0
8596a80317896313,2020-05-08T00:00:00Z,news,Zacks,"The Zacks Analyst Blog Highlights: Netflix, Wayfair, eBay, Akamai Technologies and Nintendo",http://www.zacks.com/stock/news/917927/the-zacks-analyst-blog-highlights-netflix-wayfair-ebay-akamai-technologies-and-nintendo?cid=CS-BENZ-FT-press_releases-917927,1.0
f9868fb9d3707793,2020-05-08T00:00:00Z,news,Zacks,Is Wall Street Oblivious of Main Street Pain?,http://www.zacks.com/commentary/918285/is-wall-street-oblivious-of-main-street-pain?cid=CS-BENZ-FT-earnings_preview-918285,1.0
785ae321dab3b2d8,2020-05-08T00:00:00Z,news,GuruFocus,"Putnam Fl Investment Management Co Buys iShares Core MSCI EAFE, Amazon. ...",http://www.gurufocus.com/news/1131213/putnam-fl-investment-management-co-buys-ishares-core-msci-eafe-amazoncom-inc-fiserv-inc-sells-blackstone-mortgage-trust-inc-broadcom-inc-citizens-financial-group-inc,1.0
4ab24dace4870502,2020-05-08T00:00:00Z,news,TalkMarkets,Is Disney Stock (DIS) Worth Buying After Dividend Suspension?,https://talkmarkets.com/content/is-disney-stock-dis-worth-buying-after-dividend-suspension?post=261394,1.0
9cc34ef446154a67,2020-05-09T00:00:00Z,news,GuruFocus,Goldman Sachs MLP Income Opportunities Fund Announces Quarterly Distribution of $0. ...,http://www.gurufocus.com/news/1131700/goldman-sachs-mlp-income-opportunities-fund-announces-quarterly-distribution-of-0205-per-share,1.0
e43dde85100f9648,2020-05-09T00:00:00Z,news,GuruFocus,Goldman Sachs MLP and Energy Renaissance Fund Announces Quarterly Distribution of $0. ...,http://www.gurufocus.com/news/1131691/goldman-sachs-mlp-and-energy-renaissance-fund-announces-quarterly-distribution-of-0155-per-share,1.0
03ea13f713637b68,2020-05-10T00:00:00Z,news,TalkMarkets,"Markets Week Ahead: US Dollar, Crude Oil Prices, Dow Jones, Fed, RBNZ",https://talkmarkets.com/content/markets-week-ahead-us-dollar-crude-oil-prices-dow-jones-fed-rbnz?post=261563,1.0
2f3c7d640b37d1c3,2020-05-10T00:00:00Z,news,TalkMarkets,"Dow Jones, DAX 30 & ASX 200 Forecasts For The Week Ahead",https://talkmarkets.com/content/dow-jones-dax-30--asx-200-forecasts-for-the-week-ahead?post=261569,1.0
6cde4f056dfa5198,2020-05-10T00:00:00Z,news,TalkMarkets,Risk Appetites Aren't Satiated As The Nasdaq Turns Higher On The Year,https://talkmarkets.com/content/risk-appetites-arent-satiated-as-the-nasdaq-turns-higher-on-the-year?post=261540,1.0
2ad9660218461dc5,2020-05-11T00:00:00Z,news,TalkMarkets,AUD/USD Price Outlook: US Dollar Reverses On Powell Speculation,https://talkmarkets.com/content/audusd-price-outlook-us-dollar-reverses-on-powell-speculation?post=261708,1.0
133046f20b006405,2020-05-11T00:00:00Z,news,GuruFocus,Kahn Brothers Buys Buffett's JPMorgan During the –st Quarter,http://www.gurufocus.com/news/1133147/kahn-brothers-buys-buffetts-jpmorgan-during-the-1st-quarter,1.0
832685e7d0bb52b2,2020-05-11T00:00:00Z,news,TalkMarkets,"DAX 30 Forecast: Index Threatens Range Break Out, Awaits GDP",https://talkmarkets.com/content/dax-30-forecast-index-threatens-range-break-out-awaits-gdp?post=261690,1.0
0b0beccd841bdc39,2020-05-11T00:00:00Z,news,GuruFocus,"Private Harbour Investment Management & Counsel, L Buys Gilead Sciences Inc, Exxon Mobil ...",http://www.gurufocus.com/news/1132928/private-harbour-investment-management--counsel-l-buys-gilead-sciences-inc-exxon-mobil-corp-ishares-gold-trust-sells-cisco-systems-inc-unilever-nv-vaneck-vectors-rare-earth-strategic-metals,1.0
9426a8f6ac97a772,2020-05-11T00:00:00Z,news,GuruFocus,S&P 500 and Nasdaq Gain on Monday,http://www.gurufocus.com/news/1132971/sp-500-and-nasdaq-gain-on-monday,1.0
b8b52a5a7d08817c,2020-05-11T00:00:00Z,news,GuruFocus,BI Asset Management Fondsmaeglerselskab A Buys Amazon. ...,http://www.gurufocus.com/news/1132557/bi-asset-management-fondsmaeglerselskab-a-buys-amazoncom-inc-cocacola-co-procter--gamble-co-sells-tjx-inc-international-flavors--fragrances-inc-sysco-corp,1.0
fbbeb30140d37762,2020-05-11T00:00:00Z,news,GuruFocus,"First Pacific Advisors Trims Microsoft, Howmet Aerospace",http://www.gurufocus.com/news/1132541/first-pacific-advisors-trims-microsoft-howmet-aerospace,1.0
9dd46d35176d427a,2020-05-12T00:00:00Z,news,GuruFocus,Mitsubishi UFJ Securities International PLC Buys Amazon. ...,http://www.gurufocus.com/news/1134220/mitsubishi-ufj-securities-international-plc-buys-amazoncom-inc-apple-inc-shopify-inc-sells-enbridge-inc-microsoft-corp-procter--gamble-co,1.0
ecb8bec75db4fd34,2020-05-12T00:00:00Z,news,GuruFocus,"Cibc World Markets Corp Buys JPMorgan Chase, iShares Core U.S. ...",http://www.gurufocus.com/news/1134214/cibc-world-markets-corp-buys-jpmorgan-chase-ishares-core-us-aggregate-bond-kinder-morgan-inc-sells-procter--gamble-co-alphabet-inc-pepsico-inc,1.0
d45b96f721175703,2020-05-12T00:00:00Z,news,TalkMarkets,"Dow Jones, Nasdaq 100, S&P 500 Forecast: Is the Rally Unfounded?",https://talkmarkets.com/content/dow-jones-nasdaq-100-sp-500-forecast-is-the-rally-unfounded?post=261846,1.0
3116d0bba6bfa0d1,2020-05-12T00:00:00Z,news,GuruFocus,"Apple, Amazon and Share Buybacks",http://www.gurufocus.com/news/1133474/apple-amazon-and-share-buybacks,1.0
ee8cedf34e3a6d46,2020-05-12T00:00:00Z,news,GuruFocus,"Pettee Investors, Inc. Buys Delta Air Lines Inc, Amazon. ...",http://www.gurufocus.com/news/1134200/pettee-investors-inc-buys-delta-air-lines-inc-amazoncom-inc-amn-healthcare-services-inc-sells-flir-systems-inc-wyndham-destinations-inc-post-holdings-inc,1.0
208a29000176c86d,2020-05-12T00:00:00Z,news,Zacks,"Top Stock Reports for Amazon, AstraZeneca & CME Group",http://www.zacks.com/research-daily/921644/top-stock-reports-for-amazon-astrazeneca-cme-group?cid=CS-BENZ-FT-research_daily-921644,1.0
bc1b5f226aa68b82,2020-05-12T00:00:00Z,news,GuruFocus,"People's United Financial, Inc. Buys SPDR Series Trust Portfolio S&P 500 Growth, SPDR ...",http://www.gurufocus.com/news/1134311/peoples-united-financial-inc-buys-spdr-series-trust-portfolio-sp-500-growth-spdr-dj-wilshire-global-real-estate-ishares-msci-eafe-growth-sells-spdr-bloomberg-barclays-short-term-international-t-wisdomtree-europe-hedge,1.0
8c8c7bcc26970941,2020-05-12T00:00:00Z,news,GuruFocus,"American Family Insurance Mutual Holding Co Buys iShares Core S&P 500, iShares Russell ...",http://www.gurufocus.com/news/1134470/american-family-insurance-mutual-holding-co-buys-ishares-core-sp-500-ishares-russell-midcap-growth-sells-ishares-iboxx--high-yield-corporate-bond-xtrackers-usd-high-yield-corporate-bond-microsoft-corp,1.0
b37f59ce208f89c8,2020-05-12T00:00:00Z,news,GuruFocus,Wall Street Ends in the Red on Tuesday,http://www.gurufocus.com/news/1134444/wall-street-ends-in-the-red-on-tuesday,1.0
e45a92b4c5db6dfe,2020-05-12T00:00:00Z,news,TalkMarkets,Disney Plans Another Bonds Offering With A Six-Part Deal,https://talkmarkets.com/content/disney-plans-another-bonds-offering-with-a-six-part-deal?post=261769,1.0
51eaafe41f40671e,2020-05-13T00:00:00Z,news,TalkMarkets,Will Powell Have Any More Luck Pushing Against Negative Rate Expectations In The US?,https://talkmarkets.com/content/will-powell-have-any-more-luck-pushing-against-negative-rate-expectations-in-the-us?post=261922,1.0
b0ae501809ad11c7,2020-05-13T00:00:00Z,news,TalkMarkets,Long Treasuries Hold On To Huge Gain In 2020,https://talkmarkets.com/content/long-treasuries-hold-on-to-huge-gain-in-2020?post=261931,1.0
a4fc8f69aa43b38b,2020-05-13T00:00:00Z,news,GuruFocus,Dow Jones Falls Over 500 Points on Wednesday,http://www.gurufocus.com/news/1135682/dow-jones-falls-over-500-points-on-wednesday,1.0
7bd6066bc7acf765,2020-05-13T00:00:00Z,news,GuruFocus,Central Asset Investments & Management Holdings (H Buys Amazon. ...,http://www.gurufocus.com/news/1135550/central-asset-investments--management-holdings-h-buys-amazoncom-inc-adobe-inc-servicenow-inc-sells-micron-technology-inc-tal-education-group-advanced-micro-devices-inc,1.0
33d291aaaba7244a,2020-05-13T00:00:00Z,news,GuruFocus,Alphabet's Loon and Vodacom partner to increase rural internet access in Mozambique,http://www.gurufocus.com/news/1135034/alphabets-loon-and-vodacom-partner-to-increase-rural-internet-access-in-mozambique,1.0
3257532e8559a57d,2020-05-13T00:00:00Z,news,Zacks,Walmart (WMT) Continues to Reward Workers Amid Coronavirus,http://www.zacks.com/stock/news/923007/walmart-wmt-continues-to-reward-workers-amid-coronavirus?cid=CS-BENZ-FT-analyst_blog|company_news_-_energy_sector-923007,1.0
3af54f93b26812dc,2020-05-13T00:00:00Z,news,TalkMarkets,Dollar Rises As Fed Powell Rules Out Negative Rates,https://talkmarkets.com/content/dollar-rises-as-fed-powell-rules-out-negative-rates?post=262007,1.0
7e40eedcfe80283f,2020-05-14T00:00:00Z,news,GuruFocus,"First National Bank of South Miami Buys SPDR Bloomberg Barclays –-' Month T-Bill, Facebook ...",http://www.gurufocus.com/news/1137291/first-national-bank-of-south-miami-buys-spdr-bloomberg-barclays-13-month-tbill-facebook-inc-mastercard-inc-sells-ishares-core-us-aggregate-bond-walgreens-boots-alliance-inc-ishares-sp-500-value,1.0
1ec3fd368a444ba5,2020-05-14T00:00:00Z,news,TalkMarkets,Stocks Fall After Fed Chair Powell Gives Uncertain Outlook,https://talkmarkets.com/content/stocks-fall-after-fed-chair-powell-gives-uncertain-outlook?post=262067,1.0
e4d47c7bb31aa584,2020-05-14T00:00:00Z,news,GuruFocus,"Blue Whale Capital LLP Buys Stryker Corp, Amazon. ...",http://www.gurufocus.com/news/1137637/blue-whale-capital-llp-buys-stryker-corp-amazoncom-inc-autodesk-inc-sells-wyndham-hotels--resorts-inc-facebook-inc-ansys-inc,1.0
40a8d12b062bedd3,2020-05-14T00:00:00Z,news,GuruFocus,J.P. Morgan Asset Management Commences First Development in $625 Million JV with American ...,http://www.gurufocus.com/news/1136916/jp-morgan-asset-management-commences-first-development-in-625-million-jv-with-american-homes-4-rent,1.0
bb6cee4cfb4d4a87,2020-05-14T00:00:00Z,news,GuruFocus,"Commonwealth Of Pennsylvania Public School Empls R Buys SPDR S&P 500, iShares Core MSCI ...",http://www.gurufocus.com/news/1136978/commonwealth-of-pennsylvania-public-school-empls-r-buys-spdr-sp-500-ishares-core-msci-emerging-markets-kinder-morgan-inc-sells-energy-transfer-lp-ishares-tips-bond-mplx-lp,1.0
44167b43a5d06c60,2020-05-14T00:00:00Z,news,GuruFocus,"Viking Global Investors Trims Facebook, Uber",http://www.gurufocus.com/news/1136535/viking-global-investors-trims-facebook-uber,1.0
95a9003dc5ad13c4,2020-05-14T00:00:00Z,news,GuruFocus,"Norfolk Southern announces pricing of previously announced exchange offers, interest rate for ...",http://www.gurufocus.com/news/1137548/norfolk-southern-announces-pricing-of-previously-announced-exchange-offers-interest-rate-for-new-notes-and-acceptance-of-tendered-notes,1.0
b8c312b2ba15ce78,2020-05-14T00:00:00Z,news,GuruFocus,Dow Jones Recovers Losses on Thursday,http://www.gurufocus.com/news/1137191/dow-jones-recovers-losses-on-thursday,1.0
329f0c62ba534b76,2020-05-14T00:00:00Z,news,GuruFocus,"Salem Investment Counselors Inc Buys General Motors Co, JPMorgan Chase Capital XVI JP Morgan ...",http://www.gurufocus.com/news/1137232/salem-investment-counselors-inc-buys-general-motors-co-jpmorgan-chase-capital-xvi-jp-morgan-alerian-mlp-e-pinterest-inc-sells-walgreens-boots-alliance-inc-united-rentals-inc-exxon-mobil-corp,1.0
7be79a9c782e6dbb,2020-05-14T00:00:00Z,news,TalkMarkets,"BofA Dissects Auto Stocks, Says Q1 Reports Mostly Better Than 'Low Expectations'",https://talkmarkets.com/content/bofa-dissects-auto-stocks-says-q1-reports-mostly-better-than-low-expectations?post=262145,1.0
6b3c0ad4291540c1,2020-05-15T00:00:00Z,news,GuruFocus,Seth Klarman Dives Into Facebook and Google in Market Plunge,http://www.gurufocus.com/news/1138010/seth-klarman-dives-into-facebook-and-google-in-market-plunge,1.0
9b9dceb31a87b682,2020-05-15T00:00:00Z,news,GuruFocus,"BlueDrive Global Investors LLP Buys AutoZone Inc, Amazon. ...",http://www.gurufocus.com/news/1139025/bluedrive-global-investors-llp-buys-autozone-inc-amazoncom-inc-dollar-tree-inc-sells-constellation-brands-inc-booking-holdings-inc-ulta-beauty-inc,1.0
da446f76671efae3,2020-05-15T00:00:00Z,news,GuruFocus,"Bank Of Nova Scotia Trust Co Buys Brookfield Asset Management Inc, Amazon. ...",http://www.gurufocus.com/news/1137818/bank-of-nova-scotia-trust-co-buys-brookfield-asset-management-inc-amazoncom-inc-accenture-plc-sells-imperial-oil-united-parcel-service-inc-the-walt-disney-co,1.0
bfa99e704d451384,2020-05-15T00:00:00Z,news,GuruFocus,"AMG National Trust Bank Buys Vanguard S&P 500, iShares Core MSCI Total International ...",http://www.gurufocus.com/news/1137989/amg-national-trust-bank-buys-vanguard-sp-500-ishares-core-msci-total-international-stock-etf-us-bancorp-sells-philip-morris-international-inc-american-international-group-inc-gilead-sciences-inc,1.0
9703f58fcfde0312,2020-05-15T00:00:00Z,news,GuruFocus,"Odey Holdings AG Buys Regeneron Pharmaceuticals Inc, Amazon. ...",http://www.gurufocus.com/news/1138814/odey-holdings-ag-buys-regeneron-pharmaceuticals-inc-amazoncom-inc-facebook-inc-sells-barrick-gold-corp-the-stars-group-inc,1.0
b4d42ed4cce41112,2020-05-15T00:00:00Z,news,GuruFocus,"Moneda S.A. Administradora General de Fondos Buys SPDR S&P 500, iShares Core U.S. ...",http://www.gurufocus.com/news/1137978/moneda-sa-administradora-general-de-fondos-buys-spdr-sp-500-ishares-core-us-aggregate-bond-ishares-msci-acwi-ex-us-index-fund-sells-vale-sa-petroleo-brasileiro-sa-petrobras-mercadolibre-inc,1.0
f28c7a99555e7303,2020-05-15T00:00:00Z,news,GuruFocus,"Ohe Financial Inc Buys Invesco S&P 500 Equal Weight, VanEck Vectors Fallen Angel High ...",http://www.gurufocus.com/news/1138800/ohe-financial-inc-buys-invesco-sp-500-equal-weight-vaneck-vectors-fallen-angel-high-yield-bond-etf-ishares-msci-eafe-smallcap-etf-sells-schwab-shortterm-us-treasury-vanguard-div-appreciation-ishares-sp-500-growth,1.0
51cbfbe7c98d9a66,2020-05-15T00:00:00Z,news,GuruFocus,J.P. Morgan Asset Management Announces Liquidation of Six Exchange-Traded Funds,http://www.gurufocus.com/news/1138923/jp-morgan-asset-management-announces-liquidation-of-six-exchangetraded-funds,1.0
3bd5ab7182e08dee,2020-05-15T00:00:00Z,news,GuruFocus,JPMorgan Chase Declares Preferred Stock Dividend,http://www.gurufocus.com/news/1138904/jpmorgan-chase-declares-preferred-stock-dividend,1.0
91c4535c5eebca49,2020-05-15T00:00:00Z,news,GuruFocus,"Great Valley Advisor Group, Inc. Buys Goldman Sachs ActiveBeta U.S. ...",http://www.gurufocus.com/news/1138523/great-valley-advisor-group-inc-buys-goldman-sachs-activebeta-us-large-cap-equity-spdr-russell-1000-etf-spdr-gold-trust-sells-gamco-global-gold-natural-resources--income-trust-ishares-us-financial-newmont-corp,1.0
d0255b2122b07b78,2020-05-15T00:00:00Z,news,GuruFocus,UnitedHealth Group and Microsoft Collaborate to Launch ProtectWell™ Protocol and App to ...,http://www.gurufocus.com/news/1138231/unitedhealth-group-and-microsoft-collaborate-to-launch-protectwell-protocol-and-app-to-support-returntoworkplace-planning-and-covid19-symptom-screening,1.0
01106b1a269faccb,2020-05-15T00:00:00Z,news,Investor's Business Daily,Selling Into Strength Paid Off For Google Stock,http://www.investors.com/research/swing-trading/google-stock-reversal-set-up-swing-trading-profit/?src=A00237A&ven=BenzingaCP&src=AURLAAM,1.0
a939e5c1b5e07cca,2020-05-15T00:00:00Z,news,GuruFocus,"Accredited Investors Inc. Buys SPDR Series Trust Portfolio S&P 500 Value, Vanguard Mega ...",http://www.gurufocus.com/news/1138069/accredited-investors-inc-buys-spdr-series-trust-portfolio-sp-500-value-vanguard-mega-cap-growth-vanguard-total-world-stock-index-sells-ishares-msci-eafe-ishares-core-msci-emerging-markets-ishares-msci-eafe-value,1.0
4e2021e56abdea8a,2020-05-15T00:00:00Z,news,TalkMarkets,Google Shares Tumble On Reports Of Imminent Antitrust Lawsuit,https://talkmarkets.com/content/google-shares-tumble-on-reports-of-imminent-antitrust-lawsuit?post=262264,1.0
ed01b75427860875,2020-05-15T00:00:00Z,news,TalkMarkets,"45 Firms going Ex-Dividend next week, including Target, Microsoft and Dow Chemical",https://talkmarkets.com/content/45-firms-going-ex-dividend-next-week-including-target-microsoft-and-dow-chemical?post=262265,1.0
284b432f2349612b,2020-05-16T00:00:00Z,news,TalkMarkets,S&P 500 Technical Analysis + FANG Stocks,https://talkmarkets.com/content/sp-500-technical-analysis--fang-stocks?post=262329,1.0
f12ed1e298403481,2020-05-16T00:00:00Z,news,TalkMarkets,The Dow Jones Has Done Nothing Since Mid-April,https://talkmarkets.com/content/the-dow-jones-has-done-nothing-since-mid-april?post=262339,1.0
0f8bd6b6b9750421,2020-05-16T00:00:00Z,news,GuruFocus,Why Walt Disney Is a Long-Term Buy,http://www.gurufocus.com/news/1138772/why-walt-disney-is-a-longterm-buy,1.0
6af87e7887c079d7,2020-05-17T00:00:00Z,news,TalkMarkets,Cowen 'Would Be Surprised' If Goldman Tried To Buy Any Big Commercial Banks,https://talkmarkets.com/content/cowen-would-be-surprised-if-goldman-tried-to-buy-any-big-commercial-banks?post=262355,1.0
d17417a0280ae66f,2020-05-18T00:00:00Z,news,Zacks,"The Zacks Analyst Blog Highlights: JPMorgan Chase, AbbVie, Royal Dutch Shell, Gilead Sciences and Anthem",http://www.zacks.com/stock/news/931257/the-zacks-analyst-blog-highlights-jpmorgan-chase-abbvie-royal-dutch-shell-gilead-sciences-and-anthem?cid=CS-BENZ-FT-press_releases-931257,1.0
a96574f53914c3a3,2020-05-18T00:00:00Z,news,GuruFocus,West Pharmaceutical Services Set to Join S&P 500; Physicians Realty Trust to Join ...,http://www.gurufocus.com/news/1141022/west-pharmaceutical-services-set-to-join-sp-500-physicians-realty-trust-to-join-sp-midcap-400-helmerich--payne-to-join-sp-smallcap-600,1.0
351cb3e32faf4c20,2020-05-18T00:00:00Z,news,Zacks,How to Trade Powell's Comments on Economy With ETFs,http://www.zacks.com/stock/news/931675/how-to-trade-powells-comments-on-economy-with-etfs?cid=CS-BENZ-FT-etf_news_and_commentary-931675,1.0
34c76708d9c6408d,2020-05-18T00:00:00Z,news,Zacks,"The Zacks Analyst Blog Highlights: EOG Resources, Occidental Petroleum, ExxonMobil, Chevron and BP",http://www.zacks.com/stock/news/931260/the-zacks-analyst-blog-highlights-eog-resources-occidental-petroleum-exxonmobil-chevron-and-bp?cid=CS-BENZ-FT-press_releases-931260,1.0
76b5c4cd88fda421,2020-05-18T00:00:00Z,news,Zacks,Pfizer Reports Efficacy & Safety Data on DMD Gene Therapy,http://www.zacks.com/stock/news/931259/pfizer-reports-efficacy-safety-data-on-dmd-gene-therapy?cid=CS-BENZ-FT-analyst_blog|company_news_-_medical_sector-931259,1.0
2557a4c7dd902598,2020-05-18T00:00:00Z,news,Zacks,"Microsoft (MSFT), UnitedHealth Partner on Return-to-Work App",http://www.zacks.com/stock/news/931434/microsoft-msft-unitedhealth-partner-on-return-to-work-app?cid=CS-BENZ-FT-analyst_blog|company_news_tech_sector-931434,1.0
48f0658c67d0eeaa,2020-05-18T00:00:00Z,news,Zacks,Alphabet-Vodacom Tie-Up to Provide Internet in Mozambique,http://www.zacks.com/stock/news/931296/alphabet-vodacom-tie-up-to-provide-internet-in-mozambique?cid=CS-BENZ-FT-analyst_blog|company_news_tech_sector-931296,1.0
d23a19733b308206,2020-05-18T00:00:00Z,news,TalkMarkets,S&P 500 Forecast: Crude Oil Price Rebound Sees Energy Gains Pace Tech,https://talkmarkets.com/content/sp-500-forecast-crude-oil-price-rebound-sees-energy-gains-pace-tech?post=262524,1.0
49e3c16d615ff6cd,2020-05-18T00:00:00Z,news,Zacks,Intel's (INTC) New Chips to Boost Efficiency Amid Remote Work,http://www.zacks.com/stock/news/931511/intels-intc-new-chips-to-boost-efficiency-amid-remote-work?cid=CS-BENZ-FT-analyst_blog|company_news_tech_sector-931511,1.0
8fb452a1b384eb00,2020-05-18T00:00:00Z,news,GuruFocus,FedEx and Microsoft join forces to transform commerce,http://www.gurufocus.com/news/1140605/fedex-and-microsoft-join-forces-to-transform-commerce,1.0
9da76038abb8f8bf,2020-05-18T00:00:00Z,news,GuruFocus,"Wedgewood Partners Cuts Fastenal, Alphabet, Visa",http://www.gurufocus.com/news/1140237/wedgewood-partners-cuts-fastenal-alphabet-visa,1.0
dcc413637c5c4ec9,2020-05-18T00:00:00Z,news,TalkMarkets,Powell Gives Depression Era Unemployment Rate Warning,https://talkmarkets.com/content/powell-gives-depression-era-unemployment-rate-warning?post=262434,1.0
8912f4d9922f4d14,2020-05-18T00:00:00Z,news,Zacks,Wall Street to Rally as Powell Talks Recovery: 5 Big Winners,http://www.zacks.com/stock/news/930968/wall-street-to-rally-as-powell-talks-recovery-5-big-winners?cid=CS-BENZ-FT-analyst_blog|investment_ideas-930968,1.0
ec2a8231a5266d61,2020-05-18T00:00:00Z,news,Zacks,Boeing Wins $2.6 Billion Deal for SLAM ER & Harpoon Missiles,http://www.zacks.com/stock/news/931394/boeing-wins-%2426-billion-deal-for-slam-er-harpoon-missiles?cid=CS-BENZ-FT-analyst_blog|company_news_-_corporate_actions-931394,1.0
752b13a0b094a84e,2020-05-18T00:00:00Z,news,Zacks,Sarepta Surges on Rival Pfizer's DMD Gene Therapy Study Data,http://www.zacks.com/stock/news/931568/sarepta-surges-on-rival-pfizers-dmd-gene-therapy-study-data?cid=CS-BENZ-FT-analyst_blog|company_news_-_medical_sector-931568,1.0
08cf4ed7266fb81e,2020-05-18T00:00:00Z,news,Zacks,Amazon's (AMZN) New Fire HD 8 Family Expands Tablet Portfolio,http://www.zacks.com/stock/news/931283/amazons-amzn-new-fire-hd-8-family-expands-tablet-portfolio?cid=CS-BENZ-FT-analyst_blog|company_news_tech_sector-931283,1.0
a216403dc5a87d58,2020-05-18T00:00:00Z,news,TalkMarkets,"Currencies Rally as Stocks Soar on Vaccine, Powell Optimism",https://talkmarkets.com/content/currencies-rally-as-stocks-soar-on-vaccine-powell-optimism?post=262506,1.0
397ec73b3b670e14,2020-05-18T00:00:00Z,news,GuruFocus,Mario Gabelli Adds to Amazon Holding in –st Quarter,http://www.gurufocus.com/news/1140723/mario-gabelli-adds-to-amazon-holding-in-1st-quarter,1.0
6d04769ca5188b06,2020-05-18T00:00:00Z,news,GuruFocus,"New Leadership Team Announced at Disney Parks, Experiences and Products",http://www.gurufocus.com/news/1140954/new-leadership-team-announced-at-disney-parks-experiences-and-products-,1.0
243d3a353667a689,2020-05-18T00:00:00Z,news,GuruFocus,"Josh D'Amaro Named Chairman of Disney Parks, Experiences and Products and Rebecca Campbell ...",http://www.gurufocus.com/news/1140963/josh-damaro-named-chairman-of-disney-parks-experiences-and-products-and-rebecca-campbell-named-chairman-of-disneys-directtoconsumer-and-international,1.0
a74bf96a712a70e1,2020-05-18T00:00:00Z,news,Zacks,"Walmart, Target, Home Depot, TJX Companies and Macy???s are part of Zacks Earnings Preview",http://www.zacks.com/stock/news/931246/walmart-target-home-depot-tjx-companies-and-macys-are-part-of-zacks-earnings-preview?cid=CS-BENZ-FT-press_releases-931246,1.0
5ef43169318f7559,2020-05-19T00:00:00Z,news,TalkMarkets,Dow Jones Forecast: Retail Earnings May Weigh On Recovery Rally,https://talkmarkets.com/content/dow-jones-forecast-retail-earnings-may-weigh-on-recovery-rally?post=262650,1.0
4c78189d69c7b1b3,2020-05-19T00:00:00Z,news,GuruFocus,Nasdaq Announces Results from 2020 Annual Meeting of Shareholders,http://www.gurufocus.com/news/1142178/nasdaq-announces-results-from-2020-annual-meeting-of-shareholders,1.0
0256ff81a0a81a11,2020-05-19T00:00:00Z,news,GuruFocus,Nasdaq Scheduled Resumption in Luckin Coffee Inc.,http://www.gurufocus.com/news/1142351/nasdaq-scheduled-resumption-in-luckin-coffee-inc,1.0
f447307ee18b2849,2020-05-19T00:00:00Z,news,GuruFocus,Buffett's Sale of Goldman Sachs Is Not Bad News for Bank Stocks,http://www.gurufocus.com/news/1141962/buffetts-sale-of-goldman-sachs-is-not-bad-news-for-bank-stocks,1.0
3610d4437e3bff14,2020-05-19T00:00:00Z,news,GuruFocus,JPMorgan Chase Board of Directors Welcomes Virginia Rometty; James Bell and Laban Jackson ...,http://www.gurufocus.com/news/1142168/jpmorgan-chase-board-of-directors-welcomes-virginia-rometty-james-bell-and-laban-jackson-retire-from-board,1.0
6f8d9d8144e2c544,2020-05-19T00:00:00Z,news,Zacks,"Top Stock Reports for Facebook, JNJ, FIS & Others",http://www.zacks.com/research-daily/933136/top-stock-reports-for-facebook-jnj-fis-others?cid=CS-BENZ-FT-research_daily-933136,1.0
84a467114407ba36,2020-05-19T00:00:00Z,news,GuruFocus,"Consumers Energy Providing 100,000 Google Nest Thermostats to Michigan Households ...",http://www.gurufocus.com/news/1142202/consumers-energy-providing-100000-google-nest-thermostats-to-michigan-households-during-pandemic,1.0
304745c639243f4e,2020-05-20T00:00:00Z,news,GuruFocus,Fca Corp Buys Goldman Sachs ActiveBeta U.S. ...,http://www.gurufocus.com/news/1143338/fca-corp-buys-goldman-sachs-activebeta-us-large-cap-equity-apple-inc-ishares-russell-2000-sells-covanta-holding-corp-spdr-select-sector-fund--energy-select-sector-sony-corp,1.0
80bec799c71d6464,2020-05-20T00:00:00Z,news,Zacks,E-commerce War Heats Up With Facebook Shops: 4 Stocks to Buy,http://www.zacks.com/stock/news/934798/e-commerce-war-heats-up-with-facebook-shops-4-stocks-to-buy?cid=CS-BENZ-FT-analyst_blog|investment_ideas-934798,1.0
b20ffb133a5af593,2020-05-20T00:00:00Z,news,TalkMarkets,China's Debt-To-GDP Ratio Surges to 317 Percent,https://talkmarkets.com/content/chinas-debt-to-gdp-ratio-surges-to-317-percent?post=262795,1.0
5c4a2f6ebc01b22f,2020-05-20T00:00:00Z,news,GuruFocus,Paul Tudor Jones Boosts Legg Mason and Slashes S&P 500 ETF Position in –st Quarter,http://www.gurufocus.com/news/1143141/paul-tudor-jones-boosts-legg-mason-and-slashes-sp-500-etf-position-in-1st-quarter,1.0
f13a425864a0ee59,2020-05-21T00:00:00Z,news,GuruFocus,J.P. Morgan Asset Management Launches Two Active Transparent Equity ETFs: JEPI and JIG,http://www.gurufocus.com/news/1144171/jp-morgan-asset-management-launches-two-active-transparent-equity-etfs-jepi-and-jig,1.0
76e1c4f051027b08,2020-05-21T00:00:00Z,news,TalkMarkets,The Biggest Drops In The History Of The Dow Jones Industrial Average,https://talkmarkets.com/content/the-biggest-drops-in-the-history-of-the-dow-jones-industrial-average?post=262870,1.0
bfaeed26116c7b2f,2020-05-21T00:00:00Z,news,GuruFocus,"West Pharmaceutical Services, Inc. to Join S&P 500 Index",http://www.gurufocus.com/news/1143884/west-pharmaceutical-services-inc-to-join-sp-500-index,1.0
ab912d8455f0d310,2020-05-22T00:00:00Z,news,GuruFocus,JPMorgan Chase & Co. Declares Quarterly Coupon on Alerian MLP Index ETN,http://www.gurufocus.com/news/1145381/jpmorgan-chase--co-declares-quarterly-coupon-on-alerian-mlp-index-etn,1.0
d853e44ad1122b98,2020-05-22T00:00:00Z,news,TalkMarkets,"KKR To Invest $1.5B In India's Jio Platforms, Joins Facebook, Three Other US Firms As Stakeholders",https://talkmarkets.com/content/kkr-to-invest-15b-in-indias-jio-platforms-joins-facebook-three-other-us-firms-as-stakeholders?post=262944,1.0
4fb2ad10f1d329ed,2020-05-23T00:00:00Z,news,TalkMarkets,Chart Of The Week: The Unemployment Rate Signals The Dow Jones Index To Crash To This Level,https://talkmarkets.com/content/chart-of-the-week-the-unemployment-rate-signals-the-dow-jones-index-to-crash-to-this-level?post=263117,1.0
c11e3064ad732237,2020-05-23T00:00:00Z,news,Zacks,Why Is Intel (INTC) Up 5.5% Since Last Earnings Report?,http://www.zacks.com/stock/news/940201/why-is-intel-intc-up-55-since-last-earnings-report?cid=CS-BENZ-FT-realtime_blog-940201,1.0
646b4d25ad1da6fb,2020-05-24T00:00:00Z,news,TalkMarkets,Undervalued Dividend Growth Stock Of The Week: JPMorgan Chase & Co.,https://talkmarkets.com/content/undervalued-dividend-growth-stock-of-the-week-jpmorgan-chase--co?post=263131,1.0
cf9f248c824774f6,2020-05-26T00:00:00Z,news,GuruFocus,Walt Disney World Resort Executives to Submit Proposal for Phased Reopening of Parks,http://www.gurufocus.com/news/1147662/walt-disney-world-resort-executives-to-submit-proposal-for-phased-reopening-of-parks-,1.0
c018837afe8b046b,2020-05-26T00:00:00Z,news,TalkMarkets,The Dow Jones Now Surging on Potential Coronavirus Vaccine,https://talkmarkets.com/content/the-dow-jones-now-surging-on-potential-coronavirus-vaccine?post=263352,1.0
bba1faf51928eba2,2020-05-26T00:00:00Z,news,GuruFocus,Rubicon Project to Transfer Stock Exchange Listing to Nasdaq,http://www.gurufocus.com/news/1147677/rubicon-project-to-transfer-stock-exchange-listing-to-nasdaq,1.0
828e4da56d082208,2020-05-26T00:00:00Z,news,GuruFocus,Facebook Inc (FB) CFO David M. Wehner Sold $2.7 million of Shares,http://www.gurufocus.com/news/1147564/facebook-inc-fb-cfo-david-m-wehner-sold-27-million-of-shares,1.0
04efeaea8dbbdb5d,2020-05-26T00:00:00Z,news,GuruFocus,Why Facebook Shares Could Have More Upside,http://www.gurufocus.com/news/1143129/why-facebook-shares-could-have-more-upside,1.0
611ebe1a8a437d24,2020-05-27T00:00:00Z,news,GuruFocus,"Microsoft, Workday Announce Strategic Partnership to Accelerate Planning for Today's World",http://www.gurufocus.com/news/1148905/microsoft-workday-announce-strategic-partnership-to-accelerate-planning-for-todays-world,1.0
db122b71707560eb,2020-05-27T00:00:00Z,news,TalkMarkets,Facebook price target raised to $275 from $245 at Citi,https://talkmarkets.com/content/facebook-price-target-raised-to-275-from-245-at-citi?post=263449,1.0
ec98d2439b51bdb7,2020-05-27T00:00:00Z,news,TalkMarkets,"Facebook Inc (FB) Stock Dropped by 3%, as Company CFO Sell Shares",https://talkmarkets.com/content/facebook-inc-fb-stock-dropped-by-3-as-company-cfo-sell-shares?post=263490,1.0
d2dbbf750fc2a070,2020-05-27T00:00:00Z,news,TalkMarkets,The Topsy-Turvy S&P 500 Earnings Picture,https://talkmarkets.com/content/the-topsy-turvy-sp-500-earnings-picture?post=263549,1.0
5dc1b60965a00867,2020-05-27T00:00:00Z,news,GuruFocus,"Advisory Resource Group Buys SPDR Series Trust Portfolio S&P 500 Value, iShares Russell ...",http://www.gurufocus.com/news/1148554/advisory-resource-group-buys-spdr-series-trust-portfolio-sp-500-value-ishares-russell-2000-johnson--johnson-sells-ishares-msci-acwi-ex-us-index-fund-unitedhealth-group-inc-ford-motor-co,1.0
8c6d25acdb4d84fa,2020-05-27T00:00:00Z,news,TalkMarkets,"Facebook Inc (FB) Stock Drops by 3%, as Company CFO Sell Shares",https://talkmarkets.com/content/facebook-inc-fb-stock-drops-by-3-as-company-cfo-sell-shares?post=263490,1.0
4a3e527572848194,2020-05-27T00:00:00Z,news,GuruFocus,"Gotham Asset Management Trims Apple, Bristol-Meyers",http://www.gurufocus.com/news/1147556/gotham-asset-management-trims-apple-bristolmeyers,1.0
b5553b6803d4a6bf,2020-05-27T00:00:00Z,news,TalkMarkets,"Nasdaq Futs Slide, Yuan Tumbles As Two Chinese Megacaps Push Ahead With Hong Kong Listing",https://talkmarkets.com/content/nasdaq-futs-slide-yuan-tumbles-as-two-chinese-megacaps-push-ahead-with-hong-kong-listing?post=263465,1.0
2aa06bf0dd824dbf,2020-05-27T00:00:00Z,news,TalkMarkets,Pre-OPEC+ Meeting Noise,https://talkmarkets.com/content/pre-opec-meeting-noise?post=263461,1.0
3df373a754940343,2020-05-27T00:00:00Z,news,GuruFocus,"Leidos Awarded Payment From VirnetX, Inc. Lawsuit Against Apple Inc.",http://www.gurufocus.com/news/1148957/leidos-awarded-payment-from-virnetx-inc-lawsuit-against-apple-inc,1.0
71741ad92634fc97,2020-05-27T00:00:00Z,news,TalkMarkets,"Amazon Interest In Zoox Seen Opening Door For Potential Uber, Tesla Competition",https://talkmarkets.com/content/amazon-interest-in-zoox-seen-opening-door-for-potential-uber-tesla-competition?post=263482,1.0
b68413e7832f921d,2020-05-27T00:00:00Z,news,GuruFocus,Nasdaq Scheduled Resumption in CNS Pharmaceuticals Inc.,http://www.gurufocus.com/news/1148902/nasdaq-scheduled-resumption-in-cns-pharmaceuticals-inc,1.0
92288a38d31f8d14,2020-05-27T00:00:00Z,news,GuruFocus,J.P. Morgan Asset Management partners with Calastone to power Money Market Funds,http://www.gurufocus.com/news/1148666/jp-morgan-asset-management-partners-with-calastone-to-power-money-market-funds,1.0
e700dbd78fb138e2,2020-05-27T00:00:00Z,news,TalkMarkets,Technical Analysis On JPMorgan Chase (JPM),https://talkmarkets.com/content/technical-analysis-on-jpmorgan-chase-jpm?post=263506,1.0
fad6a3f6b729a05c,2020-05-27T00:00:00Z,news,GuruFocus,Tandy Leather Receives Notification of Deficiency from Nasdaq Related to Delayed Filing of ...,http://www.gurufocus.com/news/1148927/tandy-leather-receives-notification-of-deficiency-from-nasdaq-related-to-delayed-filing-of-quarterly-report-on-form-10q,1.0
97243509857e6749,2020-05-28T00:00:00Z,news,Zacks,"The Zacks Analyst Blog Highlights: Alphabet, Visa, Bank of America, JPMorgan Chase and NVIDIA",http://www.zacks.com/stock/news/950069/the-zacks-analyst-blog-highlights-alphabet-visa-bank-of-america-jpmorgan-chase-and-nvidia?cid=CS-BENZ-FT-press_releases-950069,1.0
8f91961c0dc41a92,2020-05-28T00:00:00Z,news,Zacks,Alphabet (GOOGL) Up 5.8% Since Last Earnings Report: Can It Continue?,http://www.zacks.com/stock/news/949642/alphabet-googl-up-58-since-last-earnings-report-can-it-continue?cid=CS-BENZ-FT-realtime_blog-949642,1.0
73a72900753f71c8,2020-05-28T00:00:00Z,news,GuruFocus,"Mario Cibelli Adds — Stocks to Portfolio, Gives Alphabet the Boot",http://www.gurufocus.com/news/1149844/mario-cibelli-adds-2-stocks-to-portfolio-gives-alphabet-the-boot,1.0
e04c34034070e717,2020-05-28T00:00:00Z,news,Zacks,Goldman & JPMorgan Analyze Global Economic Situation Ahead,http://www.zacks.com/stock/news/949131/goldman-jpmorgan-analyze-global-economic-situation-ahead?cid=CS-BENZ-FT-analyst_blog|company_news_-_finance_sector-949131,1.0
ace5f90151982098,2020-05-28T00:00:00Z,news,Zacks,"Big Day for Data: GDP, Jobless Claims, Novartis, Durable Goods & More",http://www.zacks.com/stock/news/949238/big-day-for-data-gdp-jobless-claims-novartis-durable-goods-more?cid=CS-BENZ-FT-ahead_of_wall_street-949238,1.0
9e65ae6b7077c97f,2020-05-28T00:00:00Z,news,GuruFocus,"Vaughan And Company Securities, Inc. Buys Goldman Sachs ActiveBeta U.S. ...",http://www.gurufocus.com/news/1149950/vaughan-and-company-securities-inc-buys-goldman-sachs-activebeta-us-large-cap-equity-intuitive-surgical-inc-vanguard-value-sells-ishares-core-us-aggregate-bond-ishares-core-msci-eafe-ishares-cohen--steers-reit,1.0
253e954fa04465a0,2020-05-28T00:00:00Z,news,GuruFocus,Hellman Jordan Management Co Inc Buys Amazon. ...,http://www.gurufocus.com/news/1149835/hellman-jordan-management-co-inc-buys-amazoncom-inc-mastercard-inc-netflix-inc-sells-chipotle-mexican-grill-inc-direxion-energy-bull-2x-shares-nvidia-corp,1.0
7bc739bdb1763107,2020-05-28T00:00:00Z,news,Zacks,Zacks Earnings Trends Highlights: JPMorgan and Disney,http://www.zacks.com/stock/news/950117/zacks-earnings-trends-highlights-jpmorgan-and-disney?cid=CS-BENZ-FT-press_releases-950117,1.0
96f58af3a25d3884,2020-05-28T00:00:00Z,news,GuruFocus,EPAM Honored as a Recipient of the 2020 Microsoft Health Innovation Award,http://www.gurufocus.com/news/1149744/epam-honored-as-a-recipient-of-the-2020-microsoft-health-innovation-award,1.0
e95a2dce600f0872,2020-05-28T00:00:00Z,news,Zacks,"Forget Oil Prices, It's Time to Buy ExxonMobil and Chevron",http://www.zacks.com/stock/news/949231/forget-oil-prices-its-time-to-buy-exxonmobil-and-chevron?cid=CS-BENZ-FT-analyst_blog|investment_ideas-949231,1.0
4d45ab9b03f7649d,2020-05-28T00:00:00Z,news,Zacks,"The Zacks Analyst Blog Highlights: JPMorgan, American Express, Boeing and Virgin Galactic",http://www.zacks.com/stock/news/950067/the-zacks-analyst-blog-highlights-jpmorgan-american-express-boeing-and-virgin-galactic?cid=CS-BENZ-FT-press_releases-950067,1.0
da1dacdd6fa1c1ee,2020-05-28T00:00:00Z,news,Zacks,"The Zacks Analyst Blog Highlights: Apple, Exxon Mobil, Cisco System and Chevron",http://www.zacks.com/stock/news/950055/the-zacks-analyst-blog-highlights-apple-exxon-mobil-cisco-system-and-chevron?cid=CS-BENZ-FT-press_releases-950055,1.0
3fcf3391905cfe5b,2020-05-28T00:00:00Z,news,TalkMarkets,Disney downgraded to Underperform from In-Line at Imperial Capital,https://talkmarkets.com/content/disney-downgraded-to-underperform-from-in-line-at-imperial-capital?post=263570,1.0
d5ae1f165b9b2a52,2020-05-28T00:00:00Z,news,Zacks,"Zacks.com featured highlights include: TakeTwo Interactive Software, Gilead Sciences and Regeneron Pharmaceuticals",http://www.zacks.com/stock/news/950074/zackscom-featured-highlights-include-taketwo-interactive-software-gilead-sciences-and-regeneron-pharmaceuticals?cid=CS-BENZ-FT-press_releases-950074,1.0
de5d05ef82dbc0dc,2020-05-28T00:00:00Z,news,GuruFocus,"HP, Valve, and Microsoft Removing Distance Barriers with Next-Gen Virtual Reality Headset",http://www.gurufocus.com/news/1149858/hp-valve-and-microsoft-removing-distance-barriers-with-nextgen-virtual-reality-headset,1.0
821a6ae24d985806,2020-05-28T00:00:00Z,news,GuruFocus,"Poly Introduces Room Solutions for Microsoft Teams Rooms to Deliver Smart, Simple and ...",http://www.gurufocus.com/news/1149754/poly-introduces-room-solutions-for-microsoft-teams-rooms-to-deliver-smart-simple-and-consistent-collaboration,1.0
b0f1bdf9df470b64,2020-05-28T00:00:00Z,news,Zacks,Gilead Inks 10-Year Deal With Arcus for Immuno-oncology Drugs,http://www.zacks.com/stock/news/949866/gilead-inks-10-year-deal-with-arcus-for-immuno-oncology-drugs?cid=CS-BENZ-FT-analyst_blog|company_news_-_medical_sector-949866,1.0
3dc7d5d4c9b26525,2020-05-28T00:00:00Z,news,Zacks,"Boeing Up on Layoff Decision, Resumption of 737 Production",http://www.zacks.com/stock/news/949288/boeing-up-on-layoff-decision-resumption-of-737-production?cid=CS-BENZ-FT-analyst_blog|company_news_-_corporate_actions-949288,1.0
dd98444a9a9eb974,2020-05-28T00:00:00Z,news,Zacks,Facebook (FB) Dips More Than Broader Markets: What You Should Know,http://www.zacks.com/stock/news/950538/facebook-fb-dips-more-than-broader-markets-what-you-should-know?cid=CS-BENZ-FT-tale_of_the_tape|yseop_template_6-950538,1.0
9d6114aae7375b42,2020-05-29T00:00:00Z,news,GuruFocus,"Michael Burry's Firm Axes Alphabet, Buys 5 Stocks in the –st Quarter",http://www.gurufocus.com/news/1151574/michael-burrys-firm-axes-alphabet-buys-5-stocks-in-the-1st-quarter,1.0
bbce1386ebb2266d,2020-05-29T00:00:00Z,news,GuruFocus,Gilead Continues to Build Cancer Franchise,http://www.gurufocus.com/news/1151603/gilead-continues-to-build-cancer-franchise,1.0
6f3a1927d5db7af7,2020-05-29T00:00:00Z,news,TalkMarkets,Technical Stock Chart Analysis: Alphabet (GOOGL),https://talkmarkets.com/content/technical-stock-chart-analysis-alphabet-googl?post=263769,1.0
d3c83bc072164842,2020-05-29T00:00:00Z,news,TalkMarkets,Italy: 1Q GDP revised down to -5.3%,https://talkmarkets.com/content/italy-1q-gdp-revised-down-to-53?post=263760,1.0
c5ca7e1ee8703205,2020-05-30T00:00:00Z,news,TalkMarkets,"US Dollar, Nasdaq, Chinese Yuan React to Trump-China Presser",https://talkmarkets.com/content/us-dollar-nasdaq-chinese-yuan-react-to-trump-china-presser?post=263856,1.0
21dc50ed593a9481,2020-05-30T00:00:00Z,news,TalkMarkets,"A Confused Goldman No Longer Expects S&P To Drop To 2,400 But Sees No Market Upside Either",https://talkmarkets.com/content/a-confused-goldman-no-longer-expects-sp-to-drop-to-2400-but-sees-no-market-upside-either?post=263854,1.0
e8edc1365a794f94,2020-05-31T00:00:00Z,news,TalkMarkets,Stanphyl Capital: Tesla Is A Busted Growth Story,https://talkmarkets.com/content/stanphyl-capital-tesla-is-a-busted-growth-story?post=263868,1.0
6cf1e939896f4eba,2020-05-31T00:00:00Z,news,TalkMarkets,"Markets Week Ahead: AUD, CAD, GBP, Brexit Talks, Dow Jones, USD, NFPs",https://talkmarkets.com/content/markets-week-ahead-aud-cad-gbp-brexit-talks-dow-jones-usd-nfps?post=263895,1.0
c2248f507ad2815a,2020-05-31T00:00:00Z,news,TalkMarkets,"Apple CEO Writes To Employees About George Floyd Death, Urges For 'Better, More Just World For Everyone'",https://talkmarkets.com/content/apple-ceo-writes-to-employees-about-george-floyd-death-urges-for-better-more-just-world-for-everyone?post=263952,1.0
a22ac2fddb06f092,2020-06-01T00:00:00Z,news,TalkMarkets,OPEC+ Plans Earlier Meeting,https://talkmarkets.com/content/opec-plans-earlier-meeting?post=263971,1.0
3d5be79d3b32187b,2020-06-01T00:00:00Z,news,TalkMarkets,Gilead Falls After Phase 3 Remdesivir 10-Day Trial Failed To Reach Significance,https://talkmarkets.com/content/gilead-falls-after-phase-3-remdesivir-10-day-trial-failed-to-reach-significance?post=263990,1.0
270d68c69d24554a,2020-06-01T00:00:00Z,news,GuruFocus,Delisting of Akazoo S.A. from The Nasdaq Stock Market,http://www.gurufocus.com/news/1153173/delisting-of-akazoo-sa-fromthenasdaq-stock-market,1.0
8dcebdf493f3c400,2020-06-01T00:00:00Z,news,GuruFocus,Cedar Fair to Participate June —nd in the Goldman Sachs 2020 Travel and Leisure ...,http://www.gurufocus.com/news/1153067/cedar-fair-to-participate-june-2nd-in-the-goldman-sachs-2020-travel-and-leisure-conference-audio-webcast-available-,1.0
40d4916c33fded2f,2020-06-02T00:00:00Z,news,TalkMarkets,JPMorgan Ups RH Target To $270 From $135 After 'Bullish' CEO Letter,https://talkmarkets.com/content/jpmorgan-ups-rh-target-to-270-from-135-after-bullish-ceo-letter?post=264144,1.0
3adf980b55907894,2020-06-02T00:00:00Z,news,GuruFocus,Bank of America Announces $1 Billion/4-Year Commitment to Support Economic Opportunity Initiatives,http://www.gurufocus.com/news/1153452/bank-of-america-announces-1-billion4year-commitment-to-support-economic-opportunity-initiatives,1.0
67fbcf79a7f6f863,2020-06-02T00:00:00Z,news,TalkMarkets,OPEC Output Declines,https://talkmarkets.com/content/opec-output-declines?post=264125,1.0
94934bd41bb09da2,2020-06-02T00:00:00Z,news,GuruFocus,Bank of America Announces 2021 Quarterly Financial Reporting Dates,http://www.gurufocus.com/news/1154114/bank-of-america-announces-2021-quarterly-financial-reporting-dates,1.0
274a037e1f4e7059,2020-06-03T00:00:00Z,news,Investor's Business Daily,"ServiceNow Stock Flourishes Under New CEO, Touts Disney As New Customer",http://www.investors.com/research/ibd-stock-of-the-day/servicenow-stock-flourishes-under-new-ceo-touts-disney-as-new-customer/?src=A00237A&ven=BenzingaCP&src=AURLAAM,1.0
3a256b8bf8fc3116,2020-06-03T00:00:00Z,news,TalkMarkets,"Risk Rally Pauses For Breath, ECB In Focus",https://talkmarkets.com/content/risk-rally-pauses-for-breath-ecb-in-focus?post=264340,1.0
8d47f7b01db9ff2d,2020-06-03T00:00:00Z,news,TalkMarkets,OPEC+ Set To Meet Again,https://talkmarkets.com/content/opec-set-to-meet-again?post=264241,1.0
2c41917d7f9089e5,2020-06-03T00:00:00Z,news,GuruFocus,Voya Financial to Present on J.P. Morgan Life Insurance CIO Call,http://www.gurufocus.com/news/1155056/voya-financial-to-present-on-jp-morgan-life-insurance-cio-call,1.0
da8fe94a40da18d6,2020-06-03T00:00:00Z,news,GuruFocus,Walmart Announces 2020 Formal Business and Annual Shareholders' Meeting Voting Results,http://www.gurufocus.com/news/1154770/walmart-announces-2020-formal-business-and-annual-shareholders-meeting-voting-results,1.0
73f29df79cc85f06,2020-06-03T00:00:00Z,news,GuruFocus,Expeditors International Of Washington Inc (EXPD) Senior VP - CFO Bradley S Powell Sold $1. ...,http://www.gurufocus.com/news/1154931/expeditors-international-of-washington-inc-expd-senior-vp--cfo-bradley-s-powell-sold-14-million-of-shares,1.0
2b76a21f3aab187b,2020-06-03T00:00:00Z,news,TalkMarkets,"Gilead Analyst: Coronavirus Drug, Arcus Collaboration Make Biopharma A Buy",https://talkmarkets.com/content/gilead-analyst-coronavirus-drug-arcus-collaboration-make-biopharma-a-buy?post=264289,1.0
c42067336d4a523e,2020-06-04T00:00:00Z,news,TalkMarkets,S&P 500 ETFs: May Update,https://talkmarkets.com/content/sp-500-etfs-may-update?post=264465,1.0
1f47afe4835340a0,2020-06-04T00:00:00Z,news,Zacks,S&P 500 Records Historically High 50-Day Rally: 5 Top Picks,http://www.zacks.com/stock/news/962741/sp-500-records-historically-high-50-day-rally-5-top-picks?cid=CS-BENZ-FT-analyst_blog|investment_ideas-962741,1.0
833f09078b4837cf,2020-06-04T00:00:00Z,news,TalkMarkets,Is NIO Stock Finally A Buy?! (Analysis Vs Tesla Stock 2020),https://talkmarkets.com/content/is-nio-stock-finally-a-buy-analysis-vs-tesla-stock-2020?post=264324,1.0
b33b587027d14dcb,2020-06-04T00:00:00Z,news,TalkMarkets,"Stocks Will Try To Climb On June 4, As The ECB Increases QE",https://talkmarkets.com/content/stocks-will-try-to-climb-on-june-4-as-the-ecb-increases-qe?post=264413,1.0
