date,ticker,close
2019-07-01,AAPL,48.1697
2019-07-02,AAPL,48.4517
2019-07-03,AAPL,48.8532
2019-07-05,AAPL,48.8102
2019-07-08,AAPL,47.804
2019-07-09,AAPL,48.0956
2019-07-10,AAPL,48.5712
2019-07-11,AAPL,48.2175
2019-07-12,AAPL,48.5879
2019-07-15,AAPL,49.0444
2019-07-16,AAPL,48.8747
2019-07-17,AAPL,48.5999
2019-07-18,AAPL,49.152
2019-07-19,AAPL,48.4182
2019-07-22,AAPL,49.5248
2019-07-23,AAPL,49.9119
2019-07-24,AAPL,49.8713
2019-07-25,AAPL,49.477
2019-07-26,AAPL,49.6491
2019-07-29,AAPL,50.1127
2019-07-30,AAPL,49.8976
2019-07-31,AAPL,50.9157
2019-08-01,AAPL,49.8139
2019-08-02,AAPL,48.76
2019-08-05,AAPL,46.2075
2019-08-06,AAPL,47.0822
2019-08-07,AAPL,47.5698
2019-08-08,AAPL,48.619
2019-08-09,AAPL,48.2183
2019-08-12,AAPL,48.096
2019-08-13,AAPL,50.1328
2019-08-14,AAPL,48.6406
2019-08-15,AAPL,48.3983
2019-08-16,AAPL,49.5402
2019-08-19,AAPL,50.4638
2019-08-20,AAPL,50.4662
2019-08-21,AAPL,51.0132
2019-08-22,AAPL,50.97
2019-08-23,AAPL,48.6142
2019-08-26,AAPL,49.5378
2019-08-27,AAPL,48.9788
2019-08-28,AAPL,49.3075
2019-08-29,AAPL,50.1424
2019-08-30,AAPL,50.0776
2019-09-03,AAPL,49.3483
2019-09-04,AAPL,50.1856
2019-09-05,AAPL,51.1668
2019-09-06,AAPL,51.162
2019-09-09,AAPL,51.3803
2019-09-10,AAPL,51.9872
2019-09-11,AAPL,53.6402
2019-09-12,AAPL,53.5202
2019-09-13,AAPL,52.479
2019-09-16,AAPL,52.7549
2019-09-17,AAPL,52.9468
2019-09-18,AAPL,53.4434
2019-09-19,AAPL,53.0092
2019-09-20,AAPL,52.2343
2019-09-23,AAPL,52.4718
2019-09-24,AAPL,52.2223
2019-09-25,AAPL,53.026
2019-09-26,AAPL,52.7525
2019-09-27,AAPL,52.4958
2019-09-30,AAPL,53.7313
2019-10-01,AAPL,53.8801
2019-10-02,AAPL,52.5294
2019-10-03,AAPL,52.9756
2019-10-04,AAPL,54.4607
2019-10-07,AAPL,54.4726
2019-10-08,AAPL,53.8345
2019-10-09,AAPL,54.4654
2019-10-10,AAPL,55.1996
2019-10-11,AAPL,56.6678
2019-10-14,AAPL,56.5862
2019-10-15,AAPL,56.4542
2019-10-16,AAPL,56.2263
2019-10-17,AAPL,56.4447
2019-10-18,AAPL,56.7157
2019-10-21,AAPL,57.6993
2019-10-22,AAPL,57.5674
2019-10-23,AAPL,58.3399
2019-10-24,AAPL,58.4359
2019-10-25,AAPL,59.1556
2019-10-28,AAPL,59.7481
2019-10-29,AAPL,58.3663
2019-10-30,AAPL,58.3591
2019-10-31,AAPL,59.6786
2019-11-01,AAPL,61.3723
2019-11-04,AAPL,61.7753
2019-11-05,AAPL,61.6866
2019-11-06,AAPL,61.7129
2019-11-07,AAPL,62.4252
2019-11-08,AAPL,62.596
2019-11-11,AAPL,63.0917
2019-11-12,AAPL,63.034
2019-11-13,AAPL,63.6379
2019-11-14,AAPL,63.1976
2019-11-15,AAPL,63.9483
2019-11-18,AAPL,64.2708
2019-11-19,AAPL,64.0759
2019-11-20,AAPL,63.33
2019-11-21,AAPL,63.046
2019-11-22,AAPL,62.9907
2019-11-25,AAPL,64.0951
2019-11-26,AAPL,63.5946
2019-11-27,AAPL,64.4488
2019-11-29,AAPL,64.3069
2019-12-02,AAPL,63.5633
2019-12-03,AAPL,62.43
2019-12-04,AAPL,62.981
2019-12-05,AAPL,63.905
2019-12-06,AAPL,65.1394
2019-12-09,AAPL,64.2275
2019-12-10,AAPL,64.6028
2019-12-11,AAPL,65.1539
2019-12-12,AAPL,65.3199
2019-12-13,AAPL,66.2078
2019-12-16,AAPL,67.3411
2019-12-17,AAPL,67.4735
2019-12-18,AAPL,67.3123
2019-12-19,AAPL,67.3797
2019-12-20,AAPL,67.2401
2019-12-23,AAPL,68.3373
2019-12-24,AAPL,68.4023
2019-12-26,AAPL,69.7594
2019-12-27,AAPL,69.7329
2019-12-30,AAPL,70.1468
2019-12-31,AAPL,70.6594
2020-01-02,AAPL,72.2715
2020-01-03,AAPL,71.5689
2020-01-06,AAPL,72.1392
2020-01-07,AAPL,71.7999
2020-01-08,AAPL,72.9549
2020-01-09,AAPL,74.5045
2020-01-10,AAPL,74.673
2020-01-13,AAPL,76.2683
2020-01-14,AAPL,75.2384
2020-01-15,AAPL,74.916
2020-01-16,AAPL,75.8544
2020-01-17,AAPL,76.6942
2020-01-21,AAPL,76.1745
2020-01-22,AAPL,76.4464
2020-01-23,AAPL,76.8145
2020-01-24,AAPL,76.5931
2020-01-27,AAPL,74.3409
2020-01-28,AAPL,76.444
2020-01-29,AAPL,78.0441
2020-01-30,AAPL,77.931
2020-01-31,AAPL,74.4757
2020-02-03,AAPL,74.2711
2020-02-04,AAPL,76.7231
2020-02-05,AAPL,77.3487
2020-02-06,AAPL,78.2535
2020-02-07,AAPL,77.1898
2020-02-10,AAPL,77.5564
2020-02-11,AAPL,77.0885
2020-02-12,AAPL,78.9192
2020-02-13,AAPL,78.3572
2020-02-14,AAPL,78.3765
2020-02-18,AAPL,76.9414
2020-02-19,AAPL,78.0557
2020-02-20,AAPL,77.2549
2020-02-21,AAPL,75.5063
2020-02-24,AAPL,71.9197
2020-02-25,AAPL,69.4836
2020-02-26,AAPL,70.5859
2020-02-27,AAPL,65.9718
2020-02-28,AAPL,65.9332
2020-03-02,AAPL,72.0716
2020-03-03,AAPL,69.7827
2020-03-04,AAPL,73.0195
2020-03-05,AAPL,70.651
2020-03-06,AAPL,69.7127
2020-03-09,AAPL,64.199
2020-03-10,AAPL,68.8227
2020-03-11,AAPL,66.4325
2020-03-12,AAPL,59.872
2020-03-13,AAPL,67.0451
2020-03-16,AAPL,58.42
2020-03-17,AAPL,60.9887
2020-03-18,AAPL,59.4957
2020-03-19,AAPL,59.0398
2020-03-20,AAPL,55.2917
2020-03-23,AAPL,54.117
2020-03-24,AAPL,59.5463
2020-03-25,AAPL,59.2183
2020-03-26,AAPL,62.3346
2020-03-27,AAPL,59.7538
2020-03-30,AAPL,61.459
2020-03-31,AAPL,61.3336
2020-04-01,AAPL,58.1064
2020-04-02,AAPL,59.076
2020-04-03,AAPL,58.227
2020-04-06,AAPL,63.3066
2020-04-07,AAPL,62.5733
2020-04-08,AAPL,64.1749
2020-04-09,AAPL,64.638
2020-04-13,AAPL,65.9067
2020-04-14,AAPL,69.2352
2020-04-15,AAPL,68.6032
2020-04-16,AAPL,69.1483
2020-04-17,AAPL,68.2101
2020-04-20,AAPL,66.7943
2020-04-21,AAPL,64.7296
2020-04-22,AAPL,66.5941
2020-04-23,AAPL,66.336
2020-04-24,AAPL,68.2511
2020-04-27,AAPL,68.2993
2020-04-28,AAPL,67.1922
2020-04-29,AAPL,69.3992
2020-04-30,AAPL,70.8632
2020-05-01,AAPL,69.7224
2020-05-04,AAPL,70.7089
2020-05-05,AAPL,71.7701
2020-05-06,AAPL,72.5106
2020-05-07,AAPL,73.2607
2020-05-08,AAPL,75.0044
2020-05-11,AAPL,76.1847
2020-05-12,AAPL,75.314
2020-05-13,AAPL,74.4047
2020-05-14,AAPL,74.8618
2020-05-15,AAPL,74.4192
2020-05-18,AAPL,76.1726
2020-05-19,AAPL,75.7324
2020-05-20,AAPL,77.2053
2020-05-21,AAPL,76.6297
2020-05-22,AAPL,77.123
2020-05-26,AAPL,76.6007
2020-05-27,AAPL,76.9344
2020-05-28,AAPL,76.9682
2020-05-29,AAPL,76.8933
2020-06-01,AAPL,77.8389
2020-06-02,AAPL,78.1993
2020-06-03,AAPL,78.6297
2020-06-04,AAPL,77.9526
2020-06-05,AAPL,80.1727
2020-06-08,AAPL,80.6468
2020-06-09,AAPL,83.1934
2020-06-10,AAPL,85.3338
2020-06-11,AAPL,81.2369
2020-06-12,AAPL,81.9382
2020-06-15,AAPL,82.9516
2020-06-16,AAPL,85.15
2020-06-17,AAPL,85.0315
2020-06-18,AAPL,85.0653
2020-06-19,AAPL,84.5792
2020-06-22,AAPL,86.7921
2020-06-23,AAPL,88.6447
2020-06-24,AAPL,87.0799
2020-06-25,AAPL,88.236
2020-06-26,AAPL,85.5249
2020-06-29,AAPL,87.4959
2020-06-30,AAPL,88.2263
2020-07-01,AAPL,88.0594
2020-07-02,AAPL,88.0594
2020-07-06,AAPL,90.4151
2020-07-07,AAPL,90.1345
2020-07-08,AAPL,92.2337
2020-07-09,AAPL,92.6303
2020-07-10,AAPL,92.7924
2020-07-13,AAPL,92.3643
2020-07-14,AAPL,93.8928
2020-07-15,AAPL,94.5385
2020-07-16,AAPL,93.3753
2020-07-17,AAPL,93.1866
2020-07-20,AAPL,95.1504
2020-07-21,AAPL,93.8372
2020-07-22,AAPL,94.1008
2020-07-23,AAPL,89.8176
2020-07-24,AAPL,89.5952
2020-07-27,AAPL,91.7186
2020-07-28,AAPL,90.2119
2020-07-29,AAPL,91.9411
2020-07-30,AAPL,93.0536
2020-07-31,AAPL,102.7952
2019-07-01,AMZN,96.1095
2019-07-02,AMZN,96.7155
2019-07-03,AMZN,96.95
2019-07-05,AMZN,97.1455
2019-07-08,AMZN,97.616
2019-07-09,AMZN,99.415
2019-07-10,AMZN,100.8705
2019-07-11,AMZN,100.0535
2019-07-12,AMZN,100.55
2019-07-15,AMZN,101.0495
2019-07-16,AMZN,100.495
2019-07-17,AMZN,99.6015
2019-07-18,AMZN,98.895
2019-07-19,AMZN,98.226
2019-07-22,AMZN,99.2815
2019-07-23,AMZN,99.7245
2019-07-24,AMZN,100.0405
2019-07-25,AMZN,98.691
2019-07-26,AMZN,97.1525
2019-07-29,AMZN,95.6225
2019-07-30,AMZN,94.9265
2019-07-31,AMZN,93.339
2019-08-01,AMZN,92.766
2019-08-02,AMZN,91.162
2019-08-05,AMZN,88.2565
2019-08-06,AMZN,89.3915
2019-08-07,AMZN,89.67
2019-08-08,AMZN,91.6445
2019-08-09,AMZN,90.379
2019-08-12,AMZN,89.246
2019-08-13,AMZN,91.217
2019-08-14,AMZN,88.148
2019-08-15,AMZN,88.806
2019-08-16,AMZN,89.6285
2019-08-19,AMZN,90.806
2019-08-20,AMZN,90.069
2019-08-21,AMZN,91.177
2019-08-22,AMZN,90.233
2019-08-23,AMZN,87.481
2019-08-26,AMZN,88.4435
2019-08-27,AMZN,88.0915
2019-08-28,AMZN,88.2125
2019-08-29,AMZN,89.32
2019-08-30,AMZN,88.8145
2019-09-03,AMZN,89.492
2019-09-04,AMZN,90.031
2019-09-05,AMZN,92.036
2019-09-06,AMZN,91.6755
2019-09-09,AMZN,91.5675
2019-09-10,AMZN,91.0275
2019-09-11,AMZN,91.1495
2019-09-12,AMZN,92.1775
2019-09-13,AMZN,91.967
2019-09-16,AMZN,90.392
2019-09-17,AMZN,91.1275
2019-09-18,AMZN,90.873
2019-09-19,AMZN,91.075
2019-09-20,AMZN,89.708
2019-09-23,AMZN,89.265
2019-09-24,AMZN,87.0805
2019-09-25,AMZN,88.4165
2019-09-26,AMZN,86.992
2019-09-27,AMZN,86.2725
2019-09-30,AMZN,86.7955
2019-10-01,AMZN,86.7825
2019-10-02,AMZN,85.6615
2019-10-03,AMZN,86.221
2019-10-04,AMZN,86.9825
2019-10-07,AMZN,86.633
2019-10-08,AMZN,85.2755
2019-10-09,AMZN,86.0995
2019-10-10,AMZN,86.013
2019-10-11,AMZN,86.596
2019-10-14,AMZN,86.8215
2019-10-15,AMZN,88.369
2019-10-16,AMZN,88.8715
2019-10-17,AMZN,89.374
2019-10-18,AMZN,87.8755
2019-10-21,AMZN,89.283
2019-10-22,AMZN,88.2865
2019-10-23,AMZN,88.1085
2019-10-24,AMZN,89.039
2019-10-25,AMZN,88.0665
2019-10-28,AMZN,88.854
2019-10-29,AMZN,88.1355
2019-10-30,AMZN,88.9995
2019-10-31,AMZN,88.833
2019-11-01,AMZN,89.572
2019-11-04,AMZN,90.233
2019-11-05,AMZN,90.0855
2019-11-06,AMZN,89.7885
2019-11-07,AMZN,89.41
2019-11-08,AMZN,89.294
2019-11-11,AMZN,88.5825
2019-11-12,AMZN,88.9
2019-11-13,AMZN,87.6555
2019-11-14,AMZN,87.73
2019-11-15,AMZN,86.9745
2019-11-18,AMZN,87.6265
2019-11-19,AMZN,87.6395
2019-11-20,AMZN,87.2765
2019-11-21,AMZN,86.7355
2019-11-22,AMZN,87.286
2019-11-25,AMZN,88.692
2019-11-26,AMZN,89.847
2019-11-27,AMZN,90.9255
2019-11-29,AMZN,90.04
2019-12-02,AMZN,89.08
2019-12-03,AMZN,88.498
2019-12-04,AMZN,88.0345
2019-12-05,AMZN,87.024
2019-12-06,AMZN,87.58
2019-12-09,AMZN,87.4755
2019-12-10,AMZN,86.9605
2019-12-11,AMZN,87.436
2019-12-12,AMZN,88.0165
2019-12-13,AMZN,88.047
2019-12-16,AMZN,88.4605
2019-12-17,AMZN,89.533
2019-12-18,AMZN,89.2015
2019-12-19,AMZN,89.614
2019-12-20,AMZN,89.325
2019-12-23,AMZN,89.65
2019-12-24,AMZN,89.4605
2019-12-26,AMZN,93.4385
2019-12-27,AMZN,93.49
2019-12-30,AMZN,92.3445
2019-12-31,AMZN,92.392
2020-01-02,AMZN,94.9005
2020-01-03,AMZN,93.7485
2020-01-06,AMZN,95.144
2020-01-07,AMZN,95.343
2020-01-08,AMZN,94.5985
2020-01-09,AMZN,95.0525
2020-01-10,AMZN,94.158
2020-01-13,AMZN,94.565
2020-01-14,AMZN,93.472
2020-01-15,AMZN,93.101
2020-01-16,AMZN,93.897
2020-01-17,AMZN,93.236
2020-01-21,AMZN,94.6
2020-01-22,AMZN,94.373
2020-01-23,AMZN,94.229
2020-01-24,AMZN,93.082
2020-01-27,AMZN,91.417
2020-01-28,AMZN,92.6625
2020-01-29,AMZN,92.9
2020-01-30,AMZN,93.534
2020-01-31,AMZN,100.436
2020-02-03,AMZN,100.21
2020-02-04,AMZN,102.4835
2020-02-05,AMZN,101.9935
2020-02-06,AMZN,102.5115
2020-02-07,AMZN,103.964
2020-02-10,AMZN,106.6955
2020-02-11,AMZN,107.54
2020-02-12,AMZN,108.0
2020-02-13,AMZN,107.4935
2020-02-14,AMZN,106.7435
2020-02-18,AMZN,107.7835
2020-02-19,AMZN,108.511
2020-02-20,AMZN,107.655
2020-02-21,AMZN,104.7985
2020-02-24,AMZN,100.4645
2020-02-25,AMZN,98.637
2020-02-26,AMZN,98.9795
2020-02-27,AMZN,94.215
2020-02-28,AMZN,94.1875
2020-03-02,AMZN,97.6975
2020-03-03,AMZN,95.4495
2020-03-04,AMZN,98.7915
2020-03-05,AMZN,96.2015
2020-03-06,AMZN,95.0545
2020-03-09,AMZN,90.0305
2020-03-10,AMZN,94.591
2020-03-11,AMZN,91.043
2020-03-12,AMZN,83.8305
2020-03-13,AMZN,89.25
2020-03-16,AMZN,84.4575
2020-03-17,AMZN,90.392
2020-03-18,AMZN,91.5
2020-03-19,AMZN,94.0465
2020-03-20,AMZN,92.3045
2020-03-23,AMZN,95.1415
2020-03-24,AMZN,97.005
2020-03-25,AMZN,94.292
2020-03-26,AMZN,97.7745
2020-03-27,AMZN,95.005
2020-03-30,AMZN,98.1975
2020-03-31,AMZN,97.486
2020-04-01,AMZN,95.385
2020-04-02,AMZN,95.9415
2020-04-03,AMZN,95.3295
2020-04-06,AMZN,99.8795
2020-04-07,AMZN,100.58
2020-04-08,AMZN,102.15
2020-04-09,AMZN,102.138
2020-04-13,AMZN,108.4435
2020-04-14,AMZN,114.166
2020-04-15,AMZN,115.384
2020-04-16,AMZN,120.4095
2020-04-17,AMZN,118.75
2020-04-20,AMZN,119.6805
2020-04-21,AMZN,116.406
2020-04-22,AMZN,118.1745
2020-04-23,AMZN,119.9725
2020-04-24,AMZN,120.511
2020-04-27,AMZN,118.8
2020-04-28,AMZN,115.704
2020-04-29,AMZN,118.6355
2020-04-30,AMZN,123.7
2020-05-01,AMZN,114.302
2020-05-04,AMZN,115.7995
2020-05-05,AMZN,115.89
2020-05-06,AMZN,117.563
2020-05-07,AMZN,118.3805
2020-05-08,AMZN,118.9805
2020-05-11,AMZN,120.45
2020-05-12,AMZN,117.8475
2020-05-13,AMZN,118.396
2020-05-14,AMZN,119.4425
2020-05-15,AMZN,120.489
2020-05-18,AMZN,121.313
2020-05-19,AMZN,122.4665
2020-05-20,AMZN,124.897
2020-05-21,AMZN,122.337
2020-05-22,AMZN,121.844
2020-05-26,AMZN,121.093
2020-05-27,AMZN,120.5195
2020-05-28,AMZN,120.055
2020-05-29,AMZN,122.1185
2020-06-01,AMZN,123.552
2020-06-02,AMZN,123.6205
2020-06-03,AMZN,123.92
2020-06-04,AMZN,123.03
2020-06-05,AMZN,124.15
2020-06-08,AMZN,126.203
2020-06-09,AMZN,130.043
2020-06-10,AMZN,132.3725
2020-06-11,AMZN,127.898
2020-06-12,AMZN,127.251
2020-06-15,AMZN,128.634
2020-06-16,AMZN,130.7635
2020-06-17,AMZN,132.049
2020-06-18,AMZN,132.699
2020-06-19,AMZN,133.7505
2020-06-22,AMZN,135.691
2020-06-23,AMZN,138.2205
2020-06-24,AMZN,136.72
2020-06-25,AMZN,137.729
2020-06-26,AMZN,134.6435
2020-06-29,AMZN,134.019
2020-06-30,AMZN,137.941
2020-07-01,AMZN,143.935
2020-07-02,AMZN,144.515
2020-07-06,AMZN,152.852
2020-07-07,AMZN,150.006
2020-07-08,AMZN,154.0555
2020-07-09,AMZN,159.1315
2020-07-10,AMZN,160.0
2020-07-13,AMZN,155.2
2020-07-14,AMZN,154.2
2020-07-15,AMZN,150.4435
2020-07-16,AMZN,149.995
2020-07-17,AMZN,148.0985
2020-07-20,AMZN,159.842
2020-07-21,AMZN,156.9145
2020-07-22,AMZN,154.9955
2020-07-23,AMZN,149.3275
2020-07-24,AMZN,150.4455
2020-07-27,AMZN,152.7605
2020-07-28,AMZN,150.0165
2020-07-29,AMZN,151.6765
2020-07-30,AMZN,152.594
2020-07-31,AMZN,158.234
2019-07-01,BA,350.1111
2019-07-02,BA,347.8521
2019-07-03,BA,348.1565
2019-07-05,BA,349.5217
2019-07-08,BA,344.8662
2019-07-09,BA,346.8011
2019-07-10,BA,346.0251
2019-07-11,BA,352.6058
2019-07-12,BA,358.8231
2019-07-15,BA,355.1693
2019-07-16,BA,356.289
2019-07-17,BA,362.9385
2019-07-18,BA,354.6782
2019-07-19,BA,370.6388
2019-07-22,BA,366.769
2019-07-23,BA,366.4252
2019-07-24,BA,354.9926
2019-07-25,BA,341.8901
2019-07-26,BA,338.8552
2019-07-29,BA,334.1505
2019-07-30,BA,341.2714
2019-07-31,BA,335.1032
2019-08-01,BA,328.336
2019-08-02,BA,333.5121
2019-08-05,BA,325.1635
2019-08-06,BA,326.5287
2019-08-07,BA,325.4778
2019-08-08,BA,332.4207
2019-08-09,BA,333.6067
2019-08-12,BA,329.0505
2019-08-13,BA,328.9715
2019-08-14,BA,316.6768
2019-08-15,BA,324.1682
2019-08-16,BA,326.5897
2019-08-19,BA,329.8807
2019-08-20,BA,327.8745
2019-08-21,BA,336.0182
2019-08-22,BA,350.2697
2019-08-23,BA,351.851
2019-08-26,BA,354.8456
2019-08-27,BA,350.586
2019-08-28,BA,355.7648
2019-08-29,BA,358.5024
2019-08-30,BA,359.8366
2019-09-03,BA,350.2796
2019-09-04,BA,352.365
2019-09-05,BA,356.0909
2019-09-06,BA,358.7594
2019-09-09,BA,354.5887
2019-09-10,BA,365.1735
2019-09-11,BA,378.4664
2019-09-12,BA,371.2418
2019-09-13,BA,375.3236
2019-09-16,BA,374.4242
2019-09-17,BA,379.7117
2019-09-18,BA,381.8959
2019-09-19,BA,379.9489
2019-09-20,BA,374.9579
2019-09-23,BA,372.6255
2019-09-24,BA,377.1915
2019-09-25,BA,381.6884
2019-09-26,BA,382.3703
2019-09-27,BA,378.3874
2019-09-30,BA,376.0253
2019-10-01,BA,370.5599
2019-10-02,BA,363.0684
2019-10-03,BA,367.7234
2019-10-04,BA,371.311
2019-10-07,BA,372.1412
2019-10-08,BA,369.7297
2019-10-09,BA,370.5797
2019-10-10,BA,366.6659
2019-10-11,BA,370.5401
2019-10-14,BA,368.8204
2019-10-15,BA,366.6264
2019-10-16,BA,368.0792
2019-10-17,BA,364.7486
2019-10-18,BA,339.9814
2019-10-21,BA,327.1925
2019-10-22,BA,333.0631
2019-10-23,BA,336.5222
2019-10-24,BA,340.5249
2019-10-25,BA,335.86
2019-10-28,BA,336.8978
2019-10-29,BA,344.8537
2019-10-30,BA,342.0173
2019-10-31,BA,335.9391
2019-11-01,BA,341.1574
2019-11-04,BA,346.9885
2019-11-05,BA,354.1044
2019-11-06,BA,350.0523
2019-11-07,BA,355.1967
2019-11-08,BA,348.924
2019-11-11,BA,364.7896
2019-11-12,BA,360.7337
2019-11-13,BA,360.356
2019-11-14,BA,365.2668
2019-11-15,BA,369.4817
2019-11-18,BA,367.2748
2019-11-19,BA,364.8294
2019-11-20,BA,368.7162
2019-11-21,BA,364.2727
2019-11-22,BA,369.1437
2019-11-25,BA,370.9231
2019-11-26,BA,371.3009
2019-11-27,BA,365.8235
2019-11-29,BA,364.0142
2019-12-02,BA,353.0793
2019-12-03,BA,349.9976
2019-12-04,BA,346.7768
2019-12-05,BA,343.6355
2019-12-06,BA,351.9957
2019-12-09,BA,349.1328
2019-12-10,BA,345.8423
2019-12-11,BA,347.9299
2019-12-12,BA,344.2419
2019-12-13,BA,339.6492
2019-12-16,BA,325.0659
2019-12-17,BA,325.0659
2019-12-18,BA,328.7242
2019-12-19,BA,331.5275
2019-12-20,BA,326.06
2019-12-23,BA,335.5536
2019-12-24,BA,331.0305
2019-12-26,BA,327.9687
2019-12-27,BA,328.1874
2019-12-30,BA,324.4695
2019-12-31,BA,323.8333
2020-01-02,BA,331.3486
2020-01-03,BA,330.7919
2020-01-06,BA,331.7661
2020-01-07,BA,335.2852
2020-01-08,BA,329.4101
2020-01-09,BA,334.3507
2020-01-10,BA,327.9687
2020-01-13,BA,328.2669
2020-01-14,BA,330.3843
2020-01-15,BA,327.8494
2020-01-16,BA,330.0364
2020-01-17,BA,322.2328
2020-01-21,BA,311.5166
2020-01-22,BA,307.1724
2020-01-23,BA,315.9104
2020-01-24,BA,321.1393
2020-01-27,BA,314.7275
2020-01-28,BA,314.6877
2020-01-29,BA,320.1154
2020-01-30,BA,321.3878
2020-01-31,BA,316.3876
2020-02-03,BA,314.131
2020-02-04,BA,316.0595
2020-02-05,BA,327.6009
2020-02-06,BA,339.4106
2020-02-07,BA,334.7583
2020-02-10,BA,342.6315
2020-02-11,BA,342.3829
2020-02-12,BA,345.395
2020-02-13,BA,342.82
2020-02-14,BA,340.49
2020-02-18,BA,338.88
2020-02-19,BA,338.3
2020-02-20,BA,336.28
2020-02-21,BA,330.38
2020-02-24,BA,317.9
2020-02-25,BA,304.14
2020-02-26,BA,305.59
2020-02-27,BA,287.76
2020-02-28,BA,275.11
2020-03-02,BA,289.27
2020-03-03,BA,280.62
2020-03-04,BA,283.12
2020-03-05,BA,260.37
2020-03-06,BA,262.33
2020-03-09,BA,227.17
2020-03-10,BA,231.01
2020-03-11,BA,189.08
2020-03-12,BA,154.84
2020-03-13,BA,170.2
2020-03-16,BA,129.61
2020-03-17,BA,124.14
2020-03-18,BA,101.89
2020-03-19,BA,97.71
2020-03-20,BA,95.01
2020-03-23,BA,105.62
2020-03-24,BA,127.68
2020-03-25,BA,158.73
2020-03-26,BA,180.55
2020-03-27,BA,162.0
2020-03-30,BA,152.28
2020-03-31,BA,149.14
2020-04-01,BA,130.7
2020-04-02,BA,123.27
2020-04-03,BA,124.52
2020-04-06,BA,148.77
2020-04-07,BA,141.58
2020-04-08,BA,146.87
2020-04-09,BA,151.84
2020-04-13,BA,147.33
2020-04-14,BA,141.0
2020-04-15,BA,145.98
2020-04-16,BA,134.24
2020-04-17,BA,154.0
2020-04-20,BA,143.61
2020-04-21,BA,136.33
2020-04-22,BA,134.97
2020-04-23,BA,137.74
2020-04-24,BA,128.98
2020-04-27,BA,128.68
2020-04-28,BA,131.3
2020-04-29,BA,139.0
2020-04-30,BA,141.02
2020-05-01,BA,133.37
2020-05-04,BA,131.46
2020-05-05,BA,125.4
2020-05-06,BA,121.86
2020-05-07,BA,128.65
2020-05-08,BA,133.44
2020-05-11,BA,128.91
2020-05-12,BA,125.22
2020-05-13,BA,121.5
2020-05-14,BA,122.52
2020-05-15,BA,120.0
2020-05-18,BA,135.44
2020-05-19,BA,130.44
2020-05-20,BA,133.32
2020-05-21,BA,139.0
2020-05-22,BA,137.53
2020-05-26,BA,144.73
2020-05-27,BA,149.52
2020-05-28,BA,149.82
2020-05-29,BA,145.85
2020-06-01,BA,151.39
2020-06-02,BA,153.31
2020-06-03,BA,173.16
2020-06-04,BA,184.3
2020-06-05,BA,205.43
2020-06-08,BA,230.5
2020-06-09,BA,216.74
2020-06-10,BA,203.41
2020-06-11,BA,170.0
2020-06-12,BA,189.51
2020-06-15,BA,190.94
2020-06-16,BA,197.77
2020-06-17,BA,192.54
2020-06-18,BA,192.29
2020-06-19,BA,187.02
2020-06-22,BA,188.52
2020-06-23,BA,187.88
2020-06-24,BA,176.69
2020-06-25,BA,174.88
2020-06-26,BA,170.01
2020-06-29,BA,194.49
2020-06-30,BA,183.3
2020-07-01,BA,180.32
2020-07-02,BA,180.81
2020-07-06,BA,187.91
2020-07-07,BA,178.88
2020-07-08,BA,180.08
2020-07-09,BA,173.28
2020-07-10,BA,178.44
2020-07-13,BA,175.65
2020-07-14,BA,179.96
2020-07-15,BA,187.94
2020-07-16,BA,178.7
2020-07-17,BA,175.66
2020-07-20,BA,174.42
2020-07-21,BA,178.63
2020-07-22,BA,179.79
2020-07-23,BA,176.45
2020-07-24,BA,173.76
2020-07-27,BA,170.21
2020-07-28,BA,170.84
2020-07-29,BA,166.01
2020-07-30,BA,161.95
2020-07-31,BA,158.0
2019-07-01,BAC,24.6929
2019-07-02,BAC,24.4662
2019-07-03,BAC,24.3823
2019-07-05,BAC,24.5586
2019-07-08,BAC,24.5082
2019-07-09,BAC,24.6341
2019-07-10,BAC,24.3571
2019-07-11,BAC,24.6425
2019-07-12,BAC,24.718
2019-07-15,BAC,24.525
2019-07-16,BAC,24.332
2019-07-17,BAC,24.4998
2019-07-18,BAC,24.7432
2019-07-19,BAC,24.6761
2019-07-22,BAC,24.8188
2019-07-23,BAC,25.3895
2019-07-24,BAC,25.742
2019-07-25,BAC,25.465
2019-07-26,BAC,25.8259
2019-07-29,BAC,25.6161
2019-07-30,BAC,25.9267
2019-07-31,BAC,25.7504
2019-08-01,BAC,24.7516
2019-08-02,BAC,24.6593
2019-08-05,BAC,23.5682
2019-08-06,BAC,23.8535
2019-08-07,BAC,23.4087
2019-08-08,BAC,23.82
2019-08-09,BAC,23.778
2019-08-12,BAC,23.1989
2019-08-13,BAC,23.266
2019-08-14,BAC,22.1749
2019-08-15,BAC,22.0322
2019-08-16,BAC,22.6869
2019-08-19,BAC,22.8883
2019-08-20,BAC,22.4267
2019-08-21,BAC,22.6029
2019-08-22,BAC,22.8212
2019-08-23,BAC,22.2169
2019-08-26,BAC,22.477
2019-08-27,BAC,22.2169
2019-08-28,BAC,22.5358
2019-08-29,BAC,22.9387
2019-08-30,BAC,23.0898
2019-09-03,BAC,22.7037
2019-09-04,BAC,23.073
2019-09-05,BAC,23.7573
2019-09-06,BAC,23.4278
2019-09-09,BAC,24.1882
2019-09-10,BAC,24.7965
2019-09-11,BAC,24.8894
2019-09-12,BAC,25.0668
2019-09-13,BAC,25.4893
2019-09-16,BAC,25.4555
2019-09-17,BAC,25.2949
2019-09-18,BAC,25.3456
2019-09-19,BAC,25.1935
2019-09-20,BAC,24.9992
2019-09-23,BAC,24.9401
2019-09-24,BAC,24.4501
2019-09-25,BAC,24.712
2019-09-26,BAC,24.6106
2019-09-27,BAC,24.7965
2019-09-30,BAC,24.6444
2019-10-01,BAC,24.0277
2019-10-02,BAC,23.5207
2019-10-03,BAC,23.4954
2019-10-04,BAC,23.9685
2019-10-07,BAC,23.9178
2019-10-08,BAC,23.3433
2019-10-09,BAC,23.563
2019-10-10,BAC,24.0361
2019-10-11,BAC,24.4247
2019-10-14,BAC,24.6191
2019-10-15,BAC,25.1175
2019-10-16,BAC,25.4893
2019-10-17,BAC,25.5653
2019-10-18,BAC,25.6413
2019-10-21,BAC,26.2074
2019-10-22,BAC,26.3595
2019-10-23,BAC,26.5453
2019-10-24,BAC,26.4946
2019-10-25,BAC,26.7988
2019-10-28,BAC,26.9002
2019-10-29,BAC,27.0945
2019-10-30,BAC,26.7143
2019-10-31,BAC,26.4186
2019-11-01,BAC,26.8664
2019-11-04,BAC,27.3733
2019-11-05,BAC,27.7281
2019-11-06,BAC,27.7028
2019-11-07,BAC,28.0745
2019-11-08,BAC,28.0998
2019-11-11,BAC,28.0323
2019-11-12,BAC,27.9562
2019-11-13,BAC,27.7028
2019-11-14,BAC,27.6267
2019-11-15,BAC,27.8211
2019-11-18,BAC,27.8464
2019-11-19,BAC,27.8295
2019-11-20,BAC,27.6183
2019-11-21,BAC,27.745
2019-11-22,BAC,28.0323
2019-11-25,BAC,28.2773
2019-11-26,BAC,28.1759
2019-11-27,BAC,28.235
2019-11-29,BAC,28.1505
2019-12-02,BAC,28.2435
2019-12-03,BAC,27.745
2019-12-04,BAC,28.0069
2019-12-05,BAC,28.1089
2019-12-06,BAC,28.6015
2019-12-09,BAC,28.4656
2019-12-10,BAC,28.4826
2019-12-11,BAC,28.5761
2019-12-12,BAC,29.4595
2019-12-13,BAC,29.2556
2019-12-16,BAC,29.4765
2019-12-17,BAC,29.7653
2019-12-18,BAC,29.8248
2019-12-19,BAC,29.6889
2019-12-20,BAC,29.6974
2019-12-23,BAC,29.8757
2019-12-24,BAC,29.9182
2019-12-26,BAC,30.1731
2019-12-27,BAC,30.0286
2019-12-30,BAC,29.8587
2019-12-31,BAC,29.9182
2020-01-02,BAC,30.275
2020-01-03,BAC,29.6464
2020-01-06,BAC,29.6039
2020-01-07,BAC,29.4085
2020-01-08,BAC,29.7058
2020-01-09,BAC,29.7568
2020-01-10,BAC,29.5105
2020-01-13,BAC,29.7823
2020-01-14,BAC,30.0032
2020-01-15,BAC,29.451
2020-01-16,BAC,29.4935
2020-01-17,BAC,29.485
2020-01-21,BAC,29.1027
2020-01-22,BAC,29.1877
2020-01-23,BAC,28.9838
2020-01-24,BAC,28.4911
2020-01-27,BAC,27.905
2020-01-28,BAC,28.2363
2020-01-29,BAC,28.0409
2020-01-30,BAC,28.4401
2020-01-31,BAC,27.888
2020-02-03,BAC,28.0069
2020-02-04,BAC,28.5591
2020-02-05,BAC,29.485
2020-02-06,BAC,29.451
2020-02-07,BAC,29.4
2020-02-10,BAC,29.468
2020-02-11,BAC,29.536
2020-02-12,BAC,29.6634
2020-02-13,BAC,29.6549
2020-02-14,BAC,29.6039
2020-02-18,BAC,29.1112
2020-02-19,BAC,29.4935
2020-02-20,BAC,29.6039
2020-02-21,BAC,29.1877
2020-02-24,BAC,27.803
2020-02-25,BAC,26.4014
2020-02-26,BAC,26.0192
2020-02-27,BAC,24.745
2020-02-28,BAC,24.2098
2020-03-02,BAC,24.9488
2020-03-03,BAC,23.5727
2020-03-04,BAC,24.1164
2020-03-05,BAC,22.8939
2020-03-06,BAC,21.9791
2020-03-09,BAC,18.7477
2020-03-10,BAC,20.1839
2020-03-11,BAC,19.3803
2020-03-12,BAC,17.5337
2020-03-13,BAC,20.6541
2020-03-16,BAC,17.4739
2020-03-17,BAC,18.7904
2020-03-18,BAC,17.7731
2020-03-19,BAC,18.1236
2020-03-20,BAC,16.8156
2020-03-23,BAC,15.4563
2020-03-24,BAC,17.9783
2020-03-25,BAC,18.0381
2020-03-26,BAC,19.423
2020-03-27,BAC,18.4656
2020-03-30,BAC,18.8417
2020-03-31,BAC,18.1492
2020-04-01,BAC,16.9011
2020-04-02,BAC,17.585
2020-04-03,BAC,17.1234
2020-04-06,BAC,18.286
2020-04-07,BAC,18.9272
2020-04-08,BAC,20.0471
2020-04-09,BAC,21.2525
2020-04-13,BAC,20.4489
2020-04-14,BAC,20.2865
2020-04-15,BAC,18.9699
2020-04-16,BAC,18.3117
2020-04-17,BAC,19.9018
2020-04-20,BAC,19.235
2020-04-21,BAC,18.4997
2020-04-22,BAC,18.6365
2020-04-23,BAC,18.6964
2020-04-24,BAC,18.9614
2020-04-27,BAC,20.0642
2020-04-28,BAC,20.4232
2020-04-29,BAC,21.1841
2020-04-30,BAC,20.56
2020-05-01,BAC,19.7308
2020-05-04,BAC,19.6026
2020-05-05,BAC,19.3717
2020-05-06,BAC,19.1067
2020-05-07,BAC,19.5256
2020-05-08,BAC,20.1497
2020-05-11,BAC,19.3033
2020-05-12,BAC,18.6964
2020-05-13,BAC,17.8415
2020-05-14,BAC,18.5596
2020-05-15,BAC,18.3288
2020-05-18,BAC,19.6026
2020-05-19,BAC,18.987
2020-05-20,BAC,19.5855
2020-05-21,BAC,19.5769
2020-05-22,BAC,19.3717
2020-05-26,BAC,20.7567
2020-05-27,BAC,22.21
2020-05-28,BAC,21.2525
2020-05-29,BAC,20.6199
2020-06-01,BAC,21.0388
2020-06-02,BAC,21.2354
2020-06-03,BAC,22.2185
2020-06-04,BAC,23.0535
2020-06-05,BAC,24.1985
2020-06-08,BAC,24.5686
2020-06-09,BAC,24.2932
2020-06-10,BAC,22.8986
2020-06-11,BAC,20.6001
2020-06-12,BAC,21.3318
2020-06-15,BAC,21.6503
2020-06-16,BAC,22.2099
2020-06-17,BAC,21.5212
2020-06-18,BAC,21.5557
2020-06-19,BAC,21.7364
2020-06-22,BAC,21.1941
2020-06-23,BAC,21.3404
2020-06-24,BAC,20.4968
2020-06-25,BAC,21.2802
2020-06-26,BAC,19.9287
2020-06-29,BAC,20.1353
2020-06-30,BAC,20.4452
2020-07-01,BAC,20.0233
2020-07-02,BAC,20.0492
2020-07-06,BAC,20.3677
2020-07-07,BAC,19.8081
2020-07-08,BAC,19.8856
2020-07-09,BAC,19.6015
2020-07-10,BAC,20.6776
2020-07-13,BAC,20.8239
2020-07-14,BAC,20.7809
2020-07-15,BAC,21.1769
2020-07-16,BAC,20.6001
2020-07-17,BAC,19.9889
2020-07-20,BAC,20.2988
2020-07-21,BAC,21.0219
2020-07-22,BAC,20.9272
2020-07-23,BAC,21.1252
2020-07-24,BAC,20.9617
2020-07-27,BAC,20.7809
2020-07-28,BAC,20.9703
2020-07-29,BAC,21.7537
2020-07-30,BAC,21.3835
2020-07-31,BAC,21.4179
2019-07-01,CVX,91.089
2019-07-02,CVX,89.6953
2019-07-03,CVX,90.0018
2019-07-05,CVX,90.1404
2019-07-08,CVX,90.1842
2019-07-09,CVX,90.0018
2019-07-10,CVX,91.5268
2019-07-11,CVX,91.5195
2019-07-12,CVX,91.9208
2019-07-15,CVX,91.731
2019-07-16,CVX,91.0306
2019-07-17,CVX,90.5782
2019-07-18,CVX,90.9722
2019-07-19,CVX,91.2349
2019-07-22,CVX,91.4319
2019-07-23,CVX,91.804
2019-07-24,CVX,92.3294
2019-07-25,CVX,91.6654
2019-07-26,CVX,90.2718
2019-07-29,CVX,90.6439
2019-07-30,CVX,90.7242
2019-07-31,CVX,89.8267
2019-08-01,CVX,88.0974
2019-08-02,CVX,88.0901
2019-08-05,CVX,86.6381
2019-08-06,CVX,87.1051
2019-08-07,CVX,86.9008
2019-08-08,CVX,89.9142
2019-08-09,CVX,89.3232
2019-08-12,CVX,88.6884
2019-08-13,CVX,89.3013
2019-08-14,CVX,85.9085
2019-08-15,CVX,85.3321
2019-08-16,CVX,85.3689
2019-08-19,CVX,86.4747
2019-08-20,CVX,85.6048
2019-08-21,CVX,86.8948
2019-08-22,CVX,86.7843
2019-08-23,CVX,84.9045
2019-08-26,CVX,85.3173
2019-08-27,CVX,85.3837
2019-08-28,CVX,86.1208
2019-08-29,CVX,86.6294
2019-08-30,CVX,86.7769
2019-09-03,CVX,85.708
2019-09-04,CVX,86.4305
2019-09-05,CVX,86.7179
2019-09-06,CVX,87.1749
2019-09-09,CVX,88.0079
2019-09-10,CVX,89.8213
2019-09-11,CVX,89.4011
2019-09-12,CVX,89.5043
2019-09-13,CVX,89.5633
2019-09-16,CVX,91.4946
2019-09-17,CVX,91.3251
2019-09-18,CVX,91.5388
2019-09-19,CVX,91.1555
2019-09-20,CVX,91.642
2019-09-23,CVX,92.0696
2019-09-24,CVX,91.2145
2019-09-25,CVX,91.045
2019-09-26,CVX,88.5755
2019-09-27,CVX,87.4256
2019-09-30,CVX,87.4256
2019-10-01,CVX,85.5164
2019-10-02,CVX,82.7742
2019-10-03,CVX,83.4081
2019-10-04,CVX,83.9241
2019-10-07,CVX,83.4892
2019-10-08,CVX,82.3466
2019-10-09,CVX,83.4008
2019-10-10,CVX,84.4696
2019-10-11,CVX,85.6195
2019-10-14,CVX,85.6417
2019-10-15,CVX,85.7375
2019-10-16,CVX,84.8529
2019-10-17,CVX,85.0298
2019-10-18,CVX,84.5802
2019-10-21,CVX,85.9586
2019-10-22,CVX,86.8359
2019-10-23,CVX,86.9685
2019-10-24,CVX,86.6737
2019-10-25,CVX,87.4772
2019-10-28,CVX,87.3371
2019-10-29,CVX,87.0791
2019-10-30,CVX,85.7744
2019-10-31,CVX,85.6122
2019-11-01,CVX,85.6638
2019-11-04,CVX,89.6149
2019-11-05,CVX,89.8876
2019-11-06,CVX,88.3839
2019-11-07,CVX,89.8508
2019-11-08,CVX,89.1431
2019-11-11,CVX,89.0546
2019-11-12,CVX,89.1652
2019-11-13,CVX,90.1383
2019-11-14,CVX,89.9024
2019-11-15,CVX,89.8056
2019-11-18,CVX,88.2498
2019-11-19,CVX,86.6865
2019-11-20,CVX,87.3491
2019-11-21,CVX,88.4135
2019-11-22,CVX,88.3093
2019-11-25,CVX,88.1232
2019-11-26,CVX,87.684
2019-11-27,CVX,87.8925
2019-11-29,CVX,87.1927
2019-12-02,CVX,86.9471
2019-12-03,CVX,86.2696
2019-12-04,CVX,87.0513
2019-12-05,CVX,86.5972
2019-12-06,CVX,87.8478
2019-12-09,CVX,87.3193
2019-12-10,CVX,87.7585
2019-12-11,CVX,86.5228
2019-12-12,CVX,88.4433
2019-12-13,CVX,87.8106
2019-12-16,CVX,88.8528
2019-12-17,CVX,88.287
2019-12-18,CVX,88.2498
2019-12-19,CVX,87.9371
2019-12-20,CVX,89.091
2019-12-23,CVX,89.5748
2019-12-24,CVX,89.5823
2019-12-26,CVX,89.7758
2019-12-27,CVX,89.5525
2019-12-30,CVX,89.2175
2019-12-31,CVX,89.7088
2020-01-02,CVX,90.3937
2020-01-03,CVX,90.081
2020-01-06,CVX,89.7758
2020-01-07,CVX,88.6294
2020-01-08,CVX,87.617
2020-01-09,CVX,87.4756
2020-01-10,CVX,86.6791
2020-01-13,CVX,86.8428
2020-01-14,CVX,86.5749
2020-01-15,CVX,86.4483
2020-01-16,CVX,87.0141
2020-01-17,CVX,86.0389
2020-01-21,CVX,84.3491
2020-01-22,CVX,84.0439
2020-01-23,CVX,84.1928
2020-01-24,CVX,83.2622
2020-01-27,CVX,82.1754
2020-01-28,CVX,82.7188
2020-01-29,CVX,82.1605
2020-01-30,CVX,82.9273
2020-01-31,CVX,79.7561
2020-02-03,CVX,79.1159
2020-02-04,CVX,79.5402
2020-02-05,CVX,82.0935
2020-02-06,CVX,81.5054
2020-02-07,CVX,81.096
2020-02-10,CVX,81.7287
2020-02-11,CVX,82.7858
2020-02-12,CVX,83.4037
2020-02-13,CVX,83.1208
2020-02-14,CVX,82.9024
2020-02-18,CVX,83.0229
2020-02-19,CVX,83.3994
2020-02-20,CVX,82.6991
2020-02-21,CVX,82.0966
2020-02-24,CVX,78.8582
2020-02-25,CVX,75.8458
2020-02-26,CVX,73.8349
2020-02-27,CVX,70.8903
2020-02-28,CVX,70.2953
2020-03-02,CVX,72.7429
2020-03-03,CVX,71.0861
2020-03-04,CVX,74.204
2020-03-05,CVX,73.1948
2020-03-06,CVX,71.7865
2020-03-09,CVX,60.7534
2020-03-10,CVX,63.9993
2020-03-11,CVX,62.5308
2020-03-12,CVX,57.4322
2020-03-13,CVX,62.8245
2020-03-16,CVX,52.4918
2020-03-17,CVX,53.2374
2020-03-18,CVX,41.4587
2020-03-19,CVX,43.221
2020-03-20,CVX,44.7272
2020-03-23,CVX,40.8337
2020-03-24,CVX,50.1195
2020-03-25,CVX,52.168
2020-03-26,CVX,57.5226
2020-03-27,CVX,51.7989
2020-03-30,CVX,54.1863
2020-03-31,CVX,54.5704
2020-04-01,CVX,51.6333
2020-04-02,CVX,57.3268
2020-04-03,CVX,56.5661
2020-04-06,CVX,60.5425
2020-04-07,CVX,60.9417
2020-04-08,CVX,64.7524
2020-04-09,CVX,63.4947
2020-04-13,CVX,63.9466
2020-04-14,CVX,63.7207
2020-04-15,CVX,62.1241
2020-04-16,CVX,60.2413
2020-04-17,CVX,65.6486
2020-04-20,CVX,62.9374
2020-04-21,CVX,61.4839
2020-04-22,CVX,63.5927
2020-04-23,CVX,65.37
2020-04-24,CVX,65.5281
2020-04-27,CVX,67.5615
2020-04-28,CVX,67.7122
2020-04-29,CVX,71.2593
2020-04-30,CVX,69.2862
2020-05-01,CVX,67.3582
2020-05-04,CVX,68.8644
2020-05-05,CVX,69.9564
2020-05-06,CVX,67.8176
2020-05-07,CVX,69.7682
2020-05-08,CVX,71.8995
2020-05-11,CVX,70.3179
2020-05-12,CVX,68.6084
2020-05-13,CVX,66.8009
2020-05-14,CVX,67.8176
2020-05-15,CVX,67.1473
2020-05-18,CVX,70.7236
2020-05-19,CVX,68.4846
2020-05-20,CVX,71.0675
2020-05-21,CVX,70.3339
2020-05-22,CVX,68.989
2020-05-26,CVX,71.2968
2020-05-27,CVX,71.7553
2020-05-28,CVX,69.4398
2020-05-29,CVX,70.0741
2020-06-01,CVX,70.907
2020-06-02,CVX,72.3589
2020-06-03,CVX,74.2617
2020-06-04,CVX,73.574
2020-06-05,CVX,77.0357
2020-06-08,CVX,78.8926
2020-06-09,CVX,77.5858
2020-06-10,CVX,74.5674
2020-06-11,CVX,68.2936
2020-06-12,CVX,70.6014
2020-06-15,CVX,69.7149
2020-06-16,CVX,71.8546
2020-06-17,CVX,69.9518
2020-06-18,CVX,70.2575
2020-06-19,CVX,69.2564
2020-06-22,CVX,69.99
2020-06-23,CVX,69.8754
2020-06-24,CVX,66.9715
2020-06-25,CVX,68.1713
2020-06-26,CVX,66.0699
2020-06-29,CVX,66.9945
2020-06-30,CVX,68.1866
2020-07-01,CVX,66.9563
2020-07-02,CVX,67.4836
2020-07-06,CVX,67.6822
2020-07-07,CVX,65.9552
2020-07-08,CVX,65.9858
2020-07-09,CVX,63.2272
2020-07-10,CVX,65.1299
2020-07-13,CVX,65.2598
2020-07-14,CVX,67.5141
2020-07-15,CVX,67.9268
2020-07-16,CVX,67.5218
2020-07-17,CVX,66.6277
2020-07-20,CVX,65.1605
2020-07-21,CVX,69.8372
2020-07-22,CVX,69.5697
2020-07-23,CVX,69.5468
2020-07-24,CVX,68.8744
2020-07-27,CVX,69.5697
2020-07-28,CVX,68.0949
2020-07-29,CVX,68.8285
2020-07-30,CVX,65.9247
2020-07-31,CVX,64.1441
2019-07-01,DIS,135.6804
2019-07-02,DIS,136.5234
2019-07-03,DIS,136.9544
2019-07-05,DIS,137.2917
2019-07-08,DIS,135.9135
2019-07-09,DIS,136.4821
2019-07-10,DIS,138.3423
2019-07-11,DIS,138.3615
2019-07-12,DIS,139.6337
2019-07-15,DIS,139.8072
2019-07-16,DIS,139.0747
2019-07-17,DIS,137.4074
2019-07-18,DIS,136.5014
2019-07-19,DIS,134.7859
2019-07-22,DIS,135.74
2019-07-23,DIS,136.1448
2019-07-24,DIS,136.1737
2019-07-25,DIS,138.0242
2019-07-26,DIS,139.4121
2019-07-29,DIS,141.0891
2019-07-30,DIS,139.6819
2019-07-31,DIS,137.8314
2019-08-01,DIS,136.7134
2019-08-02,DIS,136.5785
2019-08-05,DIS,133.292
2019-08-06,DIS,136.7327
2019-08-07,DIS,129.9766
2019-08-08,DIS,132.8969
2019-08-09,DIS,133.504
2019-08-12,DIS,130.8344
2019-08-13,DIS,132.0487
2019-08-14,DIS,128.0394
2019-08-15,DIS,128.5791
2019-08-16,DIS,130.3043
2019-08-19,DIS,130.391
2019-08-20,DIS,130.2368
2019-08-21,DIS,130.844
2019-08-22,DIS,131.1524
2019-08-23,DIS,126.9021
2019-08-26,DIS,129.7356
2019-08-27,DIS,129.62
2019-08-28,DIS,131.6054
2019-08-29,DIS,132.8486
2019-08-30,DIS,132.2897
2019-09-03,DIS,131.3741
2019-09-04,DIS,132.8969
2019-09-05,DIS,133.8124
2019-09-06,DIS,134.4967
2019-09-09,DIS,133.8028
2019-09-10,DIS,130.8729
2019-09-11,DIS,131.2584
2019-09-12,DIS,132.521
2019-09-13,DIS,133.0221
2019-09-16,DIS,130.8825
2019-09-17,DIS,131.3741
2019-09-18,DIS,131.8463
2019-09-19,DIS,128.4731
2019-09-20,DIS,127.4804
2019-09-23,DIS,127.6635
2019-09-24,DIS,127.1912
2019-09-25,DIS,128.2707
2019-09-26,DIS,126.5166
2019-09-27,DIS,125.254
2019-09-30,DIS,125.601
2019-10-01,DIS,124.8588
2019-10-02,DIS,124.4637
2019-10-03,DIS,123.5095
2019-10-04,DIS,125.5528
2019-10-07,DIS,126.1599
2019-10-08,DIS,123.8179
2019-10-09,DIS,124.6468
2019-10-10,DIS,124.6565
2019-10-11,DIS,125.3118
2019-10-14,DIS,125.0034
2019-10-15,DIS,125.0612
2019-10-16,DIS,126.1214
2019-10-17,DIS,127.5767
2019-10-18,DIS,126.1503
2019-10-21,DIS,125.5431
2019-10-22,DIS,127.6056
2019-10-23,DIS,126.3816
2019-10-24,DIS,125.5431
2019-10-25,DIS,126.1599
2019-10-28,DIS,125.8033
2019-10-29,DIS,124.7914
2019-10-30,DIS,124.907
2019-10-31,DIS,125.2155
2019-11-01,DIS,127.943
2019-11-04,DIS,128.1068
2019-11-05,DIS,126.69
2019-11-06,DIS,126.5166
2019-11-07,DIS,128.1454
2019-11-08,DIS,132.9643
2019-11-11,DIS,131.7885
2019-11-12,DIS,133.5619
2019-11-13,DIS,143.3347
2019-11-14,DIS,141.8215
2019-11-15,DIS,139.4313
2019-11-18,DIS,142.3034
2019-11-19,DIS,143.007
2019-11-20,DIS,141.6095
2019-11-21,DIS,141.5806
2019-11-22,DIS,142.9202
2019-11-25,DIS,144.2696
2019-11-26,DIS,146.149
2019-11-27,DIS,145.9947
2019-11-29,DIS,146.0911
2019-12-02,DIS,145.1659
2019-12-03,DIS,143.1998
2019-12-04,DIS,142.9106
2019-12-05,DIS,142.101
2019-12-06,DIS,142.313
2019-12-09,DIS,140.9156
2019-12-10,DIS,140.8096
2019-12-11,DIS,142.2456
2019-12-12,DIS,142.4094
2019-12-13,DIS,141.9247
2019-12-16,DIS,143.9414
2019-12-17,DIS,143.2336
2019-12-18,DIS,141.8083
2019-12-19,DIS,141.7017
2019-12-20,DIS,142.4094
2019-12-23,DIS,140.2764
2019-12-24,DIS,140.8678
2019-12-26,DIS,141.2654
2019-12-27,DIS,141.3138
2019-12-30,DIS,139.3941
2019-12-31,DIS,140.2279
2020-01-02,DIS,143.6893
2020-01-03,DIS,142.041
2020-01-06,DIS,141.2169
2020-01-07,DIS,141.2654
2020-01-08,DIS,140.9745
2020-01-09,DIS,140.4218
2020-01-10,DIS,140.2182
2020-01-13,DIS,139.5007
2020-01-14,DIS,140.7806
2020-01-15,DIS,139.9274
2020-01-16,DIS,140.703
2020-01-17,DIS,139.9371
2020-01-21,DIS,139.1905
2020-01-22,DIS,139.6268
2020-01-23,DIS,137.8719
2020-01-24,DIS,135.8164
2020-01-27,DIS,131.7636
2020-01-28,DIS,134.1584
2020-01-29,DIS,131.9188
2020-01-30,DIS,133.6155
2020-01-31,DIS,134.1003
2020-02-03,DIS,137.0187
2020-02-04,DIS,140.3249
2020-02-05,DIS,137.0671
2020-02-06,DIS,138.3567
2020-02-07,DIS,136.7278
2020-02-10,DIS,138.25
2020-02-11,DIS,136.7181
2020-02-12,DIS,137.5325
2020-02-13,DIS,136.6115
2020-02-14,DIS,135.2928
2020-02-18,DIS,134.905
2020-02-19,DIS,136.9993
2020-02-20,DIS,136.0976
2020-02-21,DIS,134.7402
2020-02-24,DIS,128.9616
2020-02-25,DIS,124.2883
2020-02-26,DIS,119.6053
2020-02-27,DIS,114.4472
2020-02-28,DIS,114.0691
2020-03-02,DIS,116.3282
2020-03-03,DIS,112.9056
2020-03-04,DIS,115.5525
2020-03-05,DIS,110.5108
2020-03-06,DIS,111.7615
2020-03-09,DIS,101.1739
2020-03-10,DIS,108.0675
2020-03-11,DIS,102.2986
2020-03-12,DIS,89.0156
2020-03-13,DIS,99.3996
2020-03-16,DIS,92.1182
2020-03-17,DIS,90.6832
2020-03-18,DIS,86.0972
2020-03-19,DIS,92.0406
2020-03-20,DIS,83.363
2020-03-23,DIS,83.1497
2020-03-24,DIS,95.1336
2020-03-25,DIS,97.6641
2020-03-26,DIS,102.1532
2020-03-27,DIS,93.4659
2020-03-30,DIS,96.7624
2020-03-31,DIS,93.6598
2020-04-01,DIS,92.0309
2020-04-02,DIS,94.0185
2020-04-03,DIS,91.0226
2020-04-06,DIS,96.5491
2020-04-07,DIS,98.1586
2020-04-08,DIS,97.9938
2020-04-09,DIS,101.3194
2020-04-13,DIS,100.3498
2020-04-14,DIS,102.8028
2020-04-15,DIS,100.2237
2020-04-16,DIS,98.9148
2020-04-17,DIS,103.3845
2020-04-20,DIS,99.1475
2020-04-21,DIS,97.4799
2020-04-22,DIS,97.9162
2020-04-23,DIS,97.9259
2020-04-24,DIS,98.1101
2020-04-27,DIS,102.8319
2020-04-28,DIS,102.9773
2020-04-29,DIS,108.8335
2020-04-30,DIS,104.8583
2020-05-01,DIS,102.2889
2020-05-04,DIS,100.0395
2020-05-05,DIS,97.9841
2020-05-06,DIS,97.8095
2020-05-07,DIS,102.3568
2020-05-08,DIS,105.8375
2020-05-11,DIS,104.4898
2020-05-12,DIS,101.3775
2020-05-13,DIS,99.7874
2020-05-14,DIS,102.6864
2020-05-15,DIS,105.7309
2020-05-18,DIS,113.2935
2020-05-19,DIS,110.8889
2020-05-20,DIS,116.27
2020-05-21,DIS,114.2436
2020-05-22,DIS,114.4278
2020-05-26,DIS,117.2687
2020-05-27,DIS,117.831
2020-05-28,DIS,113.1965
2020-05-29,DIS,113.7298
2020-06-01,DIS,115.155
2020-06-02,DIS,115.1356
2020-06-03,DIS,118.4612
2020-06-04,DIS,119.9253
2020-06-05,DIS,121.0209
2020-06-08,DIS,123.406
2020-06-09,DIS,120.1192
2020-06-10,DIS,118.4612
2020-06-11,DIS,109.2116
2020-06-12,DIS,111.9748
2020-06-15,DIS,113.5165
2020-06-16,DIS,114.8351
2020-06-17,DIS,114.0691
2020-06-18,DIS,114.7672
2020-06-19,DIS,110.8695
2020-06-22,DIS,112.3918
2020-06-23,DIS,113.0414
2020-06-24,DIS,108.659
2020-06-25,DIS,107.9706
2020-06-26,DIS,105.7793
2020-06-29,DIS,108.1257
2020-06-30,DIS,108.116
2020-07-01,DIS,109.5703
2020-07-02,DIS,108.7656
2020-07-06,DIS,110.9471
2020-07-07,DIS,110.1715
2020-07-08,DIS,113.1092
2020-07-09,DIS,113.2547
2020-07-10,DIS,115.7077
2020-07-13,DIS,112.6826
2020-07-14,DIS,115.0484
2020-07-15,DIS,117.2202
2020-07-16,DIS,115.7949
2020-07-17,DIS,115.0387
2020-07-20,DIS,114.2048
2020-07-21,DIS,115.0096
2020-07-22,DIS,115.4071
2020-07-23,DIS,114.5248
2020-07-24,DIS,114.0303
2020-07-27,DIS,112.7699
2020-07-28,DIS,112.6439
2020-07-29,DIS,112.0912
2020-07-30,DIS,112.1397
2020-07-31,DIS,113.3807
2019-07-01,GILD,51.8707
2019-07-02,GILD,52.643
2019-07-03,GILD,52.7654
2019-07-05,GILD,52.406
2019-07-08,GILD,51.603
2019-07-09,GILD,51.8095
2019-07-10,GILD,51.5877
2019-07-11,GILD,50.6166
2019-07-12,GILD,50.6701
2019-07-15,GILD,52.0542
2019-07-16,GILD,51.1901
2019-07-17,GILD,51.1748
2019-07-18,GILD,51.3966
2019-07-19,GILD,49.7371
2019-07-22,GILD,49.6377
2019-07-23,GILD,50.7771
2019-07-24,GILD,50.9607
2019-07-25,GILD,50.716
2019-07-26,GILD,51.1748
2019-07-29,GILD,51.9013
2019-07-30,GILD,51.3048
2019-07-31,GILD,50.1042
2019-08-01,GILD,50.0659
2019-08-02,GILD,49.6683
2019-08-05,GILD,48.4524
2019-08-06,GILD,48.9265
2019-08-07,GILD,48.8501
2019-08-08,GILD,49.5689
2019-08-09,GILD,49.8901
2019-08-12,GILD,48.9265
2019-08-13,GILD,49.1712
2019-08-14,GILD,48.2689
2019-08-15,GILD,48.0777
2019-08-16,GILD,48.2842
2019-08-19,GILD,49.0259
2019-08-20,GILD,48.5136
2019-08-21,GILD,49.0412
2019-08-22,GILD,49.1101
2019-08-23,GILD,47.8024
2019-08-26,GILD,48.1771
2019-08-27,GILD,48.4142
2019-08-28,GILD,48.6665
2019-08-29,GILD,48.7506
2019-08-30,GILD,48.5901
2019-09-03,GILD,48.1542
2019-09-04,GILD,48.3836
2019-09-05,GILD,48.9877
2019-09-06,GILD,49.5689
2019-09-09,GILD,50.7236
2019-09-10,GILD,51.2971
2019-09-11,GILD,52.0619
2019-09-12,GILD,51.2205
2019-09-13,GILD,51.344
2019-09-16,GILD,50.85
2019-09-17,GILD,51.0739
2019-09-18,GILD,50.7266
2019-09-19,GILD,50.9118
2019-09-20,GILD,51.2668
2019-09-23,GILD,50.7343
2019-09-24,GILD,49.8312
2019-09-25,GILD,49.5533
2019-09-26,GILD,48.8586
2019-09-27,GILD,48.5499
2019-09-30,GILD,48.9204
2019-10-01,GILD,48.7969
2019-10-02,GILD,47.5619
2019-10-03,GILD,48.0328
2019-10-04,GILD,48.2875
2019-10-07,GILD,48.4187
2019-10-08,GILD,47.616
2019-10-09,GILD,47.8398
2019-10-10,GILD,48.8278
2019-10-11,GILD,49.3912
2019-10-14,GILD,49.7926
2019-10-15,GILD,50.4024
2019-10-16,GILD,50.441
2019-10-17,GILD,50.3483
2019-10-18,GILD,50.1013
2019-10-21,GILD,50.3329
2019-10-22,GILD,50.8346
2019-10-23,GILD,51.3904
2019-10-24,GILD,50.9427
2019-10-25,GILD,48.8741
2019-10-28,GILD,49.1905
2019-10-29,GILD,48.9744
2019-10-30,GILD,48.7429
2019-10-31,GILD,49.1751
2019-11-01,GILD,49.9084
2019-11-04,GILD,50.3329
2019-11-05,GILD,50.4718
2019-11-06,GILD,50.4873
2019-11-07,GILD,49.3681
2019-11-08,GILD,50.4641
2019-11-11,GILD,49.8929
2019-11-12,GILD,49.6459
2019-11-13,GILD,48.8818
2019-11-14,GILD,49.2523
2019-11-15,GILD,50.2248
2019-11-18,GILD,49.6228
2019-11-19,GILD,50.1708
2019-11-20,GILD,50.0782
2019-11-21,GILD,50.7343
2019-11-22,GILD,50.3715
2019-11-25,GILD,51.8843
2019-11-26,GILD,51.9306
2019-11-27,GILD,51.8071
2019-11-29,GILD,51.8998
2019-12-02,GILD,51.0353
2019-12-03,GILD,50.9967
2019-12-04,GILD,51.5215
2019-12-05,GILD,50.8886
2019-12-06,GILD,51.7763
2019-12-09,GILD,51.6605
2019-12-10,GILD,51.7763
2019-12-11,GILD,52.3166
2019-12-12,GILD,52.6905
2019-12-13,GILD,51.2414
2019-12-16,GILD,51.5141
2019-12-17,GILD,51.5764
2019-12-18,GILD,51.1713
2019-12-19,GILD,50.8674
2019-12-20,GILD,52.0829
2019-12-23,GILD,52.0049
2019-12-24,GILD,51.9815
2019-12-26,GILD,51.7245
2019-12-27,GILD,51.3816
2019-12-30,GILD,50.587
2019-12-31,GILD,50.6259
2020-01-02,GILD,50.8207
2020-01-03,GILD,50.696
2020-01-06,GILD,51.1479
2020-01-07,GILD,50.735
2020-01-08,GILD,51.2648
2020-01-09,GILD,51.2959
2020-01-10,GILD,50.6649
2020-01-13,GILD,50.1039
2020-01-14,GILD,50.0182
2020-01-15,GILD,49.9403
2020-01-16,GILD,49.2391
2020-01-17,GILD,49.0677
2020-01-21,GILD,48.795
2020-01-22,GILD,49.395
2020-01-23,GILD,49.8157
2020-01-24,GILD,49.2002
2020-01-27,GILD,49.73
2020-01-28,GILD,50.1429
2020-01-29,GILD,50.0961
2020-01-30,GILD,49.8858
2020-01-31,GILD,49.2391
2020-02-03,GILD,51.7011
2020-02-04,GILD,52.5113
2020-02-05,GILD,51.3193
2020-02-06,GILD,53.1424
2020-02-07,GILD,53.6566
2020-02-10,GILD,53.7501
2020-02-11,GILD,52.7918
2020-02-12,GILD,52.1608
2020-02-13,GILD,52.0439
2020-02-14,GILD,52.636
2020-02-18,GILD,52.2075
2020-02-19,GILD,52.4724
2020-02-20,GILD,52.1997
2020-02-21,GILD,54.3033
2020-02-24,GILD,56.7964
2020-02-25,GILD,54.6149
2020-02-26,GILD,58.1988
2020-02-27,GILD,56.6094
2020-02-28,GILD,54.0384
2020-03-02,GILD,58.7441
2020-03-03,GILD,57.817
2020-03-04,GILD,59.2194
2020-03-05,GILD,59.3129
2020-03-06,GILD,62.4994
2020-03-09,GILD,57.2794
2020-03-10,GILD,56.3601
2020-03-11,GILD,57.4197
2020-03-12,GILD,53.9283
2020-03-13,GILD,55.6347
2020-03-16,GILD,54.1799
2020-03-17,GILD,58.5992
2020-03-18,GILD,62.4523
2020-03-19,GILD,61.7682
2020-03-20,GILD,57.6084
2020-03-23,GILD,57.0973
2020-03-24,GILD,58.1588
2020-03-25,GILD,54.7775
2020-03-26,GILD,58.0802
2020-03-27,GILD,57.286
2020-03-30,GILD,59.708
2020-03-31,GILD,58.7879
2020-04-01,GILD,57.0186
2020-04-02,GILD,60.5336
2020-04-03,GILD,61.5009
2020-04-06,GILD,61.1234
2020-04-07,GILD,58.7172
2020-04-08,GILD,58.9688
2020-04-09,GILD,57.805
2020-04-13,GILD,59.1968
2020-04-14,GILD,61.1392
2020-04-15,GILD,58.6857
2020-04-16,GILD,60.1877
2020-04-17,GILD,66.046
2020-04-20,GILD,63.8992
2020-04-21,GILD,61.7525
2020-04-22,GILD,63.9385
2020-04-23,GILD,61.1627
2020-04-24,GILD,62.6253
2020-04-27,GILD,62.8298
2020-04-28,GILD,61.8626
2020-04-29,GILD,65.3776
2020-04-30,GILD,66.0538
2020-05-01,GILD,62.8691
2020-05-04,GILD,63.105
2020-05-05,GILD,62.2322
2020-05-06,GILD,60.919
2020-05-07,GILD,61.029
2020-05-08,GILD,60.9347
2020-05-11,GILD,63.5375
2020-05-12,GILD,61.2964
2020-05-13,GILD,60.5966
2020-05-14,GILD,60.7302
2020-05-15,GILD,59.9675
2020-05-18,GILD,58.7879
2020-05-19,GILD,56.8849
2020-05-20,GILD,58.1038
2020-05-21,GILD,57.7971
2020-05-22,GILD,57.6713
2020-05-26,GILD,57.5455
2020-05-27,GILD,58.898
2020-05-28,GILD,59.2283
2020-05-29,GILD,61.2021
2020-06-01,GILD,59.1025
2020-06-02,GILD,57.6084
2020-06-03,GILD,58.5048
2020-06-04,GILD,60.974
2020-06-05,GILD,60.3528
2020-06-08,GILD,60.5258
2020-06-09,GILD,61.0133
2020-06-10,GILD,60.6044
2020-06-11,GILD,57.788
2020-06-12,GILD,58.0736
2020-06-15,GILD,58.6845
2020-06-16,GILD,59.2002
2020-06-17,GILD,58.5179
2020-06-18,GILD,58.74
2020-06-19,GILD,61.4612
2020-06-22,GILD,60.0332
2020-06-23,GILD,59.5413
2020-06-24,GILD,60.2395
2020-06-25,GILD,59.8904
2020-06-26,GILD,59.1605
2020-06-29,GILD,59.1526
2020-06-30,GILD,61.0408
2020-07-01,GILD,60.3426
2020-07-02,GILD,60.5727
2020-07-06,GILD,60.8979
2020-07-07,GILD,60.6282
2020-07-08,GILD,59.9856
2020-07-09,GILD,59.2716
2020-07-10,GILD,60.5489
2020-07-13,GILD,60.8345
2020-07-14,GILD,61.2391
2020-07-15,GILD,60.8107
2020-07-16,GILD,60.8027
2020-07-17,GILD,61.493
2020-07-20,GILD,61.9452
2020-07-21,GILD,60.9138
2020-07-22,GILD,60.4934
2020-07-23,GILD,59.9459
2020-07-24,GILD,58.4227
2020-07-27,GILD,59.1367
2020-07-28,GILD,58.4941
2020-07-29,GILD,57.9229
2020-07-30,GILD,57.3834
2020-07-31,GILD,55.162
2019-07-01,GLD,130.62
2019-07-02,GLD,133.41
2019-07-03,GLD,133.63
2019-07-05,GLD,132.14
2019-07-08,GLD,131.29
2019-07-09,GLD,131.75
2019-07-10,GLD,133.83
2019-07-11,GLD,132.7
2019-07-12,GLD,133.53
2019-07-15,GLD,133.53
2019-07-16,GLD,132.4
2019-07-17,GLD,134.58
2019-07-18,GLD,136.48
2019-07-19,GLD,134.47
2019-07-22,GLD,134.45
2019-07-23,GLD,133.69
2019-07-24,GLD,134.37
2019-07-25,GLD,133.42
2019-07-26,GLD,133.64
2019-07-29,GLD,134.53
2019-07-30,GLD,134.98
2019-07-31,GLD,133.21
2019-08-01,GLD,136.41
2019-08-02,GLD,135.89
2019-08-05,GLD,137.79
2019-08-06,GLD,138.91
2019-08-07,GLD,141.02
2019-08-08,GLD,141.73
2019-08-09,GLD,141.26
2019-08-12,GLD,142.63
2019-08-13,GLD,141.78
2019-08-14,GLD,142.75
2019-08-15,GLD,143.7
2019-08-16,GLD,142.78
2019-08-19,GLD,141.11
2019-08-20,GLD,142.21
2019-08-21,GLD,141.76
2019-08-22,GLD,141.4
2019-08-23,GLD,144.17
2019-08-26,GLD,144.19
2019-08-27,GLD,145.57
2019-08-28,GLD,145.16
2019-08-29,GLD,144.12
2019-08-30,GLD,143.75
2019-09-03,GLD,145.75
2019-09-04,GLD,146.66
2019-09-05,GLD,143.14
2019-09-06,GLD,141.92
2019-09-09,GLD,141.39
2019-09-10,GLD,140.18
2019-09-11,GLD,141.03
2019-09-12,GLD,141.32
2019-09-13,GLD,140.15
2019-09-16,GLD,141.32
2019-09-17,GLD,141.6
2019-09-18,GLD,140.71
2019-09-19,GLD,141.28
2019-09-20,GLD,142.95
2019-09-23,GLD,143.75
2019-09-24,GLD,144.51
2019-09-25,GLD,141.83
2019-09-26,GLD,141.79
2019-09-27,GLD,141.06
2019-09-30,GLD,138.87
2019-10-01,GLD,139.63
2019-10-02,GLD,141.26
2019-10-03,GLD,141.9
2019-10-04,GLD,141.9
2019-10-07,GLD,140.69
2019-10-08,GLD,141.92
2019-10-09,GLD,142.05
2019-10-10,GLD,140.81
2019-10-11,GLD,140.03
2019-10-14,GLD,140.59
2019-10-15,GLD,139.61
2019-10-16,GLD,140.41
2019-10-17,GLD,140.61
2019-10-18,GLD,140.46
2019-10-21,GLD,139.79
2019-10-22,GLD,140.2
2019-10-23,GLD,140.53
2019-10-24,GLD,141.53
2019-10-25,GLD,141.86
2019-10-28,GLD,140.64
2019-10-29,GLD,140.25
2019-10-30,GLD,141.02
2019-10-31,GLD,142.43
2019-11-01,GLD,142.56
2019-11-04,GLD,142.15
2019-11-05,GLD,139.85
2019-11-06,GLD,140.45
2019-11-07,GLD,138.27
2019-11-08,GLD,137.39
2019-11-11,GLD,137.06
2019-11-12,GLD,137.43
2019-11-13,GLD,137.98
2019-11-14,GLD,138.56
2019-11-15,GLD,138.21
2019-11-18,GLD,138.62
2019-11-19,GLD,138.69
2019-11-20,GLD,138.76
2019-11-21,GLD,138.0
2019-11-22,GLD,137.74
2019-11-25,GLD,137.08
2019-11-26,GLD,137.74
2019-11-27,GLD,137.01
2019-11-29,GLD,137.86
2019-12-02,GLD,137.79
2019-12-03,GLD,139.11
2019-12-04,GLD,138.92
2019-12-05,GLD,139.0
2019-12-06,GLD,137.62
2019-12-09,GLD,137.58
2019-12-10,GLD,137.97
2019-12-11,GLD,138.92
2019-12-12,GLD,138.43
2019-12-13,GLD,139.05
2019-12-16,GLD,139.04
2019-12-17,GLD,139.01
2019-12-18,GLD,139.02
2019-12-19,GLD,139.38
2019-12-20,GLD,139.52
2019-12-23,GLD,139.95
2019-12-24,GLD,141.27
2019-12-26,GLD,142.38
2019-12-27,GLD,142.33
2019-12-30,GLD,142.63
2019-12-31,GLD,142.9
2020-01-02,GLD,143.95
2020-01-03,GLD,145.86
2020-01-06,GLD,147.39
2020-01-07,GLD,147.97
2020-01-08,GLD,146.86
2020-01-09,GLD,146.03
2020-01-10,GLD,146.91
2020-01-13,GLD,145.82
2020-01-14,GLD,145.69
2020-01-15,GLD,146.54
2020-01-16,GLD,146.31
2020-01-17,GLD,146.58
2020-01-21,GLD,146.74
2020-01-22,GLD,146.79
2020-01-23,GLD,147.12
2020-01-24,GLD,147.98
2020-01-27,GLD,148.99
2020-01-28,GLD,147.66
2020-01-29,GLD,148.46
2020-01-30,GLD,148.47
2020-01-31,GLD,149.33
2020-02-03,GLD,148.36
2020-02-04,GLD,146.43
2020-02-05,GLD,146.61
2020-02-06,GLD,147.4
2020-02-07,GLD,147.79
2020-02-10,GLD,148.17
2020-02-11,GLD,147.66
2020-02-12,GLD,147.54
2020-02-13,GLD,148.38
2020-02-14,GLD,149.0
2020-02-18,GLD,150.91
2020-02-19,GLD,151.79
2020-02-20,GLD,152.41
2020-02-21,GLD,154.7
2020-02-24,GLD,156.09
2020-02-25,GLD,153.3
2020-02-26,GLD,153.97
2020-02-27,GLD,154.0
2020-02-28,GLD,148.38
2020-03-02,GLD,149.2
2020-03-03,GLD,153.89
2020-03-04,GLD,154.16
2020-03-05,GLD,157.49
2020-03-06,GLD,157.55
2020-03-09,GLD,157.81
2020-03-10,GLD,154.48
2020-03-11,GLD,153.93
2020-03-12,GLD,147.79
2020-03-13,GLD,143.28
2020-03-16,GLD,141.64
2020-03-17,GLD,143.56
2020-03-18,GLD,140.7
2020-03-19,GLD,138.04
2020-03-20,GLD,140.11
2020-03-23,GLD,146.3
2020-03-24,GLD,153.4
2020-03-25,GLD,151.3
2020-03-26,GLD,153.24
2020-03-27,GLD,152.25
2020-03-30,GLD,152.92
2020-03-31,GLD,148.05
2020-04-01,GLD,149.45
2020-04-02,GLD,151.9
2020-04-03,GLD,152.65
2020-04-06,GLD,156.88
2020-04-07,GLD,156.04
2020-04-08,GLD,154.65
2020-04-09,GLD,158.69
2020-04-13,GLD,161.41
2020-04-14,GLD,162.68
2020-04-15,GLD,161.85
2020-04-16,GLD,161.71
2020-04-17,GLD,158.57
2020-04-20,GLD,159.7
2020-04-21,GLD,158.61
2020-04-22,GLD,161.73
2020-04-23,GLD,163.34
2020-04-24,GLD,162.64
2020-04-27,GLD,161.56
2020-04-28,GLD,160.84
2020-04-29,GLD,161.73
2020-04-30,GLD,158.8
2020-05-01,GLD,159.78
2020-05-04,GLD,160.34
2020-05-05,GLD,161.02
2020-05-06,GLD,158.95
2020-05-07,GLD,161.39
2020-05-08,GLD,160.42
2020-05-11,GLD,159.42
2020-05-12,GLD,160.04
2020-05-13,GLD,161.58
2020-05-14,GLD,163.01
2020-05-15,GLD,163.93
2020-05-18,GLD,162.69
2020-05-19,GLD,164.26
2020-05-20,GLD,164.65
2020-05-21,GLD,162.25
2020-05-22,GLD,163.21
2020-05-26,GLD,160.89
2020-05-27,GLD,161.18
2020-05-28,GLD,161.72
2020-05-29,GLD,162.91
2020-06-01,GLD,163.66
2020-06-02,GLD,162.6
2020-06-03,GLD,159.6
2020-06-04,GLD,161.28
2020-06-05,GLD,158.01
2020-06-08,GLD,159.72
2020-06-09,GLD,161.26
2020-06-10,GLD,163.57
2020-06-11,GLD,162.39
2020-06-12,GLD,162.62
2020-06-15,GLD,162.33
2020-06-16,GLD,162.25
2020-06-17,GLD,162.56
2020-06-18,GLD,162.24
2020-06-19,GLD,164.03
2020-06-22,GLD,165.09
2020-06-23,GLD,166.48
2020-06-24,GLD,165.9
2020-06-25,GLD,165.8
2020-06-26,GLD,166.54
2020-06-29,GLD,166.63
2020-06-30,GLD,167.37
2020-07-01,GLD,166.62
2020-07-02,GLD,166.98
2020-07-06,GLD,167.98
2020-07-07,GLD,169.04
2020-07-08,GLD,170.09
2020-07-09,GLD,169.63
2020-07-10,GLD,169.19
2020-07-13,GLD,169.4
2020-07-14,GLD,170.19
2020-07-15,GLD,170.34
2020-07-16,GLD,168.73
2020-07-17,GLD,170.12
2020-07-20,GLD,170.94
2020-07-21,GLD,173.0
2020-07-22,GLD,175.63
2020-07-23,GLD,177.18
2020-07-24,GLD,178.7
2020-07-27,GLD,182.23
2020-07-28,GLD,183.75
2020-07-29,GLD,185.13
2020-07-30,GLD,183.76
2020-07-31,GLD,185.43
2019-07-01,GOOGL,54.4816
2019-07-02,GOOGL,55.1056
2019-07-03,GOOGL,55.6202
2019-07-05,GOOGL,56.0997
2019-07-08,GOOGL,55.3132
2019-07-09,GOOGL,55.6846
2019-07-10,GOOGL,56.5078
2019-07-11,GOOGL,56.6648
2019-07-12,GOOGL,56.7272
2019-07-15,GOOGL,56.9833
2019-07-16,GOOGL,57.1294
2019-07-17,GOOGL,56.7965
2019-07-18,GOOGL,56.8213
2019-07-19,GOOGL,56.0442
2019-07-22,GOOGL,56.4236
2019-07-23,GOOGL,56.8614
2019-07-24,GOOGL,56.4493
2019-07-25,GOOGL,56.2616
2019-07-26,GOOGL,61.6741
2019-07-29,GOOGL,61.5067
2019-07-30,GOOGL,60.8212
2019-07-31,GOOGL,60.3359
2019-08-01,GOOGL,60.0179
2019-08-02,GOOGL,59.2522
2019-08-05,GOOGL,57.1933
2019-08-06,GOOGL,58.0021
2019-08-07,GOOGL,58.2413
2019-08-08,GOOGL,59.741
2019-08-09,GOOGL,58.8847
2019-08-12,GOOGL,58.1715
2019-08-13,GOOGL,59.2725
2019-08-14,GOOGL,57.6638
2019-08-15,GOOGL,57.9149
2019-08-16,GOOGL,58.4047
2019-08-19,GOOGL,59.4562
2019-08-20,GOOGL,58.6187
2019-08-21,GOOGL,59.0174
2019-08-22,GOOGL,59.0144
2019-08-23,GOOGL,57.1353
2019-08-26,GOOGL,58.007
2019-08-27,GOOGL,57.9892
2019-08-28,GOOGL,58.1343
2019-08-29,GOOGL,59.1492
2019-08-30,GOOGL,58.9654
2019-09-03,GOOGL,57.9263
2019-09-04,GOOGL,58.5563
2019-09-05,GOOGL,60.0382
2019-09-06,GOOGL,59.7475
2019-09-09,GOOGL,59.6955
2019-09-10,GOOGL,59.7168
2019-09-11,GOOGL,60.425
2019-09-12,GOOGL,61.1665
2019-09-13,GOOGL,61.4171
2019-09-16,GOOGL,61.001
2019-09-17,GOOGL,60.9144
2019-09-18,GOOGL,61.0516
2019-09-19,GOOGL,61.3537
2019-09-20,GOOGL,60.9124
2019-09-23,GOOGL,61.1526
2019-09-24,GOOGL,60.3423
2019-09-25,GOOGL,61.7098
2019-09-26,GOOGL,61.529
2019-09-27,GOOGL,60.7197
2019-09-30,GOOGL,60.4815
2019-10-01,GOOGL,59.7316
2019-10-02,GOOGL,58.3408
2019-10-03,GOOGL,58.9109
2019-10-04,GOOGL,59.9773
2019-10-07,GOOGL,59.8431
2019-10-08,GOOGL,58.9456
2019-10-09,GOOGL,59.5533
2019-10-10,GOOGL,59.9035
2019-10-11,GOOGL,60.2125
2019-10-14,GOOGL,60.3146
2019-10-15,GOOGL,61.5265
2019-10-16,GOOGL,61.5642
2019-10-17,GOOGL,62.0496
2019-10-18,GOOGL,61.634
2019-10-21,GOOGL,61.6276
2019-10-22,GOOGL,61.475
2019-10-23,GOOGL,62.2888
2019-10-24,GOOGL,62.3621
2019-10-25,GOOGL,62.6191
2019-10-28,GOOGL,63.8415
2019-10-29,GOOGL,62.4389
2019-10-30,GOOGL,62.4408
2019-10-31,GOOGL,62.3467
2019-11-01,GOOGL,63.0129
2019-11-04,GOOGL,63.8727
2019-11-05,GOOGL,63.9633
2019-11-06,GOOGL,63.9421
2019-11-07,GOOGL,64.731
2019-11-08,GOOGL,64.8331
2019-11-11,GOOGL,64.3021
2019-11-12,GOOGL,64.2491
2019-11-13,GOOGL,64.1981
2019-11-14,GOOGL,64.8405
2019-11-15,GOOGL,66.0485
2019-11-18,GOOGL,65.37
2019-11-19,GOOGL,65.0109
2019-11-20,GOOGL,64.4794
2019-11-21,GOOGL,64.3942
2019-11-22,GOOGL,64.0738
2019-11-25,GOOGL,64.6666
2019-11-26,GOOGL,65.0312
2019-11-27,GOOGL,64.9881
2019-11-29,GOOGL,64.5899
2019-12-02,GOOGL,63.8356
2019-12-03,GOOGL,64.1268
2019-12-04,GOOGL,65.3254
2019-12-05,GOOGL,65.7226
2019-12-06,GOOGL,66.3382
2019-12-09,GOOGL,66.5165
2019-12-10,GOOGL,66.5116
2019-12-11,GOOGL,66.579
2019-12-12,GOOGL,66.789
2019-12-13,GOOGL,66.7087
2019-12-16,GOOGL,67.3937
2019-12-17,GOOGL,67.1059
2019-12-18,GOOGL,66.9583
2019-12-19,GOOGL,67.1827
2019-12-20,GOOGL,66.9242
2019-12-23,GOOGL,66.8949
2019-12-24,GOOGL,66.5879
2019-12-26,GOOGL,67.4813
2019-12-27,GOOGL,67.0936
2019-12-30,GOOGL,66.3541
2019-12-31,GOOGL,66.3382
2020-01-02,GOOGL,67.7889
2020-01-03,GOOGL,67.4343
2020-01-06,GOOGL,69.2317
2020-01-07,GOOGL,69.098
2020-01-08,GOOGL,69.5898
2020-01-09,GOOGL,70.3204
2020-01-10,GOOGL,70.7745
2020-01-13,GOOGL,71.3228
2020-01-14,GOOGL,70.8553
2020-01-15,GOOGL,71.2817
2020-01-16,GOOGL,71.8246
2020-01-17,GOOGL,73.2787
2020-01-21,GOOGL,73.4139
2020-01-22,GOOGL,73.4941
2020-01-23,GOOGL,73.5348
2020-01-24,GOOGL,72.6175
2020-01-27,GOOGL,70.9117
2020-01-28,GOOGL,71.8414
2020-01-29,GOOGL,72.1484
2020-01-30,GOOGL,72.0271
2020-01-31,GOOGL,70.9637
2020-02-03,GOOGL,73.4313
2020-02-04,GOOGL,71.5893
2020-02-05,GOOGL,71.621
2020-02-06,GOOGL,73.1029
2020-02-07,GOOGL,73.2584
2020-02-10,GOOGL,74.722
2020-02-11,GOOGL,74.7913
2020-02-12,GOOGL,75.2158
2020-02-13,GOOGL,74.9562
2020-02-14,GOOGL,75.2207
2020-02-18,GOOGL,75.2559
2020-02-19,GOOGL,75.5248
2020-02-20,GOOGL,75.1345
2020-02-21,GOOGL,73.4738
2020-02-24,GOOGL,70.3238
2020-02-25,GOOGL,68.6626
2020-02-26,GOOGL,68.8682
2020-02-27,GOOGL,65.1278
2020-02-28,GOOGL,66.3313
2020-03-02,GOOGL,68.6626
2020-03-03,GOOGL,66.2555
2020-03-04,GOOGL,68.4288
2020-03-05,GOOGL,65.1183
2020-03-06,GOOGL,64.1763
2020-03-09,GOOGL,60.2165
2020-03-10,GOOGL,63.1575
2020-03-11,GOOGL,59.9743
2020-03-12,GOOGL,55.0536
2020-03-13,GOOGL,60.1412
2020-03-16,GOOGL,53.1443
2020-03-17,GOOGL,55.3761
2020-03-18,GOOGL,54.0452
2020-03-19,GOOGL,55.0596
2020-03-20,GOOGL,52.9071
2020-03-23,GOOGL,52.2097
2020-03-24,GOOGL,55.9679
2020-03-25,GOOGL,54.5618
2020-03-26,GOOGL,57.5979
2020-03-27,GOOGL,54.9897
2020-03-30,GOOGL,56.7752
2020-03-31,GOOGL,57.5499
2020-04-01,GOOGL,54.5856
2020-04-02,GOOGL,55.325
2020-04-03,GOOGL,54.12
2020-04-06,GOOGL,58.6019
2020-04-07,GOOGL,58.5706
2020-04-08,GOOGL,59.7811
2020-04-09,GOOGL,59.7598
2020-04-13,GOOGL,59.95
2020-04-14,GOOGL,62.6652
2020-04-15,GOOGL,62.2724
2020-04-16,GOOGL,62.2789
2020-04-17,GOOGL,63.3472
2020-04-20,GOOGL,62.4631
2020-04-21,GOOGL,60.0367
2020-04-22,GOOGL,62.3274
2020-04-23,GOOGL,62.9594
2020-04-24,GOOGL,63.2283
2020-04-27,GOOGL,62.944
2020-04-28,GOOGL,61.0486
2020-04-29,GOOGL,66.4764
2020-04-30,GOOGL,66.7003
2020-05-01,GOOGL,65.2451
2020-05-04,GOOGL,65.5215
2020-05-05,GOOGL,66.8152
2020-05-06,GOOGL,66.6374
2020-05-07,GOOGL,67.8186
2020-05-08,GOOGL,68.5646
2020-05-11,GOOGL,69.518
2020-05-12,GOOGL,68.1109
2020-05-13,GOOGL,66.781
2020-05-14,GOOGL,67.2035
2020-05-15,GOOGL,68.0059
2020-05-18,GOOGL,68.6062
2020-05-19,GOOGL,68.0722
2020-05-20,GOOGL,69.7939
2020-05-21,GOOGL,69.6745
2020-05-22,GOOGL,69.9959
2020-05-26,GOOGL,70.3986
2020-05-27,GOOGL,70.3446
2020-05-28,GOOGL,70.2436
2020-05-29,GOOGL,71.0004
2020-06-01,GOOGL,71.0672
2020-06-02,GOOGL,71.4357
2020-06-03,GOOGL,71.2842
2020-06-04,GOOGL,70.0484
2020-06-05,GOOGL,71.3223
2020-06-08,GOOGL,71.7195
2020-06-09,GOOGL,71.9196
2020-06-10,GOOGL,72.5447
2020-06-11,GOOGL,69.4343
2020-06-12,GOOGL,69.9801
2020-06-15,GOOGL,70.3674
2020-06-16,GOOGL,71.6418
2020-06-17,GOOGL,71.9424
2020-06-18,GOOGL,71.0301
2020-06-19,GOOGL,70.5606
2020-06-22,GOOGL,71.8493
2020-06-23,GOOGL,72.509
2020-06-24,GOOGL,70.9598
2020-06-25,GOOGL,71.3758
2020-06-26,GOOGL,67.4848
2020-06-29,GOOGL,69.2
2020-06-30,GOOGL,70.2342
2020-07-01,GOOGL,71.4204
2020-07-02,GOOGL,72.8037
2020-07-06,GOOGL,74.2757
2020-07-07,GOOGL,73.7938
2020-07-08,GOOGL,74.4714
2020-07-09,GOOGL,75.2173
2020-07-10,GOOGL,76.2252
2020-07-13,GOOGL,74.8988
2020-07-14,GOOGL,75.3262
2020-07-15,GOOGL,75.1291
2020-07-16,GOOGL,75.032
2020-07-17,GOOGL,75.1276
2020-07-20,GOOGL,77.455
2020-07-21,GOOGL,77.0627
2020-07-22,GOOGL,77.505
2020-07-23,GOOGL,75.1227
2020-07-24,GOOGL,74.6997
2020-07-27,GOOGL,75.7507
2020-07-28,GOOGL,74.4738
2020-07-29,GOOGL,75.4575
2020-07-30,GOOGL,76.1935
2020-07-31,GOOGL,73.6962
2019-07-01,GS,174.6962
2019-07-02,GS,173.953
2019-07-03,GS,174.0038
2019-07-05,GS,175.5745
2019-07-08,GS,173.7588
2019-07-09,GS,175.4648
2019-07-10,GS,173.9446
2019-07-11,GS,178.4881
2019-07-12,GS,180.6754
2019-07-15,GS,178.6823
2019-07-16,GS,182.0097
2019-07-17,GS,180.1349
2019-07-18,GS,181.1652
2019-07-19,GS,180.3207
2019-07-22,GS,180.7261
2019-07-23,GS,185.3118
2019-07-24,GS,187.5075
2019-07-25,GS,185.7763
2019-07-26,GS,187.6004
2019-07-29,GS,186.0634
2019-07-30,GS,186.9755
2019-07-31,GS,185.903
2019-08-01,GS,178.6992
2019-08-02,GS,176.816
2019-08-05,GS,170.3216
2019-08-06,GS,173.9784
2019-08-07,GS,173.7504
2019-08-08,GS,174.8145
2019-08-09,GS,174.73
2019-08-12,GS,170.1866
2019-08-13,GS,172.3738
2019-08-14,GS,165.1532
2019-08-15,GS,165.6768
2019-08-16,GS,168.4131
2019-08-19,GS,170.7608
2019-08-20,GS,168.886
2019-08-21,GS,169.4771
2019-08-22,GS,170.9466
2019-08-23,GS,165.6937
2019-08-26,GS,168.6073
2019-08-27,GS,167.273
2019-08-28,GS,169.2576
2019-08-29,GS,172.8863
2019-08-30,GS,173.2857
2019-09-03,GS,169.0875
2019-09-04,GS,171.4331
2019-09-05,GS,175.9541
2019-09-06,GS,176.0901
2019-09-09,GS,180.1437
2019-09-10,GS,183.2455
2019-09-11,GS,184.2398
2019-09-12,GS,185.8884
2019-09-13,GS,186.8742
2019-09-16,GS,184.5967
2019-09-17,GS,183.4834
2019-09-18,GS,184.4778
2019-09-19,GS,182.9055
2019-09-20,GS,181.6394
2019-09-23,GS,181.4014
2019-09-24,GS,176.549
2019-09-25,GS,178.4865
2019-09-26,GS,176.9484
2019-09-27,GS,177.5857
2019-09-30,GS,176.1071
2019-10-01,GS,172.2489
2019-10-02,GS,168.4758
2019-10-03,GS,167.6174
2019-10-04,GS,170.6428
2019-10-07,GS,170.3028
2019-10-08,GS,167.7279
2019-10-09,GS,167.286
2019-10-10,GS,169.8525
2019-10-11,GS,173.94
2019-10-14,GS,174.9088
2019-10-15,GS,175.4527
2019-10-16,GS,176.2685
2019-10-17,GS,175.4527
2019-10-18,GS,175.5037
2019-10-21,GS,177.8237
2019-10-22,GS,178.1211
2019-10-23,GS,179.5828
2019-10-24,GS,179.3534
2019-10-25,GS,182.0558
2019-10-28,GS,185.0471
2019-10-29,GS,184.9536
2019-10-30,GS,183.3985
2019-10-31,GS,181.3334
2019-11-01,GS,184.7412
2019-11-04,GS,186.8487
2019-11-05,GS,185.8035
2019-11-06,GS,185.6165
2019-11-07,GS,189.7551
2019-11-08,GS,189.4322
2019-11-11,GS,186.1349
2019-11-12,GS,187.3076
2019-11-13,GS,186.3813
2019-11-14,GS,186.4748
2019-11-15,GS,187.1716
2019-11-18,GS,186.7297
2019-11-19,GS,186.9932
2019-11-20,GS,185.1831
2019-11-21,GS,185.4551
2019-11-22,GS,187.1972
2019-11-25,GS,189.2962
2019-11-26,GS,189.0413
2019-11-27,GS,189.4661
2019-11-29,GS,189.1671
2019-12-02,GS,185.9965
2019-12-03,GS,181.3816
2019-12-04,GS,184.5437
2019-12-05,GS,185.5691
2019-12-06,GS,191.9531
2019-12-09,GS,189.5602
2019-12-10,GS,189.62
2019-12-11,GS,189.0303
2019-12-12,GS,193.1837
2019-12-13,GS,192.2864
2019-12-16,GS,194.8843
2019-12-17,GS,197.5422
2019-12-18,GS,196.944
2019-12-19,GS,196.5081
2019-12-20,GS,195.6449
2019-12-23,GS,195.7817
2019-12-24,GS,196.4825
2019-12-26,GS,197.5934
2019-12-27,GS,197.1234
2019-12-30,GS,196.3885
2019-12-31,GS,196.4996
2020-01-02,GS,200.2513
2020-01-03,GS,197.9097
2020-01-06,GS,199.9351
2020-01-07,GS,201.2512
2020-01-08,GS,203.1911
2020-01-09,GS,207.3274
2020-01-10,GS,206.9087
2020-01-13,GS,209.558
2020-01-14,GS,209.9425
2020-01-15,GS,209.558
2020-01-16,GS,213.4122
2020-01-17,GS,213.19
2020-01-21,GS,209.9767
2020-01-22,GS,211.1304
2020-01-23,GS,209.8742
2020-01-24,GS,206.7462
2020-01-27,GS,203.5159
2020-01-28,GS,207.3103
2020-01-29,GS,205.208
2020-01-30,GS,208.635
2020-01-31,GS,203.1826
2020-02-03,GS,204.2594
2020-02-04,GS,206.7634
2020-02-05,GS,208.7803
2020-02-06,GS,206.6608
2020-02-07,GS,203.3963
2020-02-10,GS,202.8493
2020-02-11,GS,202.0802
2020-02-12,GS,203.9517
2020-02-13,GS,203.6953
2020-02-14,GS,202.61
2020-02-18,GS,199.3027
2020-02-19,GS,202.8236
2020-02-20,GS,198.8925
2020-02-21,GS,197.0892
2020-02-24,GS,191.8932
2020-02-25,GS,185.9708
2020-02-26,GS,184.4069
2020-02-27,GS,175.7839
2020-02-28,GS,172.6284
2020-03-02,GS,180.1089
2020-03-03,GS,174.9154
2020-03-04,GS,179.4812
2020-03-05,GS,170.9258
2020-03-06,GS,165.8185
2020-03-09,GS,148.5874
2020-03-10,GS,158.5099
2020-03-11,GS,147.7964
2020-03-12,GS,129.5594
2020-03-13,GS,152.3363
2020-03-16,GS,132.9815
2020-03-17,GS,136.4294
2020-03-18,GS,120.3936
2020-03-19,GS,128.5362
2020-03-20,GS,119.0092
2020-03-23,GS,116.0514
2020-03-24,GS,132.0701
2020-03-25,GS,133.3857
2020-03-26,GS,142.5514
2020-03-27,GS,136.1457
2020-03-30,GS,137.2463
2020-03-31,GS,132.9213
2020-04-01,GS,124.9249
2020-04-02,GS,128.9145
2020-04-03,GS,126.335
2020-04-06,GS,136.0511
2020-04-07,GS,142.7492
2020-04-08,GS,152.1557
2020-04-09,GS,158.4325
2020-04-13,GS,154.0646
2020-04-14,GS,153.2477
2020-04-15,GS,153.4971
2020-04-16,GS,152.2245
2020-04-17,GS,157.7705
2020-04-20,GS,155.1136
2020-04-21,GS,149.4473
2020-04-22,GS,151.3131
2020-04-23,GS,150.5135
2020-04-24,GS,152.1902
2020-04-27,GS,157.8134
2020-04-28,GS,160.797
2020-04-29,GS,163.3937
2020-04-30,GS,157.7102
2020-05-01,GS,152.2762
2020-05-04,GS,151.3561
2020-05-05,GS,153.3079
2020-05-06,GS,152.1214
2020-05-07,GS,156.7645
2020-05-08,GS,159.4042
2020-05-11,GS,157.4867
2020-05-12,GS,152.3708
2020-05-13,GS,147.719
2020-05-14,GS,149.9976
2020-05-15,GS,147.7792
2020-05-18,GS,156.3861
2020-05-19,GS,152.9038
2020-05-20,GS,156.0078
2020-05-21,GS,154.8556
2020-05-22,GS,154.7095
2020-05-26,GS,168.5785
2020-05-27,GS,180.2723
2020-05-28,GS,173.0152
2020-05-29,GS,170.0044
2020-06-01,GS,172.9806
2020-06-02,GS,176.6232
2020-06-03,GS,182.1864
2020-06-04,GS,185.8636
2020-06-05,GS,188.5457
2020-06-08,GS,191.0462
2020-06-09,GS,188.7014
2020-06-10,GS,184.7388
2020-06-11,GS,167.9625
2020-06-12,GS,174.5813
2020-06-15,GS,178.5007
2020-06-16,GS,181.3386
2020-06-17,GS,178.3969
2020-06-18,GS,176.3636
2020-06-19,GS,174.4515
2020-06-22,GS,176.0002
2020-06-23,GS,177.1769
2020-06-24,GS,171.3281
2020-06-25,GS,179.1842
2020-06-26,GS,163.6884
2020-06-29,GS,167.3914
2020-06-30,GS,170.982
2020-07-01,GS,170.9387
2020-07-02,GS,170.7917
2020-07-06,GS,179.4091
2020-07-07,GS,172.4874
2020-07-08,GS,174.988
2020-07-09,GS,170.2985
2020-07-10,GS,177.8517
2020-07-13,GS,180.7242
2020-07-14,GS,185.1627
2020-07-15,GS,187.6632
2020-07-16,GS,185.7338
2020-07-17,GS,182.9132
2020-07-20,GS,183.1728
2020-07-21,GS,183.441
2020-07-22,GS,178.2325
2020-07-23,GS,175.6541
2020-07-24,GS,174.3131
2020-07-27,GS,175.6541
2020-07-28,GS,174.4428
2020-07-29,GS,175.2735
2020-07-30,GS,172.6346
2020-07-31,GS,171.2762
2019-07-01,HYG,58.9071
2019-07-02,HYG,59.0361
2019-07-03,HYG,59.26
2019-07-05,HYG,59.0225
2019-07-08,HYG,58.9071
2019-07-09,HYG,58.8393
2019-07-10,HYG,59.0021
2019-07-11,HYG,58.8868
2019-07-12,HYG,58.9818
2019-07-15,HYG,59.0225
2019-07-16,HYG,58.9004
2019-07-17,HYG,58.8257
2019-07-18,HYG,58.8529
2019-07-19,HYG,58.7511
2019-07-22,HYG,58.9479
2019-07-23,HYG,59.0497
2019-07-24,HYG,59.0972
2019-07-25,HYG,59.0157
2019-07-26,HYG,59.1447
2019-07-29,HYG,59.0564
2019-07-30,HYG,59.0836
2019-07-31,HYG,58.9818
2019-08-01,HYG,58.9525
2019-08-02,HYG,58.8639
2019-08-05,HYG,58.2507
2019-08-06,HYG,58.6254
2019-08-07,HYG,58.6186
2019-08-08,HYG,58.8503
2019-08-09,HYG,58.7685
2019-08-12,HYG,58.5641
2019-08-13,HYG,58.823
2019-08-14,HYG,58.2984
2019-08-15,HYG,58.4687
2019-08-16,HYG,58.6663
2019-08-19,HYG,58.8367
2019-08-20,HYG,58.8844
2019-08-21,HYG,59.1364
2019-08-22,HYG,59.2455
2019-08-23,HYG,58.9729
2019-08-26,HYG,59.2659
2019-08-27,HYG,59.2387
2019-08-28,HYG,59.3818
2019-08-29,HYG,59.4431
2019-08-30,HYG,59.3886
2019-09-03,HYG,59.2182
2019-09-04,HYG,59.3413
2019-09-05,HYG,59.574
2019-09-06,HYG,59.6288
2019-09-09,HYG,59.6904
2019-09-10,HYG,59.7246
2019-09-11,HYG,59.7178
2019-09-12,HYG,59.7519
2019-09-13,HYG,59.6425
2019-09-16,HYG,59.8546
2019-09-17,HYG,59.8888
2019-09-18,HYG,59.8546
2019-09-19,HYG,59.7862
2019-09-20,HYG,59.8614
2019-09-23,HYG,59.8341
2019-09-24,HYG,59.7519
2019-09-25,HYG,59.6904
2019-09-26,HYG,59.6493
2019-09-27,HYG,59.5809
2019-09-30,HYG,59.6493
2019-10-01,HYG,59.5119
2019-10-02,HYG,59.1615
2019-10-03,HYG,59.1958
2019-10-04,HYG,59.3813
2019-10-07,HYG,59.3332
2019-10-08,HYG,59.1134
2019-10-09,HYG,59.292
2019-10-10,HYG,59.3676
2019-10-11,HYG,59.6149
2019-10-14,HYG,59.6562
2019-10-15,HYG,59.7867
2019-10-16,HYG,59.7386
2019-10-17,HYG,59.821
2019-10-18,HYG,59.8348
2019-10-21,HYG,59.8554
2019-10-22,HYG,59.8691
2019-10-23,HYG,59.9241
2019-10-24,HYG,59.9928
2019-10-25,HYG,60.0409
2019-10-28,HYG,60.034
2019-10-29,HYG,59.9241
2019-10-30,HYG,59.8485
2019-10-31,HYG,59.6424
2019-11-01,HYG,59.8984
2019-11-04,HYG,60.0226
2019-11-05,HYG,59.9605
2019-11-06,HYG,59.8915
2019-11-07,HYG,59.8639
2019-11-08,HYG,59.9191
2019-11-11,HYG,59.8846
2019-11-12,HYG,59.8984
2019-11-13,HYG,59.8363
2019-11-14,HYG,59.8018
2019-11-15,HYG,59.9812
2019-11-18,HYG,59.9053
2019-11-19,HYG,59.6914
2019-11-20,HYG,59.5672
2019-11-21,HYG,59.581
2019-11-22,HYG,59.8087
2019-11-25,HYG,59.9674
2019-11-26,HYG,60.0363
2019-11-27,HYG,60.1122
2019-11-29,HYG,59.9812
2019-12-02,HYG,59.9403
2019-12-03,HYG,59.8572
2019-12-04,HYG,60.0373
2019-12-05,HYG,60.1273
2019-12-06,HYG,60.2104
2019-12-09,HYG,60.2104
2019-12-10,HYG,60.3559
2019-12-11,HYG,60.4805
2019-12-12,HYG,60.6191
2019-12-13,HYG,60.6814
2019-12-16,HYG,60.7992
2019-12-17,HYG,60.9862
2019-12-18,HYG,61.097
2019-12-19,HYG,61.065
2019-12-20,HYG,60.9746
2019-12-23,HYG,61.0025
2019-12-24,HYG,61.0511
2019-12-26,HYG,61.1415
2019-12-27,HYG,61.1136
2019-12-30,HYG,61.072
2019-12-31,HYG,61.1276
2020-01-02,HYG,61.3848
2020-01-03,HYG,61.3222
2020-01-06,HYG,61.2596
2020-01-07,HYG,61.204
2020-01-08,HYG,61.2596
2020-01-09,HYG,61.4195
2020-01-10,HYG,61.4404
2020-01-13,HYG,61.4404
2020-01-14,HYG,61.4334
2020-01-15,HYG,61.4473
2020-01-16,HYG,61.4682
2020-01-17,HYG,61.4195
2020-01-21,HYG,61.2875
2020-01-22,HYG,61.3987
2020-01-23,HYG,61.211
2020-01-24,HYG,60.9538
2020-01-27,HYG,60.5437
2020-01-28,HYG,61.065
2020-01-29,HYG,61.0303
2020-01-30,HYG,61.0928
2020-01-31,HYG,60.8426
2020-02-03,HYG,60.8328
2020-02-04,HYG,61.1958
2020-02-05,HYG,61.4471
2020-02-06,HYG,61.4959
2020-02-07,HYG,61.4052
2020-02-10,HYG,61.489
2020-02-11,HYG,61.5309
2020-02-12,HYG,61.6914
2020-02-13,HYG,61.7123
2020-02-14,HYG,61.7053
2020-02-18,HYG,61.5797
2020-02-19,HYG,61.6076
2020-02-20,HYG,61.7123
2020-02-21,HYG,61.6565
2020-02-24,HYG,60.9933
2020-02-25,HYG,60.5676
2020-02-26,HYG,60.6304
2020-02-27,HYG,59.8137
2020-02-28,HYG,60.058
2020-03-02,HYG,60.5137
2020-03-03,HYG,60.2543
2020-03-04,HYG,61.0816
2020-03-05,HYG,60.3104
2020-03-06,HYG,59.6303
2020-03-09,HYG,57.0642
2020-03-10,HYG,57.9406
2020-03-11,HYG,56.6786
2020-03-12,HYG,54.414
2020-03-13,HYG,56.1247
2020-03-16,HYG,53.0398
2020-03-17,HYG,53.5376
2020-03-18,HYG,51.1748
2020-03-19,HYG,50.025
2020-03-20,HYG,48.9032
2020-03-23,HYG,48.1179
2020-03-24,HYG,50.1021
2020-03-25,HYG,51.5113
2020-03-26,HYG,53.8671
2020-03-27,HYG,54.0073
2020-03-30,HYG,54.4701
2020-03-31,HYG,54.0354
2020-04-01,HYG,52.5521
2020-04-02,HYG,52.9608
2020-04-03,HYG,51.8263
2020-04-06,HYG,53.0876
2020-04-07,HYG,53.0876
2020-04-08,HYG,54.4687
2020-04-09,HYG,58.0342
2020-04-13,HYG,57.2027
2020-04-14,HYG,57.4423
2020-04-15,HYG,56.9068
2020-04-16,HYG,56.8504
2020-04-17,HYG,57.1393
2020-04-20,HYG,56.2797
2020-04-21,HYG,55.2509
2020-04-22,HYG,55.7371
2020-04-23,HYG,55.7089
2020-04-24,HYG,55.1875
2020-04-27,HYG,55.4129
2020-04-28,HYG,55.582
2020-04-29,HYG,56.5615
2020-04-30,HYG,56.6743
2020-05-01,HYG,55.6967
2020-05-04,HYG,55.6188
2020-05-05,HYG,56.1002
2020-05-06,HYG,55.7816
2020-05-07,HYG,55.9232
2020-05-08,HYG,56.4541
2020-05-11,HYG,56.1993
2020-05-12,HYG,56.1285
2020-05-13,HYG,55.8312
2020-05-14,HYG,55.64
2020-05-15,HYG,55.7179
2020-05-18,HYG,56.7019
2020-05-19,HYG,56.7727
2020-05-20,HYG,57.3744
2020-05-21,HYG,57.3602
2020-05-22,HYG,57.5018
2020-05-26,HYG,57.9336
2020-05-27,HYG,58.0539
2020-05-28,HYG,58.1106
2020-05-29,HYG,58.3442
2020-06-01,HYG,58.7855
2020-06-02,HYG,59.3682
2020-06-03,HYG,59.6454
2020-06-04,HYG,59.4606
2020-06-05,HYG,60.022
2020-06-08,HYG,60.0931
2020-06-09,HYG,59.624
2020-06-10,HYG,59.5388
2020-06-11,HYG,58.0109
2020-06-12,HYG,58.5865
2020-06-15,HYG,59.155
2020-06-16,HYG,59.3967
2020-06-17,HYG,59.1195
2020-06-18,HYG,59.0982
2020-06-19,HYG,58.8992
2020-06-22,HYG,58.8565
2020-06-23,HYG,58.9418
2020-06-24,HYG,58.3378
2020-06-25,HYG,58.3591
2020-06-26,HYG,57.8048
2020-06-29,HYG,57.4779
2020-06-30,HYG,58.0038
2020-07-01,HYG,58.1843
2020-07-02,HYG,58.6125
2020-07-06,HYG,59.0336
2020-07-07,HYG,58.641
2020-07-08,HYG,58.7981
2020-07-09,HYG,58.6696
2020-07-10,HYG,58.8694
2020-07-13,HYG,58.5483
2020-07-14,HYG,59.0478
2020-07-15,HYG,59.3833
2020-07-16,HYG,59.4403
2020-07-17,HYG,59.6045
2020-07-20,HYG,59.9613
2020-07-21,HYG,60.2396
2020-07-22,HYG,60.361
2020-07-23,HYG,60.3181
2020-07-24,HYG,60.3752
2020-07-27,HYG,60.518
2020-07-28,HYG,60.361
2020-07-29,HYG,60.6964
2020-07-30,HYG,60.8248
2020-07-31,HYG,60.939
2019-07-01,INTC,41.8698
2019-07-02,INTC,41.9308
2019-07-03,INTC,42.2794
2019-07-05,INTC,41.896
2019-07-08,INTC,41.6694
2019-07-09,INTC,41.6084
2019-07-10,INTC,42.0092
2019-07-11,INTC,42.3491
2019-07-12,INTC,43.4993
2019-07-15,INTC,43.6736
2019-07-16,INTC,42.8458
2019-07-17,INTC,43.0375
2019-07-18,INTC,43.5167
2019-07-19,INTC,43.8043
2019-07-22,INTC,44.7454
2019-07-23,INTC,45.0939
2019-07-24,INTC,46.1135
2019-07-25,INTC,45.4512
2019-07-26,INTC,44.9545
2019-07-29,INTC,45.7562
2019-07-30,INTC,45.0504
2019-07-31,INTC,44.0483
2019-08-01,INTC,43.1333
2019-08-02,INTC,42.4188
2019-08-05,INTC,40.9287
2019-08-06,INTC,41.1963
2019-08-07,INTC,40.9945
2019-08-08,INTC,41.3805
2019-08-09,INTC,40.3366
2019-08-12,INTC,40.0032
2019-08-13,INTC,41.091
2019-08-14,INTC,40.2401
2019-08-15,INTC,40.091
2019-08-16,INTC,40.7928
2019-08-19,INTC,41.4332
2019-08-20,INTC,40.8805
2019-08-21,INTC,41.363
2019-08-22,INTC,41.0384
2019-08-23,INTC,39.4418
2019-08-26,INTC,39.9681
2019-08-27,INTC,40.1699
2019-08-28,INTC,40.1699
2019-08-29,INTC,41.1174
2019-08-30,INTC,41.5911
2019-09-03,INTC,41.2139
2019-09-04,INTC,42.9157
2019-09-05,INTC,43.9509
2019-09-06,INTC,44.6703
2019-09-09,INTC,45.258
2019-09-10,INTC,45.4598
2019-09-11,INTC,46.3108
2019-09-12,INTC,46.5037
2019-09-13,INTC,46.0914
2019-09-16,INTC,45.7932
2019-09-17,INTC,45.5738
2019-09-18,INTC,45.3896
2019-09-19,INTC,45.2405
2019-09-20,INTC,44.4948
2019-09-23,INTC,44.6527
2019-09-24,INTC,43.7053
2019-09-25,INTC,44.758
2019-09-26,INTC,44.6703
2019-09-27,INTC,44.5475
2019-09-30,INTC,45.2054
2019-10-01,INTC,44.5299
2019-10-02,INTC,43.3281
2019-10-03,INTC,43.8895
2019-10-04,INTC,44.6703
2019-10-07,INTC,44.4071
2019-10-08,INTC,43.6263
2019-10-09,INTC,44.2843
2019-10-10,INTC,44.8369
2019-10-11,INTC,45.6967
2019-10-14,INTC,45.3019
2019-10-15,INTC,46.1879
2019-10-16,INTC,46.0125
2019-10-17,INTC,45.4949
2019-10-18,INTC,45.0563
2019-10-21,INTC,45.7318
2019-10-22,INTC,45.6265
2019-10-23,INTC,45.3721
2019-10-24,INTC,45.8195
2019-10-25,INTC,49.5303
2019-10-28,INTC,49.7935
2019-10-29,INTC,49.425
2019-10-30,INTC,49.6531
2019-10-31,INTC,49.5917
2019-11-01,INTC,49.5742
2019-11-04,INTC,50.5392
2019-11-05,INTC,50.4865
2019-11-06,INTC,50.8085
2019-11-07,INTC,51.2054
2019-11-08,INTC,51.3995
2019-11-11,INTC,51.4701
2019-11-12,INTC,51.3378
2019-11-13,INTC,51.0643
2019-11-14,INTC,50.9937
2019-11-15,INTC,51.126
2019-11-18,INTC,51.3819
2019-11-19,INTC,51.4701
2019-11-20,INTC,51.0731
2019-11-21,INTC,51.3554
2019-11-22,INTC,50.8173
2019-11-25,INTC,51.8758
2019-11-26,INTC,51.9552
2019-11-27,INTC,51.6112
2019-11-29,INTC,51.2054
2019-12-02,INTC,50.8614
2019-12-03,INTC,49.4589
2019-12-04,INTC,49.4148
2019-12-05,INTC,49.4677
2019-12-06,INTC,50.1116
2019-12-09,INTC,49.8646
2019-12-10,INTC,49.9176
2019-12-11,INTC,50.341
2019-12-12,INTC,50.7644
2019-12-13,INTC,50.9761
2019-12-16,INTC,50.8967
2019-12-17,INTC,50.5439
2019-12-18,INTC,50.4292
2019-12-19,INTC,51.126
2019-12-20,INTC,51.9993
2019-12-23,INTC,52.2463
2019-12-24,INTC,52.4051
2019-12-26,INTC,52.7667
2019-12-27,INTC,52.9961
2019-12-30,INTC,52.5903
2019-12-31,INTC,52.7932
2020-01-02,INTC,53.6665
2020-01-03,INTC,53.0137
2020-01-06,INTC,52.8638
2020-01-07,INTC,51.9817
2020-01-08,INTC,52.017
2020-01-09,INTC,52.308
2020-01-10,INTC,51.9905
2020-01-13,INTC,52.5639
2020-01-14,INTC,52.4227
2020-01-15,INTC,51.9905
2020-01-16,INTC,52.6256
2020-01-17,INTC,52.5727
2020-01-21,INTC,53.4106
2020-01-22,INTC,55.3336
2020-01-23,INTC,55.854
2020-01-24,INTC,60.3968
2020-01-27,INTC,57.9446
2020-01-28,INTC,59.3736
2020-01-29,INTC,58.5092
2020-01-30,INTC,58.6327
2020-01-31,INTC,56.3921
2020-02-03,INTC,56.8244
2020-02-04,INTC,57.7417
2020-02-05,INTC,59.4001
2020-02-06,INTC,59.471
2020-02-07,INTC,58.5225
2020-02-10,INTC,58.8505
2020-02-11,INTC,59.7546
2020-02-12,INTC,59.799
2020-02-13,INTC,59.7812
2020-02-14,INTC,59.6305
2020-02-18,INTC,58.6289
2020-02-19,INTC,59.4887
2020-02-20,INTC,58.0172
2020-02-21,INTC,57.0333
2020-02-24,INTC,54.7463
2020-02-25,INTC,52.9468
2020-02-26,INTC,52.8759
2020-02-27,INTC,49.4897
2020-02-28,INTC,49.2149
2020-03-02,INTC,51.5728
2020-03-03,INTC,49.6138
2020-03-04,INTC,52.0161
2020-03-05,INTC,50.4914
2020-03-06,INTC,49.4365
2020-03-09,INTC,45.0753
2020-03-10,INTC,47.8498
2020-03-11,INTC,45.7933
2020-03-12,INTC,40.3683
2020-03-13,INTC,48.2487
2020-03-16,INTC,39.5439
2020-03-17,INTC,44.3927
2020-03-18,INTC,42.2032
2020-03-19,INTC,40.7229
2020-03-20,INTC,40.6254
2020-03-23,INTC,43.9495
2020-03-24,INTC,46.4492
2020-03-25,INTC,45.4387
2020-03-26,INTC,49.2327
2020-03-27,INTC,46.4226
2020-03-30,INTC,49.1883
2020-03-31,INTC,47.9739
2020-04-01,INTC,45.9883
2020-04-02,INTC,48.1778
2020-04-03,INTC,47.9828
2020-04-06,INTC,51.7944
2020-04-07,INTC,51.7679
2020-04-08,INTC,52.282
2020-04-09,INTC,50.6509
2020-04-13,INTC,52.0338
2020-04-14,INTC,53.7712
2020-04-15,INTC,52.1845
2020-04-16,INTC,53.8864
2020-04-17,INTC,53.5053
2020-04-20,INTC,52.4593
2020-04-21,INTC,49.9595
2020-04-22,INTC,53.2748
2020-04-23,INTC,52.3352
2020-04-24,INTC,52.5302
2020-04-27,INTC,52.7163
2020-04-28,INTC,52.0781
2020-04-29,INTC,54.7817
2020-04-30,INTC,53.1684
2020-05-01,INTC,50.9435
2020-05-04,INTC,51.4044
2020-05-05,INTC,52.0781
2020-05-06,INTC,52.7556
2020-05-07,INTC,52.7467
2020-05-08,INTC,53.1924
2020-05-11,INTC,53.6025
2020-05-12,INTC,52.0514
2020-05-13,INTC,51.4719
2020-05-14,INTC,52.6665
2020-05-15,INTC,51.9533
2020-05-18,INTC,53.4153
2020-05-19,INTC,53.7451
2020-05-20,INTC,56.25
2020-05-21,INTC,55.2516
2020-05-22,INTC,55.5013
2020-05-26,INTC,55.5726
2020-05-27,INTC,56.6601
2020-05-28,INTC,55.002
2020-05-29,INTC,56.0985
2020-06-01,INTC,55.1447
2020-06-02,INTC,55.3764
2020-06-03,INTC,55.2071
2020-06-04,INTC,56.1342
2020-06-05,INTC,57.3554
2020-06-08,INTC,56.7582
2020-06-09,INTC,56.1966
2020-06-10,INTC,56.9365
2020-06-11,INTC,53.2192
2020-06-12,INTC,52.8893
2020-06-15,INTC,53.5757
2020-06-16,INTC,53.8432
2020-06-17,INTC,53.9234
2020-06-18,INTC,53.5579
2020-06-19,INTC,53.1478
2020-06-22,INTC,53.5668
2020-06-23,INTC,53.4153
2020-06-24,INTC,52.6754
2020-06-25,INTC,52.1583
2020-06-26,INTC,51.258
2020-06-29,INTC,51.9444
2020-06-30,INTC,53.335
2020-07-01,INTC,52.4258
2020-07-02,INTC,52.711
2020-07-06,INTC,53.0765
2020-07-07,INTC,51.98
2020-07-08,INTC,52.2475
2020-07-09,INTC,52.0781
2020-07-10,INTC,53.0676
2020-07-13,INTC,52.2207
2020-07-14,INTC,52.5773
2020-07-15,INTC,52.6219
2020-07-16,INTC,52.7199
2020-07-17,INTC,53.4866
2020-07-20,INTC,54.5118
2020-07-21,INTC,54.1106
2020-07-22,INTC,54.4226
2020-07-23,INTC,53.8432
2020-07-24,INTC,45.0981
2020-07-27,INTC,44.1888
2020-07-28,INTC,43.8947
2020-07-29,INTC,42.8517
2020-07-30,INTC,42.7803
2020-07-31,INTC,42.5486
2019-07-01,JPM,93.5771
2019-07-02,JPM,93.6759
2019-07-03,JPM,93.5267
2019-07-05,JPM,94.0821
2019-07-08,JPM,93.5682
2019-07-09,JPM,93.9661
2019-07-10,JPM,93.6925
2019-07-11,JPM,94.5878
2019-07-12,JPM,95.5826
2019-07-15,JPM,94.422
2019-07-16,JPM,95.4334
2019-07-17,JPM,94.4966
2019-07-18,JPM,95.0603
2019-07-19,JPM,94.1236
2019-07-22,JPM,94.7287
2019-07-23,JPM,96.4613
2019-07-24,JPM,96.8509
2019-07-25,JPM,95.9225
2019-07-26,JPM,96.3453
2019-07-29,JPM,96.0386
2019-07-30,JPM,95.823
2019-07-31,JPM,96.1629
2019-08-01,JPM,93.6262
2019-08-02,JPM,93.6179
2019-08-05,JPM,90.8325
2019-08-06,JPM,91.5454
2019-08-07,JPM,89.5558
2019-08-08,JPM,91.0729
2019-08-09,JPM,90.9734
2019-08-12,JPM,89.2657
2019-08-13,JPM,90.6418
2019-08-14,JPM,86.8782
2019-08-15,JPM,87.2098
2019-08-16,JPM,89.2988
2019-08-19,JPM,90.103
2019-08-20,JPM,88.959
2019-08-21,JPM,89.2077
2019-08-22,JPM,90.1278
2019-08-23,JPM,87.8895
2019-08-26,JPM,88.5942
2019-08-27,JPM,87.6574
2019-08-28,JPM,88.5362
2019-08-29,JPM,90.5423
2019-08-30,JPM,91.0729
2019-09-03,JPM,89.9952
2019-09-04,JPM,91.0812
2019-09-05,JPM,93.1536
2019-09-06,JPM,93.3526
2019-09-09,JPM,95.6655
2019-09-10,JPM,96.8841
2019-09-11,JPM,97.1494
2019-09-12,JPM,97.7462
2019-09-13,JPM,99.6695
2019-09-16,JPM,98.7825
2019-09-17,JPM,98.2934
2019-09-18,JPM,99.2799
2019-09-19,JPM,98.9649
2019-09-20,JPM,98.5669
2019-09-23,JPM,98.5504
2019-09-24,JPM,97.2654
2019-09-25,JPM,97.8209
2019-09-26,JPM,97.0167
2019-09-27,JPM,97.5888
2019-09-30,JPM,97.5639
2019-10-01,JPM,95.7898
2019-10-02,JPM,93.8832
2019-10-03,JPM,93.7495
2019-10-04,JPM,95.7801
2019-10-07,JPM,95.5711
2019-10-08,JPM,93.4403
2019-10-09,JPM,94.1171
2019-10-10,JPM,95.4374
2019-10-11,JPM,97.0502
2019-10-14,JPM,97.3092
2019-10-15,JPM,100.2423
2019-10-16,JPM,100.0083
2019-10-17,JPM,100.5682
2019-10-18,JPM,100.7437
2019-10-21,JPM,103.2422
2019-10-22,JPM,104.2784
2019-10-23,JPM,104.5542
2019-10-24,JPM,104.479
2019-10-25,JPM,105.3146
2019-10-28,JPM,105.7157
2019-10-29,JPM,105.6488
2019-10-30,JPM,105.0639
2019-10-31,JPM,104.387
2019-11-01,JPM,106.7937
2019-11-04,JPM,107.646
2019-11-05,JPM,107.88
2019-11-06,JPM,108.0471
2019-11-07,JPM,108.6321
2019-11-08,JPM,108.9496
2019-11-11,JPM,108.5652
2019-11-12,JPM,107.9301
2019-11-13,JPM,107.3619
2019-11-14,JPM,107.4622
2019-11-15,JPM,108.2393
2019-11-18,JPM,109.1501
2019-11-19,JPM,109.1167
2019-11-20,JPM,108.3229
2019-11-21,JPM,108.5736
2019-11-22,JPM,109.2922
2019-11-25,JPM,109.8771
2019-11-26,JPM,110.0276
2019-11-27,JPM,110.3535
2019-11-29,JPM,110.1028
2019-12-02,JPM,109.8604
2019-12-03,JPM,108.4482
2019-12-04,JPM,110.5874
2019-12-05,JPM,111.1891
2019-12-06,JPM,112.8436
2019-12-09,JPM,112.3172
2019-12-10,JPM,112.3924
2019-12-11,JPM,112.125
2019-12-12,JPM,115.3338
2019-12-13,JPM,114.3227
2019-12-16,JPM,114.7656
2019-12-17,JPM,115.4675
2019-12-18,JPM,115.3505
2019-12-19,JPM,114.7739
2019-12-20,JPM,114.682
2019-12-23,JPM,114.6486
2019-12-24,JPM,114.9662
2019-12-26,JPM,116.1862
2019-12-27,JPM,116.2697
2019-12-30,JPM,115.8436
2019-12-31,JPM,116.487
2020-01-02,JPM,117.8992
2020-01-03,JPM,116.3434
2020-01-06,JPM,116.2509
2020-01-07,JPM,114.2745
2020-01-08,JPM,115.166
2020-01-09,JPM,115.5865
2020-01-10,JPM,114.4343
2020-01-13,JPM,115.3846
2020-01-14,JPM,116.7302
2020-01-15,JPM,114.981
2020-01-16,JPM,115.4267
2020-01-17,JPM,116.2256
2020-01-21,JPM,115.0819
2020-01-22,JPM,114.9473
2020-01-23,JPM,114.8296
2020-01-24,JPM,111.9786
2020-01-27,JPM,111.0367
2020-01-28,JPM,113.0551
2020-01-29,JPM,112.8869
2020-01-30,JPM,114.2829
2020-01-31,JPM,111.3142
2020-02-03,JPM,112.1636
2020-02-04,JPM,113.7783
2020-02-05,JPM,115.7126
2020-02-06,JPM,115.7294
2020-02-07,JPM,115.3594
2020-02-10,JPM,115.8388
2020-02-11,JPM,116.0574
2020-02-12,JPM,116.0574
2020-02-13,JPM,115.9565
2020-02-14,JPM,115.6033
2020-02-18,JPM,114.0727
2020-02-19,JPM,115.6285
2020-02-20,JPM,115.6285
2020-02-21,JPM,114.2156
2020-02-24,JPM,111.146
2020-02-25,JPM,106.1841
2020-02-26,JPM,106.5037
2020-02-27,JPM,102.0716
2020-02-28,JPM,97.648
2020-03-02,JPM,102.1978
2020-03-03,JPM,98.3628
2020-03-04,JPM,100.7933
2020-03-05,JPM,95.8483
2020-03-06,JPM,90.8948
2020-03-09,JPM,78.5826
2020-03-10,JPM,84.6883
2020-03-11,JPM,80.702
2020-03-12,JPM,74.0497
2020-03-13,JPM,87.3879
2020-03-16,JPM,74.3104
2020-03-17,JPM,78.8518
2020-03-18,JPM,70.5511
2020-03-19,JPM,71.7369
2020-03-20,JPM,70.2232
2020-03-23,JPM,66.4639
2020-03-24,JPM,74.3693
2020-03-25,JPM,77.1446
2020-03-26,JPM,82.5185
2020-03-27,JPM,76.64
2020-03-30,JPM,78.6331
2020-03-31,JPM,75.7149
2020-04-01,JPM,70.9464
2020-04-02,JPM,73.5955
2020-04-03,JPM,71.4202
2020-04-06,JPM,76.0173
2020-04-07,JPM,77.02
2020-04-08,JPM,80.13
2020-04-09,JPM,87.3188
2020-04-13,JPM,83.4355
2020-04-14,JPM,81.1497
2020-04-15,JPM,77.1475
2020-04-16,JPM,74.2074
2020-04-17,JPM,80.8778
2020-04-20,JPM,77.9292
2020-04-21,JPM,75.6689
2020-04-22,JPM,75.9153
2020-04-23,JPM,75.9578
2020-04-24,JPM,77.0795
2020-04-27,JPM,80.4019
2020-04-28,JPM,80.9712
2020-04-29,JPM,83.1551
2020-04-30,JPM,81.3706
2020-05-01,JPM,79.2378
2020-05-04,JPM,78.2946
2020-05-05,JPM,78.1756
2020-05-06,JPM,76.7056
2020-05-07,JPM,77.5043
2020-05-08,JPM,78.7704
2020-05-11,JPM,76.4507
2020-05-12,JPM,73.9524
2020-05-13,JPM,71.4032
2020-05-14,JPM,74.3688
2020-05-15,JPM,72.9922
2020-05-18,JPM,76.8585
2020-05-19,JPM,75.346
2020-05-20,JPM,77.6063
2020-05-21,JPM,76.6206
2020-05-22,JPM,76.0258
2020-05-26,JPM,81.4216
2020-05-27,JPM,86.1377
2020-05-28,JPM,84.8545
2020-05-29,JPM,82.6877
2020-06-01,JPM,83.7839
2020-06-02,JPM,84.0643
2020-06-03,JPM,88.6019
2020-06-04,JPM,90.4458
2020-06-05,JPM,94.516
2020-06-08,JPM,96.4024
2020-06-09,JPM,93.9297
2020-06-10,JPM,90.1229
2020-06-11,JPM,82.6027
2020-06-12,JPM,84.863
2020-06-15,JPM,86.0357
2020-06-16,JPM,86.7239
2020-06-17,JPM,84.5316
2020-06-18,JPM,84.0728
2020-06-19,JPM,83.1126
2020-06-22,JPM,82.2119
2020-06-23,JPM,83.2145
2020-06-24,JPM,80.4359
2020-06-25,JPM,83.24
2020-06-26,JPM,78.677
2020-06-29,JPM,79.0253
2020-06-30,JPM,79.9261
2020-07-01,JPM,79.2463
2020-07-02,JPM,79.5037
2020-07-06,JPM,81.5114
2020-07-07,JPM,79.212
2020-07-08,JPM,80.0528
2020-07-09,JPM,78.3196
2020-07-10,JPM,82.6011
2020-07-13,JPM,83.7852
2020-07-14,JPM,84.2657
2020-07-15,JPM,85.5699
2020-07-16,JPM,85.8101
2020-07-17,JPM,84.2228
2020-07-20,JPM,83.4849
2020-07-21,JPM,85.2953
2020-07-22,JPM,84.6775
2020-07-23,JPM,84.9263
2020-07-24,JPM,84.3257
2020-07-27,JPM,83.1417
2020-07-28,JPM,83.502
2020-07-29,JPM,85.527
2020-07-30,JPM,83.2446
2020-07-31,JPM,82.9186
2019-07-01,META,191.169
2019-07-02,META,193.1501
2019-07-03,META,195.3292
2019-07-05,META,194.5368
2019-07-08,META,193.9029
2019-07-09,META,197.3201
2019-07-10,META,200.8068
2019-07-11,META,199.321
2019-07-12,META,202.9264
2019-07-15,META,201.9756
2019-07-16,META,201.9062
2019-07-17,META,199.8855
2019-07-18,META,198.8752
2019-07-19,META,196.4782
2019-07-22,META,200.4006
2019-07-23,META,200.4402
2019-07-24,META,202.7184
2019-07-25,META,198.8059
2019-07-26,META,197.855
2019-07-29,META,194.0811
2019-07-30,META,195.1707
2019-07-31,META,192.3874
2019-08-01,META,190.9016
2019-08-02,META,187.2268
2019-08-05,META,180.006
2019-08-06,META,182.7596
2019-08-07,META,183.3935
2019-08-08,META,188.356
2019-08-09,META,186.0679
2019-08-12,META,183.6114
2019-08-13,META,186.6622
2019-08-14,META,178.0051
2019-08-15,META,180.8578
2019-08-16,META,181.9573
2019-08-19,META,184.4038
2019-08-20,META,182.0662
2019-08-21,META,181.8087
2019-08-22,META,180.313
2019-08-23,META,176.0637
2019-08-26,META,178.649
2019-08-27,META,179.58
2019-08-28,META,180.0357
2019-08-29,META,183.8095
2019-08-30,META,183.9086
2019-09-03,META,180.6597
2019-09-04,META,185.3646
2019-09-05,META,189.089
2019-09-06,META,185.7113
2019-09-09,META,186.9693
2019-09-10,META,184.4038
2019-09-11,META,186.7018
2019-09-12,META,185.6915
2019-09-13,META,185.4142
2019-09-16,META,184.4534
2019-09-17,META,186.2957
2019-09-18,META,186.3551
2019-09-19,META,188.3362
2019-09-20,META,188.1282
2019-09-23,META,185.0477
2019-09-24,META,179.5602
2019-09-25,META,181.0658
2019-09-26,META,178.4014
2019-09-27,META,175.4199
2019-09-30,META,176.3906
2019-10-01,META,174.1421
2019-10-02,META,172.9436
2019-10-03,META,177.6782
2019-10-04,META,178.7381
2019-10-07,META,177.9754
2019-10-08,META,176.0637
2019-10-09,META,178.1438
2019-10-10,META,178.3221
2019-10-11,META,182.4426
2019-10-14,META,181.5412
2019-10-15,META,187.098
2019-10-16,META,187.7518
2019-10-17,META,188.5838
2019-10-18,META,184.0869
2019-10-21,META,187.9598
2019-10-22,META,180.6102
2019-10-23,META,184.384
2019-10-24,META,184.6118
2019-10-25,META,186.1075
2019-10-28,META,187.6032
2019-10-29,META,187.5141
2019-10-30,META,186.4641
2019-10-31,META,189.8318
2019-11-01,META,191.7832
2019-11-04,META,192.8727
2019-11-05,META,192.4765
2019-11-06,META,189.7328
2019-11-07,META,188.6135
2019-11-08,META,189.0295
2019-11-11,META,187.8112
2019-11-12,META,192.6251
2019-11-13,META,191.3573
2019-11-14,META,191.3176
2019-11-15,META,193.2492
2019-11-18,META,195.5273
2019-11-19,META,197.4291
2019-11-20,META,195.6362
2019-11-21,META,196.0523
2019-11-22,META,196.9339
2019-11-25,META,197.8946
2019-11-26,META,197.0824
2019-11-27,META,200.0836
2019-11-29,META,199.7271
2019-12-02,META,197.8055
2019-12-03,META,196.9339
2019-12-04,META,196.8249
2019-12-05,META,197.4687
2019-12-06,META,199.1427
2019-12-09,META,199.4299
2019-12-10,META,198.9644
2019-12-11,META,200.3412
2019-12-12,META,194.8835
2019-12-13,META,192.2685
2019-12-16,META,196.0424
2019-12-17,META,196.5079
2019-12-18,META,200.5789
2019-12-19,META,204.1051
2019-12-20,META,204.3429
2019-12-23,META,204.224
2019-12-24,META,203.1741
2019-12-26,META,205.8187
2019-12-27,META,206.1258
2019-12-30,META,202.4708
2019-12-31,META,203.3028
2020-01-02,META,207.7899
2020-01-03,META,206.6904
2020-01-06,META,210.5831
2020-01-07,META,211.0387
2020-01-08,META,213.1782
2020-01-09,META,216.229
2020-01-10,META,215.9913
2020-01-13,META,219.8048
2020-01-14,META,216.9818
2020-01-15,META,219.052
2020-01-16,META,219.6661
2020-01-17,META,220.0326
2020-01-21,META,219.3393
2020-01-22,META,219.2204
2020-01-23,META,217.6752
2020-01-24,META,215.8724
2020-01-27,META,212.8316
2020-01-28,META,215.7239
2020-01-29,META,221.1122
2020-01-30,META,207.5422
2020-01-31,META,199.9945
2020-02-03,META,202.2529
2020-02-04,META,207.8394
2020-02-05,META,208.1167
2020-02-06,META,208.8497
2020-02-07,META,210.3157
2020-02-10,META,211.0387
2020-02-11,META,205.2244
2020-02-12,META,208.7605
2020-02-13,META,211.118
2020-02-14,META,212.1481
2020-02-18,META,215.7338
2020-02-19,META,215.4267
2020-02-20,META,212.5443
2020-02-21,META,208.1861
2020-02-24,META,198.8158
2020-02-25,META,194.9033
2020-02-26,META,195.3292
2020-02-27,META,187.9498
2020-02-28,META,190.6441
2020-03-02,META,194.5764
2020-03-03,META,184.1265
2020-03-04,META,189.9408
2020-03-05,META,183.4133
2020-03-06,META,179.372
2020-03-09,META,167.892
2020-03-10,META,176.4996
2020-03-11,META,168.625
2020-03-12,META,153.0046
2020-03-13,META,168.6646
2020-03-16,META,144.6248
2020-03-17,META,148.0025
2020-03-18,META,145.5658
2020-03-19,META,151.6773
2020-03-20,META,148.3095
2020-03-23,META,146.695
2020-03-24,META,159.4528
2020-03-25,META,154.7281
2020-03-26,META,161.7904
2020-03-27,META,155.3026
2020-03-30,META,164.3757
2020-03-31,META,165.2176
2020-04-01,META,158.0859
2020-04-02,META,156.6893
2020-04-03,META,152.7173
2020-04-06,META,163.9795
2020-04-07,META,167.2283
2020-04-08,META,172.6267
2020-04-09,META,173.528
2020-04-13,META,173.1318
2020-04-14,META,176.4797
2020-04-15,META,175.2911
2020-04-16,META,174.5779
2020-04-17,META,177.5396
2020-04-20,META,176.5491
2020-04-21,META,169.1796
2020-04-22,META,180.5507
2020-04-23,META,183.3737
2020-04-24,META,188.2668
2020-04-27,META,185.7212
2020-04-28,META,181.1747
2020-04-29,META,192.3478
2020-04-30,META,202.768
2020-05-01,META,200.3511
2020-05-04,META,203.3127
2020-05-05,META,205.1056
2020-05-06,META,206.4923
2020-05-07,META,209.2558
2020-05-08,META,210.3355
2020-05-11,META,211.1576
2020-05-12,META,208.1068
2020-05-13,META,203.1543
2020-05-14,META,204.848
2020-05-15,META,208.8794
2020-05-18,META,211.1675
2020-05-19,META,214.8225
2020-05-20,META,227.7883
2020-05-21,META,229.1949
2020-05-22,META,232.6814
2020-05-26,META,229.9972
2020-05-27,META,226.9662
2020-05-28,META,223.3211
2020-05-29,META,222.9546
2020-06-01,META,229.7099
2020-06-02,META,230.5122
2020-06-03,META,227.9765
2020-06-04,META,224.1432
2020-06-05,META,228.5807
2020-06-08,META,229.2047
2020-06-09,META,236.4058
2020-06-10,META,234.4842
2020-06-11,META,222.3009
2020-06-12,META,226.4115
2020-06-15,META,230.2943
2020-06-16,META,233.4144
2020-06-17,META,233.2956
2020-06-18,META,233.7017
2020-06-19,META,236.5247
2020-06-22,META,236.9506
2020-06-23,META,239.9419
2020-06-24,META,231.7999
2020-06-25,META,233.4441
2020-06-26,META,214.0301
2020-06-29,META,218.5468
2020-06-30,META,224.9158
2020-07-01,META,235.2964
2020-07-02,META,231.2056
2020-07-06,META,238.0005
2020-07-07,META,238.575
2020-07-08,META,241.2692
2020-07-09,META,242.1805
2020-07-10,META,242.7451
2020-07-13,META,236.7327
2020-07-14,META,237.4557
2020-07-15,META,238.0005
2020-07-16,META,238.6443
2020-07-17,META,239.7339
2020-07-20,META,243.0917
2020-07-21,META,239.4566
2020-07-22,META,237.5944
2020-07-23,META,230.3934
2020-07-24,META,228.5213
2020-07-27,META,231.2848
2020-07-28,META,227.9369
2020-07-29,META,231.0768
2020-07-30,META,232.2754
2020-07-31,META,251.2635
2019-07-01,MSFT,127.1559
2019-07-02,MSFT,127.9994
2019-07-03,MSFT,128.8241
2019-07-05,MSFT,128.4492
2019-07-08,MSFT,128.3555
2019-07-09,MSFT,127.8869
2019-07-10,MSFT,129.1896
2019-07-11,MSFT,129.705
2019-07-12,MSFT,130.1737
2019-07-15,MSFT,130.1737
2019-07-16,MSFT,128.468
2019-07-17,MSFT,127.7089
2019-07-18,MSFT,127.8494
2019-07-19,MSFT,128.0369
2019-07-22,MSFT,129.7332
2019-07-23,MSFT,130.5391
2019-07-24,MSFT,131.8793
2019-07-25,MSFT,131.3826
2019-07-26,MSFT,132.4604
2019-07-29,MSFT,132.1699
2019-07-30,MSFT,131.5326
2019-07-31,MSFT,127.7089
2019-08-01,MSFT,129.3864
2019-08-02,MSFT,128.2993
2019-08-05,MSFT,123.9039
2019-08-06,MSFT,126.2282
2019-08-07,MSFT,126.7811
2019-08-08,MSFT,130.1642
2019-08-09,MSFT,129.0584
2019-08-12,MSFT,127.259
2019-08-13,MSFT,129.8925
2019-08-14,MSFT,125.9808
2019-08-15,MSFT,125.6988
2019-08-16,MSFT,128.0025
2019-08-19,MSFT,130.1464
2019-08-20,MSFT,129.065
2019-08-21,MSFT,130.5037
2019-08-22,MSFT,129.554
2019-08-23,MSFT,125.4261
2019-08-26,MSFT,127.3631
2019-08-27,MSFT,127.6358
2019-08-28,MSFT,127.4665
2019-08-29,MSFT,129.8737
2019-08-30,MSFT,129.6292
2019-09-03,MSFT,127.9178
2019-09-04,MSFT,129.413
2019-09-05,MSFT,131.6885
2019-09-06,MSFT,130.7952
2019-09-09,MSFT,129.3095
2019-09-10,MSFT,127.9555
2019-09-11,MSFT,127.9931
2019-09-12,MSFT,129.3095
2019-09-13,MSFT,129.1214
2019-09-16,MSFT,128.1906
2019-09-17,MSFT,129.1873
2019-09-18,MSFT,130.2498
2019-09-19,MSFT,132.6476
2019-09-20,MSFT,131.1149
2019-09-23,MSFT,130.8328
2019-09-24,MSFT,129.1778
2019-09-25,MSFT,131.0397
2019-09-26,MSFT,131.2089
2019-09-27,MSFT,129.507
2019-09-30,MSFT,130.7293
2019-10-01,MSFT,128.8864
2019-10-02,MSFT,126.6108
2019-10-03,MSFT,128.1436
2019-10-04,MSFT,129.8737
2019-10-07,MSFT,128.9333
2019-10-08,MSFT,127.5699
2019-10-09,MSFT,129.9865
2019-10-10,MSFT,130.7952
2019-10-11,MSFT,131.3405
2019-10-14,MSFT,131.2183
2019-10-15,MSFT,133.1177
2019-10-16,MSFT,132.0269
2019-10-17,MSFT,131.35
2019-10-18,MSFT,129.2061
2019-10-21,MSFT,130.1652
2019-10-22,MSFT,128.2282
2019-10-23,MSFT,129.0462
2019-10-24,MSFT,131.585
2019-10-25,MSFT,132.3279
2019-10-28,MSFT,135.5813
2019-10-29,MSFT,134.3025
2019-10-30,MSFT,135.9762
2019-10-31,MSFT,134.8102
2019-11-01,MSFT,135.1393
2019-11-04,MSFT,135.9198
2019-11-05,MSFT,135.8352
2019-11-06,MSFT,135.459
2019-11-07,MSFT,135.6471
2019-11-08,MSFT,137.2456
2019-11-11,MSFT,137.3866
2019-11-12,MSFT,138.2894
2019-11-13,MSFT,138.515
2019-11-14,MSFT,139.2203
2019-11-15,MSFT,141.0162
2019-11-18,MSFT,141.3641
2019-11-19,MSFT,141.4111
2019-11-20,MSFT,141.1659
2019-11-21,MSFT,141.0337
2019-11-22,MSFT,141.1375
2019-11-25,MSFT,142.6848
2019-11-26,MSFT,143.4396
2019-11-27,MSFT,143.7133
2019-11-29,MSFT,142.8264
2019-12-02,MSFT,141.0998
2019-12-03,MSFT,140.8733
2019-12-04,MSFT,141.3828
2019-12-05,MSFT,141.4583
2019-12-06,MSFT,143.1754
2019-12-09,MSFT,142.8075
2019-12-10,MSFT,142.5905
2019-12-11,MSFT,143.1283
2019-12-12,MSFT,144.5813
2019-12-13,MSFT,145.7984
2019-12-16,MSFT,146.7419
2019-12-17,MSFT,145.9493
2019-12-18,MSFT,145.6474
2019-12-19,MSFT,146.9117
2019-12-20,MSFT,148.5157
2019-12-23,MSFT,148.5157
2019-12-24,MSFT,148.4874
2019-12-26,MSFT,149.7045
2019-12-27,MSFT,149.9781
2019-12-30,MSFT,148.6854
2019-12-31,MSFT,148.7893
2020-01-02,MSFT,151.5442
2020-01-03,MSFT,149.6573
2020-01-06,MSFT,150.0441
2020-01-07,MSFT,148.6761
2020-01-08,MSFT,151.0442
2020-01-09,MSFT,152.9312
2020-01-10,MSFT,152.2236
2020-01-13,MSFT,154.054
2020-01-14,MSFT,152.9689
2020-01-15,MSFT,153.9596
2020-01-16,MSFT,156.7806
2020-01-17,MSFT,157.6581
2020-01-21,MSFT,157.092
2020-01-22,MSFT,156.3372
2020-01-23,MSFT,157.2996
2020-01-24,MSFT,155.7145
2020-01-27,MSFT,153.1105
2020-01-28,MSFT,156.1108
2020-01-29,MSFT,158.545
2020-01-30,MSFT,163.0172
2020-01-31,MSFT,160.6112
2020-02-03,MSFT,164.5268
2020-02-04,MSFT,169.9425
2020-02-05,MSFT,169.7348
2020-02-06,MSFT,173.2541
2020-02-07,MSFT,173.4994
2020-02-10,MSFT,178.0376
2020-02-11,MSFT,174.0183
2020-02-12,MSFT,174.2731
2020-02-13,MSFT,173.3296
2020-02-14,MSFT,174.8769
2020-02-18,MSFT,176.6507
2020-02-19,MSFT,177.1805
2020-02-20,MSFT,174.4747
2020-02-21,MSFT,168.9591
2020-02-24,MSFT,161.6743
2020-02-25,MSFT,159.0064
2020-02-26,MSFT,160.9932
2020-02-27,MSFT,149.6498
2020-02-28,MSFT,153.2733
2020-03-02,MSFT,163.4719
2020-03-03,MSFT,155.6384
2020-03-04,MSFT,161.3527
2020-03-05,MSFT,157.3035
2020-03-06,MSFT,152.857
2020-03-09,MSFT,142.4975
2020-03-10,MSFT,152.242
2020-03-11,MSFT,145.3451
2020-03-12,MSFT,131.5609
2020-03-13,MSFT,150.2647
2020-03-16,MSFT,128.1172
2020-03-17,MSFT,138.6658
2020-03-18,MSFT,132.8286
2020-03-19,MSFT,135.014
2020-03-20,MSFT,129.9431
2020-03-23,MSFT,128.6469
2020-03-24,MSFT,140.3404
2020-03-25,MSFT,138.997
2020-03-26,MSFT,147.6914
2020-03-27,MSFT,141.6271
2020-03-30,MSFT,151.5892
2020-03-31,MSFT,149.2051
2020-04-01,MSFT,143.9071
2020-04-02,MSFT,146.8872
2020-04-03,MSFT,145.5343
2020-04-06,MSFT,156.3574
2020-04-07,MSFT,154.6734
2020-04-08,MSFT,156.225
2020-04-09,MSFT,156.2345
2020-04-13,MSFT,156.5845
2020-04-14,MSFT,164.3328
2020-04-15,MSFT,162.6109
2020-04-16,MSFT,167.4927
2020-04-17,MSFT,168.9686
2020-04-20,MSFT,165.6195
2020-04-21,MSFT,158.7699
2020-04-22,MSFT,164.1625
2020-04-23,MSFT,162.1758
2020-04-24,MSFT,165.137
2020-04-27,MSFT,164.664
2020-04-28,MSFT,160.6526
2020-04-29,MSFT,167.8617
2020-04-30,MSFT,169.5457
2020-05-01,MSFT,165.1559
2020-05-04,MSFT,169.1956
2020-05-05,MSFT,171.0121
2020-05-06,MSFT,172.6961
2020-05-07,MSFT,173.699
2020-05-08,MSFT,174.7207
2020-05-11,MSFT,176.6696
2020-05-12,MSFT,172.6677
2020-05-13,MSFT,170.0565
2020-05-14,MSFT,170.7945
2020-05-15,MSFT,173.2827
2020-05-18,MSFT,174.9383
2020-05-19,MSFT,173.7273
2020-05-20,MSFT,176.137
2020-05-21,MSFT,174.0214
2020-05-22,MSFT,174.0973
2020-05-26,MSFT,172.2569
2020-05-27,MSFT,172.4845
2020-05-28,MSFT,172.0956
2020-05-29,MSFT,173.8507
2020-06-01,MSFT,173.4522
2020-06-02,MSFT,175.4256
2020-06-03,MSFT,175.8524
2020-06-04,MSFT,173.5376
2020-06-05,MSFT,177.5981
2020-06-08,MSFT,178.6986
2020-06-09,MSFT,180.0647
2020-06-10,MSFT,186.7436
2020-06-11,MSFT,176.7158
2020-06-12,MSFT,178.1104
2020-06-15,MSFT,179.2488
2020-06-16,MSFT,183.6413
2020-06-17,MSFT,184.2769
2020-06-18,MSFT,186.2503
2020-06-19,MSFT,185.1403
2020-06-22,MSFT,190.2823
2020-06-23,MSFT,191.5535
2020-06-24,MSFT,187.6923
2020-06-25,MSFT,190.0641
2020-06-26,MSFT,186.2597
2020-06-29,MSFT,188.2615
2020-06-30,MSFT,193.0715
2020-07-01,MSFT,194.2005
2020-07-02,MSFT,195.6804
2020-07-06,MSFT,199.8927
2020-07-07,MSFT,197.5683
2020-07-08,MSFT,201.9134
2020-07-09,MSFT,203.327
2020-07-10,MSFT,202.7104
2020-07-13,MSFT,196.4489
2020-07-14,MSFT,197.6632
2020-07-15,MSFT,197.3691
2020-07-16,MSFT,193.4604
2020-07-17,MSFT,192.4738
2020-07-20,MSFT,200.7466
2020-07-21,MSFT,198.0427
2020-07-22,MSFT,200.8888
2020-07-23,MSFT,192.1512
2020-07-24,MSFT,190.9748
2020-07-27,MSFT,193.394
2020-07-28,MSFT,191.6579
2020-07-29,MSFT,193.5932
2020-07-30,MSFT,193.4415
2020-07-31,MSFT,194.4945
2019-07-01,NFLX,37.46
2019-07-02,NFLX,37.543
2019-07-03,NFLX,38.172
2019-07-05,NFLX,38.055
2019-07-08,NFLX,37.616
2019-07-09,NFLX,37.993
2019-07-10,NFLX,38.1
2019-07-11,NFLX,37.95
2019-07-12,NFLX,37.325
2019-07-15,NFLX,36.66
2019-07-16,NFLX,36.599
2019-07-17,NFLX,36.244
2019-07-18,NFLX,32.521
2019-07-19,NFLX,31.51
2019-07-22,NFLX,31.062
2019-07-23,NFLX,30.73
2019-07-24,NFLX,31.794
2019-07-25,NFLX,32.646
2019-07-26,NFLX,33.578
2019-07-29,NFLX,33.27
2019-07-30,NFLX,32.593
2019-07-31,NFLX,32.299
2019-08-01,NFLX,31.95
2019-08-02,NFLX,31.883
2019-08-05,NFLX,30.763
2019-08-06,NFLX,31.01
2019-08-07,NFLX,30.429
2019-08-08,NFLX,31.59
2019-08-09,NFLX,30.893
2019-08-12,NFLX,31.083
2019-08-13,NFLX,31.228
2019-08-14,NFLX,29.911
2019-08-15,NFLX,29.576
2019-08-16,NFLX,30.28
2019-08-19,NFLX,30.938
2019-08-20,NFLX,29.899
2019-08-21,NFLX,29.781
2019-08-22,NFLX,29.693
2019-08-23,NFLX,29.144
2019-08-26,NFLX,29.498
2019-08-27,NFLX,29.103
2019-08-28,NFLX,29.177
2019-08-29,NFLX,29.678
2019-08-30,NFLX,29.375
2019-09-03,NFLX,28.929
2019-09-04,NFLX,29.152
2019-09-05,NFLX,29.325
2019-09-06,NFLX,29.017
2019-09-09,NFLX,29.434
2019-09-10,NFLX,28.799
2019-09-11,NFLX,28.827
2019-09-12,NFLX,28.886
2019-09-13,NFLX,29.415
2019-09-16,NFLX,29.429
2019-09-17,NFLX,29.86
2019-09-18,NFLX,29.156
2019-09-19,NFLX,28.66
2019-09-20,NFLX,27.075
2019-09-23,NFLX,26.592
2019-09-24,NFLX,25.459
2019-09-25,NFLX,26.475
2019-09-26,NFLX,26.331
2019-09-27,NFLX,26.308
2019-09-30,NFLX,26.762
2019-10-01,NFLX,26.958
2019-10-02,NFLX,26.803
2019-10-03,NFLX,26.815
2019-10-04,NFLX,27.279
2019-10-07,NFLX,27.446
2019-10-08,NFLX,27.072
2019-10-09,NFLX,26.753
2019-10-10,NFLX,28.048
2019-10-11,NFLX,28.293
2019-10-14,NFLX,28.553
2019-10-15,NFLX,28.425
2019-10-16,NFLX,28.628
2019-10-17,NFLX,29.335
2019-10-18,NFLX,27.53
2019-10-21,NFLX,27.805
2019-10-22,NFLX,26.669
2019-10-23,NFLX,27.127
2019-10-24,NFLX,27.15
2019-10-25,NFLX,27.682
2019-10-28,NFLX,28.186
2019-10-29,NFLX,28.121
2019-10-30,NFLX,29.145
2019-10-31,NFLX,28.741
2019-11-01,NFLX,28.681
2019-11-04,NFLX,29.286
2019-11-05,NFLX,28.803
2019-11-06,NFLX,28.859
2019-11-07,NFLX,28.957
2019-11-08,NFLX,29.157
2019-11-11,NFLX,29.418
2019-11-12,NFLX,29.201
2019-11-13,NFLX,28.311
2019-11-14,NFLX,28.962
2019-11-15,NFLX,29.503
2019-11-18,NFLX,30.257
2019-11-19,NFLX,30.26
2019-11-20,NFLX,30.516
2019-11-21,NFLX,31.169
2019-11-22,NFLX,31.048
2019-11-25,NFLX,31.555
2019-11-26,NFLX,31.249
2019-11-27,NFLX,31.593
2019-11-29,NFLX,31.466
2019-12-02,NFLX,30.999
2019-12-03,NFLX,30.616
2019-12-04,NFLX,30.432
2019-12-05,NFLX,30.286
2019-12-06,NFLX,30.735
2019-12-09,NFLX,30.25
2019-12-10,NFLX,29.312
2019-12-11,NFLX,29.893
2019-12-12,NFLX,29.844
2019-12-13,NFLX,29.85
2019-12-16,NFLX,30.421
2019-12-17,NFLX,31.548
2019-12-18,NFLX,32.08
2019-12-19,NFLX,33.222
2019-12-20,NFLX,33.69
2019-12-23,NFLX,33.31
2019-12-24,NFLX,33.32
2019-12-26,NFLX,33.263
2019-12-27,NFLX,32.909
2019-12-30,NFLX,32.331
2019-12-31,NFLX,32.357
2020-01-02,NFLX,32.981
2020-01-03,NFLX,32.59
2020-01-06,NFLX,33.583
2020-01-07,NFLX,33.075
2020-01-08,NFLX,33.926
2020-01-09,NFLX,33.566
2020-01-10,NFLX,32.905
2020-01-13,NFLX,33.892
2020-01-14,NFLX,33.869
2020-01-15,NFLX,33.907
2020-01-16,NFLX,33.862
2020-01-17,NFLX,33.967
2020-01-21,NFLX,33.811
2020-01-22,NFLX,32.6
2020-01-23,NFLX,34.96
2020-01-24,NFLX,35.316
2020-01-27,NFLX,34.288
2020-01-28,NFLX,34.852
2020-01-29,NFLX,34.316
2020-01-30,NFLX,34.774
2020-01-31,NFLX,34.509
2020-02-03,NFLX,35.8
2020-02-04,NFLX,36.901
2020-02-05,NFLX,36.967
2020-02-06,NFLX,36.695
2020-02-07,NFLX,36.677
2020-02-10,NFLX,37.107
2020-02-11,NFLX,37.369
2020-02-12,NFLX,38.001
2020-02-13,NFLX,38.14
2020-02-14,NFLX,38.04
2020-02-18,NFLX,38.778
2020-02-19,NFLX,38.619
2020-02-20,NFLX,38.6
2020-02-21,NFLX,38.007
2020-02-24,NFLX,36.87
2020-02-25,NFLX,36.009
2020-02-26,NFLX,37.924
2020-02-27,NFLX,37.171
2020-02-28,NFLX,36.903
2020-03-02,NFLX,38.105
2020-03-03,NFLX,36.877
2020-03-04,NFLX,38.379
2020-03-05,NFLX,37.278
2020-03-06,NFLX,36.897
2020-03-09,NFLX,34.649
2020-03-10,NFLX,36.413
2020-03-11,NFLX,34.992
2020-03-12,NFLX,31.525
2020-03-13,NFLX,33.63
2020-03-16,NFLX,29.884
2020-03-17,NFLX,31.975
2020-03-18,NFLX,31.547
2020-03-19,NFLX,33.203
2020-03-20,NFLX,33.283
2020-03-23,NFLX,36.027
2020-03-24,NFLX,35.732
2020-03-25,NFLX,34.239
2020-03-26,NFLX,36.299
2020-03-27,NFLX,35.712
2020-03-30,NFLX,37.096
2020-03-31,NFLX,37.55
2020-04-01,NFLX,36.408
2020-04-02,NFLX,37.008
2020-04-03,NFLX,36.176
2020-04-06,NFLX,37.996
2020-04-07,NFLX,37.228
2020-04-08,NFLX,37.112
2020-04-09,NFLX,37.072
2020-04-13,NFLX,39.672
2020-04-14,NFLX,41.355
2020-04-15,NFLX,42.675
2020-04-16,NFLX,43.917
2020-04-17,NFLX,42.296
2020-04-20,NFLX,43.749
2020-04-21,NFLX,43.383
2020-04-22,NFLX,42.142
2020-04-23,NFLX,42.67
2020-04-24,NFLX,42.499
2020-04-27,NFLX,42.138
2020-04-28,NFLX,40.383
2020-04-29,NFLX,41.189
2020-04-30,NFLX,41.985
2020-05-01,NFLX,41.527
2020-05-04,NFLX,42.815
2020-05-05,NFLX,42.468
2020-05-06,NFLX,43.426
2020-05-07,NFLX,43.653
2020-05-08,NFLX,43.555
2020-05-11,NFLX,44.052
2020-05-12,NFLX,43.182
2020-05-13,NFLX,43.827
2020-05-14,NFLX,44.195
2020-05-15,NFLX,45.419
2020-05-18,NFLX,45.258
2020-05-19,NFLX,45.104
2020-05-20,NFLX,44.767
2020-05-21,NFLX,43.625
2020-05-22,NFLX,42.932
2020-05-26,NFLX,41.477
2020-05-27,NFLX,41.989
2020-05-28,NFLX,41.344
2020-05-29,NFLX,41.973
2020-06-01,NFLX,42.592
2020-06-02,NFLX,42.731
2020-06-03,NFLX,42.197
2020-06-04,NFLX,41.433
2020-06-05,NFLX,41.96
2020-06-08,NFLX,41.949
2020-06-09,NFLX,43.405
2020-06-10,NFLX,43.448
2020-06-11,NFLX,42.556
2020-06-12,NFLX,41.807
2020-06-15,NFLX,42.55
2020-06-16,NFLX,43.613
2020-06-17,NFLX,44.777
2020-06-18,NFLX,44.987
2020-06-19,NFLX,45.372
2020-06-22,NFLX,46.804
2020-06-23,NFLX,46.626
2020-06-24,NFLX,45.785
2020-06-25,NFLX,46.591
2020-06-26,NFLX,44.34
2020-06-29,NFLX,44.724
2020-06-30,NFLX,45.504
2020-07-01,NFLX,48.564
2020-07-02,NFLX,47.689
2020-07-06,NFLX,49.381
2020-07-07,NFLX,49.316
2020-07-08,NFLX,50.278
2020-07-09,NFLX,50.776
2020-07-10,NFLX,54.873
2020-07-13,NFLX,52.55
2020-07-14,NFLX,52.488
2020-07-15,NFLX,52.326
2020-07-16,NFLX,52.739
2020-07-17,NFLX,49.299
2020-07-20,NFLX,50.241
2020-07-21,NFLX,49.01
2020-07-22,NFLX,48.982
2020-07-23,NFLX,47.758
2020-07-24,NFLX,48.045
2020-07-27,NFLX,49.565
2020-07-28,NFLX,48.851
2020-07-29,NFLX,48.448
2020-07-30,NFLX,48.58
2020-07-31,NFLX,48.888
2019-07-01,PFE,29.1705
2019-07-02,PFE,29.4704
2019-07-03,PFE,29.5903
2019-07-05,PFE,29.2705
2019-07-08,PFE,28.8573
2019-07-09,PFE,28.9039
2019-07-10,PFE,29.3637
2019-07-11,PFE,28.644
2019-07-12,PFE,28.2574
2019-07-15,PFE,28.4907
2019-07-16,PFE,28.5574
2019-07-17,PFE,28.484
2019-07-18,PFE,28.6973
2019-07-19,PFE,28.504
2019-07-22,PFE,28.5374
2019-07-23,PFE,28.7173
2019-07-24,PFE,28.584
2019-07-25,PFE,28.4374
2019-07-26,PFE,28.7173
2019-07-29,PFE,27.6243
2019-07-30,PFE,25.8516
2019-07-31,PFE,25.8849
2019-08-01,PFE,25.7302
2019-08-02,PFE,25.562
2019-08-05,PFE,24.8624
2019-08-06,PFE,24.8557
2019-08-07,PFE,24.6068
2019-08-08,PFE,24.8019
2019-08-09,PFE,24.4521
2019-08-12,PFE,23.8063
2019-08-13,PFE,23.6785
2019-08-14,PFE,23.0327
2019-08-15,PFE,23.1941
2019-08-16,PFE,23.3085
2019-08-19,PFE,23.665
2019-08-20,PFE,23.2816
2019-08-21,PFE,23.4565
2019-08-22,PFE,23.5978
2019-08-23,PFE,23.1
2019-08-26,PFE,23.4363
2019-08-27,PFE,23.1
2019-08-28,PFE,23.5978
2019-08-29,PFE,23.7659
2019-08-30,PFE,23.9139
2019-09-03,PFE,24.2974
2019-09-04,PFE,24.1023
2019-09-05,PFE,24.4453
2019-09-06,PFE,24.553
2019-09-09,PFE,24.775
2019-09-10,PFE,25.1449
2019-09-11,PFE,25.1651
2019-09-12,PFE,25.0777
2019-09-13,PFE,24.8288
2019-09-16,PFE,24.775
2019-09-17,PFE,24.553
2019-09-18,PFE,24.4722
2019-09-19,PFE,24.5597
2019-09-20,PFE,24.6808
2019-09-23,PFE,24.3781
2019-09-24,PFE,24.2234
2019-09-25,PFE,24.1494
2019-09-26,PFE,24.0686
2019-09-27,PFE,24.3646
2019-09-30,PFE,24.1695
2019-10-01,PFE,23.8332
2019-10-02,PFE,23.3421
2019-10-03,PFE,23.8467
2019-10-04,PFE,24.1695
2019-10-07,PFE,24.1023
2019-10-08,PFE,23.8332
2019-10-09,PFE,24.0081
2019-10-10,PFE,24.0754
2019-10-11,PFE,24.2906
2019-10-14,PFE,24.4184
2019-10-15,PFE,24.553
2019-10-16,PFE,24.4453
2019-10-17,PFE,24.5261
2019-10-18,PFE,24.5261
2019-10-21,PFE,24.5261
2019-10-22,PFE,24.5059
2019-10-23,PFE,24.7346
2019-10-24,PFE,24.479
2019-10-25,PFE,24.7346
2019-10-28,PFE,25.0777
2019-10-29,PFE,25.7033
2019-10-30,PFE,25.8849
2019-10-31,PFE,25.8109
2019-11-01,PFE,25.8243
2019-11-04,PFE,25.5822
2019-11-05,PFE,25.2122
2019-11-06,PFE,25.2997
2019-11-07,PFE,25.0687
2019-11-08,PFE,25.1638
2019-11-11,PFE,25.0823
2019-11-12,PFE,25.1095
2019-11-13,PFE,24.8582
2019-11-14,PFE,24.8242
2019-11-15,PFE,25.32
2019-11-18,PFE,25.2793
2019-11-19,PFE,25.5781
2019-11-20,PFE,25.1638
2019-11-21,PFE,25.6325
2019-11-22,PFE,26.0332
2019-11-25,PFE,26.2709
2019-11-26,PFE,26.006
2019-11-27,PFE,26.2369
2019-11-29,PFE,26.1622
2019-12-02,PFE,26.006
2019-12-03,PFE,25.843
2019-12-04,PFE,25.9041
2019-12-05,PFE,25.8294
2019-12-06,PFE,26.006
2019-12-09,PFE,26.0264
2019-12-10,PFE,26.1351
2019-12-11,PFE,25.9585
2019-12-12,PFE,26.1758
2019-12-13,PFE,26.0332
2019-12-16,PFE,26.5833
2019-12-17,PFE,26.4203
2019-12-18,PFE,26.4135
2019-12-19,PFE,26.4679
2019-12-20,PFE,26.6444
2019-12-23,PFE,26.7056
2019-12-24,PFE,26.6852
2019-12-26,PFE,26.7463
2019-12-27,PFE,26.7056
2019-12-30,PFE,26.4271
2019-12-31,PFE,26.6105
2020-01-02,PFE,26.5833
2020-01-03,PFE,26.4407
2020-01-06,PFE,26.4067
2020-01-07,PFE,26.3184
2020-01-08,PFE,26.529
2020-01-09,PFE,26.4135
2020-01-10,PFE,26.821
2020-01-13,PFE,26.7667
2020-01-14,PFE,27.215
2020-01-15,PFE,27.6225
2020-01-16,PFE,27.5817
2020-01-17,PFE,27.5138
2020-01-21,PFE,27.3983
2020-01-22,PFE,27.2965
2020-01-23,PFE,27.6496
2020-01-24,PFE,27.0452
2020-01-27,PFE,27.2761
2020-01-28,PFE,25.9041
2020-01-29,PFE,25.5238
2020-01-30,PFE,25.4346
2020-01-31,PFE,25.5512
2020-02-03,PFE,25.7365
2020-02-04,PFE,25.86
2020-02-05,PFE,26.1893
2020-02-06,PFE,26.2511
2020-02-07,PFE,26.107
2020-02-10,PFE,25.9423
2020-02-11,PFE,26.1344
2020-02-12,PFE,25.8943
2020-02-13,PFE,25.3385
2020-02-14,PFE,25.0504
2020-02-18,PFE,24.92
2020-02-19,PFE,24.8582
2020-02-20,PFE,24.5975
2020-02-21,PFE,24.5083
2020-02-24,PFE,23.7879
2020-02-25,PFE,23.2802
2020-02-26,PFE,23.8222
2020-02-27,PFE,23.3968
2020-02-28,PFE,22.9302
2020-03-02,PFE,23.932
2020-03-03,PFE,23.534
2020-03-04,PFE,24.9749
2020-03-05,PFE,24.3299
2020-03-06,PFE,24.028
2020-03-09,PFE,23.1635
2020-03-10,PFE,23.733
2020-03-11,PFE,22.0726
2020-03-12,PFE,20.5974
2020-03-13,PFE,22.4431
2020-03-16,PFE,20.7072
2020-03-17,PFE,22.0657
2020-03-18,PFE,22.203
2020-03-19,PFE,20.8719
2020-03-20,PFE,19.9044
2020-03-23,PFE,19.5477
2020-03-24,PFE,20.3779
2020-03-25,PFE,20.4122
2020-03-26,PFE,21.7844
2020-03-27,PFE,21.2012
2020-03-30,PFE,22.4156
2020-03-31,PFE,22.3951
2020-04-01,PFE,21.7844
2020-04-02,PFE,22.5529
2020-04-03,PFE,23.0812
2020-04-06,PFE,23.7193
2020-04-07,PFE,23.0606
2020-04-08,PFE,23.7399
2020-04-09,PFE,24.2819
2020-04-13,PFE,24.1104
2020-04-14,PFE,25.0023
2020-04-15,PFE,24.6799
2020-04-16,PFE,24.6181
2020-04-17,PFE,25.3248
2020-04-20,PFE,24.7553
2020-04-21,PFE,24.4397
2020-04-22,PFE,24.872
2020-04-23,PFE,25.1739
2020-04-24,PFE,25.6473
2020-04-27,PFE,26.2991
2020-04-28,PFE,26.0109
2020-04-29,PFE,26.155
2020-04-30,PFE,26.3197
2020-05-01,PFE,25.8257
2020-05-04,PFE,25.812
2020-05-05,PFE,26.4226
2020-05-06,PFE,26.4226
2020-05-07,PFE,25.6118
2020-05-08,PFE,25.792
2020-05-11,PFE,26.4018
2020-05-12,PFE,25.889
2020-05-13,PFE,25.6742
2020-05-14,PFE,26.2771
2020-05-15,PFE,26.1662
2020-05-18,PFE,26.381
2020-05-19,PFE,26.1108
2020-05-20,PFE,26.0761
2020-05-21,PFE,25.8197
2020-05-22,PFE,25.986
2020-05-26,PFE,25.9791
2020-05-27,PFE,25.9237
2020-05-28,PFE,26.4573
2020-05-29,PFE,26.4642
2020-06-01,PFE,24.5724
2020-06-02,PFE,25.0575
2020-06-03,PFE,25.0575
2020-06-04,PFE,24.9535
2020-06-05,PFE,24.9397
2020-06-08,PFE,25.3554
2020-06-09,PFE,25.0921
2020-06-10,PFE,24.8912
2020-06-11,PFE,23.0756
2020-06-12,PFE,23.3874
2020-06-15,PFE,23.1172
2020-06-16,PFE,23.1449
2020-06-17,PFE,23.2558
2020-06-18,PFE,23.034
2020-06-19,PFE,23.1588
2020-06-22,PFE,22.9439
2020-06-23,PFE,22.7083
2020-06-24,PFE,22.3064
2020-06-25,PFE,22.3965
2020-06-26,PFE,22.2025
2020-06-29,PFE,22.6183
2020-06-30,PFE,22.6598
2020-07-01,PFE,23.3805
2020-07-02,PFE,23.9141
2020-07-06,PFE,23.9141
2020-07-07,PFE,23.5815
2020-07-08,PFE,23.3874
2020-07-09,PFE,23.1865
2020-07-10,PFE,23.4429
2020-07-13,PFE,24.3992
2020-07-14,PFE,24.413
2020-07-15,PFE,24.7526
2020-07-16,PFE,24.6694
2020-07-17,PFE,25.1198
2020-07-20,PFE,25.2931
2020-07-21,PFE,25.4247
2020-07-22,PFE,26.7206
2020-07-23,PFE,26.6166
2020-07-24,PFE,26.0969
2020-07-27,PFE,26.0138
2020-07-28,PFE,27.0393
2020-07-29,PFE,27.2057
2020-07-30,PFE,27.1077
2020-07-31,PFE,26.9258
2019-07-01,SPY,266.2873
2019-07-02,SPY,266.9807
2019-07-03,SPY,269.1153
2019-07-05,SPY,268.809
2019-07-08,SPY,267.3321
2019-07-09,SPY,267.6652
2019-07-10,SPY,268.9442
2019-07-11,SPY,269.5746
2019-07-12,SPY,270.7815
2019-07-15,SPY,270.8716
2019-07-16,SPY,269.998
2019-07-17,SPY,268.1606
2019-07-18,SPY,269.1423
2019-07-19,SPY,267.6473
2019-07-22,SPY,268.3047
2019-07-23,SPY,270.2231
2019-07-24,SPY,271.4931
2019-07-25,SPY,270.196
2019-07-26,SPY,272.0064
2019-07-29,SPY,271.5111
2019-07-30,SPY,270.8445
2019-07-31,SPY,267.8814
2019-08-01,SPY,265.5487
2019-08-02,SPY,263.5493
2019-08-05,SPY,255.6235
2019-08-06,SPY,259.2082
2019-08-07,SPY,259.3613
2019-08-08,SPY,264.4499
2019-08-09,SPY,262.6487
2019-08-12,SPY,259.4514
2019-08-13,SPY,263.4861
2019-08-14,SPY,255.6955
2019-08-15,SPY,256.3712
2019-08-16,SPY,260.1538
2019-08-19,SPY,263.2881
2019-08-20,SPY,261.2707
2019-08-21,SPY,263.3962
2019-08-22,SPY,263.3152
2019-08-23,SPY,256.5513
2019-08-26,SPY,259.3882
2019-08-27,SPY,258.3705
2019-08-28,SPY,260.1899
2019-08-29,SPY,263.5132
2019-08-30,SPY,263.3962
2019-09-03,SPY,261.856
2019-09-04,SPY,264.8283
2019-09-05,SPY,268.2327
2019-09-06,SPY,268.4399
2019-09-09,SPY,268.575
2019-09-10,SPY,268.512
2019-09-11,SPY,270.4212
2019-09-12,SPY,271.358
2019-09-13,SPY,271.1779
2019-09-16,SPY,270.3402
2019-09-17,SPY,271.0247
2019-09-18,SPY,271.1869
2019-09-19,SPY,271.1689
2019-09-20,SPY,269.8876
2019-09-23,SPY,269.8242
2019-09-24,SPY,267.7069
2019-09-25,SPY,269.2904
2019-09-26,SPY,268.7294
2019-09-27,SPY,267.2817
2019-09-30,SPY,268.5214
2019-10-01,SPY,265.3275
2019-10-02,SPY,260.6404
2019-10-03,SPY,262.7757
2019-10-04,SPY,266.3317
2019-10-07,SPY,265.1826
2019-10-08,SPY,261.0658
2019-10-09,SPY,263.5449
2019-10-10,SPY,265.3275
2019-10-11,SPY,268.0779
2019-10-14,SPY,267.7794
2019-10-15,SPY,270.4305
2019-10-16,SPY,269.9962
2019-10-17,SPY,270.7924
2019-10-18,SPY,269.6071
2019-10-21,SPY,271.4349
2019-10-22,SPY,270.5481
2019-10-23,SPY,271.3354
2019-10-24,SPY,271.7786
2019-10-25,SPY,272.8916
2019-10-28,SPY,274.4298
2019-10-29,SPY,274.3484
2019-10-30,SPY,275.1898
2019-10-31,SPY,274.4569
2019-11-01,SPY,276.9995
2019-11-04,SPY,278.1124
2019-11-05,SPY,277.8047
2019-11-06,SPY,277.868
2019-11-07,SPY,278.8453
2019-11-08,SPY,279.5329
2019-11-11,SPY,278.9991
2019-11-12,SPY,279.5872
2019-11-13,SPY,279.6777
2019-11-14,SPY,280.0848
2019-11-15,SPY,282.1117
2019-11-18,SPY,282.3197
2019-11-19,SPY,282.2383
2019-11-20,SPY,281.1886
2019-11-21,SPY,280.7363
2019-11-22,SPY,281.3606
2019-11-25,SPY,283.5412
2019-11-26,SPY,284.1836
2019-11-27,SPY,285.4504
2019-11-29,SPY,284.3916
2019-12-02,SPY,281.976
2019-12-03,SPY,280.0848
2019-12-04,SPY,281.8131
2019-12-05,SPY,282.3197
2019-12-06,SPY,284.8985
2019-12-09,SPY,284.0026
2019-12-10,SPY,283.686
2019-12-11,SPY,284.4913
2019-12-12,SPY,286.9433
2019-12-13,SPY,287.1152
2019-12-16,SPY,289.0877
2019-12-17,SPY,289.151
2019-12-18,SPY,289.1692
2019-12-19,SPY,290.3546
2019-12-20,SPY,291.6274
2019-12-23,SPY,292.073
2019-12-24,SPY,292.0821
2019-12-26,SPY,293.6369
2019-12-27,SPY,293.5641
2019-12-30,SPY,291.9457
2019-12-31,SPY,292.6549
2020-01-02,SPY,295.3918
2020-01-03,SPY,293.155
2020-01-06,SPY,294.2734
2020-01-07,SPY,293.446
2020-01-08,SPY,295.0099
2020-01-09,SPY,297.0103
2020-01-10,SPY,296.1556
2020-01-13,SPY,298.1923
2020-01-14,SPY,297.7377
2020-01-15,SPY,298.4106
2020-01-16,SPY,300.8929
2020-01-17,SPY,301.8294
2020-01-21,SPY,301.2383
2020-01-22,SPY,301.2747
2020-01-23,SPY,301.6203
2020-01-24,SPY,298.9379
2020-01-27,SPY,294.146
2020-01-28,SPY,297.2285
2020-01-29,SPY,296.983
2020-01-30,SPY,297.9468
2020-01-31,SPY,292.5367
2020-02-03,SPY,294.7098
2020-02-04,SPY,299.2016
2020-02-05,SPY,302.6568
2020-02-06,SPY,303.6752
2020-02-07,SPY,302.0567
2020-02-10,SPY,304.3117
2020-02-11,SPY,304.839
2020-02-12,SPY,306.803
2020-02-13,SPY,306.4757
2020-02-14,SPY,306.9666
2020-02-18,SPY,306.1757
2020-02-19,SPY,307.6396
2020-02-20,SPY,306.3756
2020-02-21,SPY,303.2205
2020-02-24,SPY,293.1641
2020-02-25,SPY,284.2805
2020-02-26,SPY,283.235
2020-02-27,SPY,270.5144
2020-02-28,SPY,269.3778
2020-03-02,SPY,281.0437
2020-03-03,SPY,272.9966
2020-03-04,SPY,284.4716
2020-03-05,SPY,275.0152
2020-03-06,SPY,270.4689
2020-03-09,SPY,249.3467
2020-03-10,SPY,262.2491
2020-03-11,SPY,249.465
2020-03-12,SPY,225.5969
2020-03-13,SPY,244.8823
2020-03-16,SPY,218.0863
2020-03-17,SPY,229.8613
2020-03-18,SPY,218.2228
2020-03-19,SPY,218.6865
2020-03-20,SPY,209.2624
2020-03-23,SPY,203.9119
2020-03-24,SPY,222.3869
2020-03-25,SPY,225.7162
2020-03-26,SPY,238.8957
2020-03-27,SPY,231.78
2020-03-30,SPY,239.3072
2020-03-31,SPY,235.7403
2020-04-01,SPY,225.1308
2020-04-02,SPY,230.3257
2020-04-03,SPY,226.9966
2020-04-06,SPY,242.2431
2020-04-07,SPY,242.4901
2020-04-08,SPY,250.6301
2020-04-09,SPY,254.444
2020-04-13,SPY,252.1209
2020-04-14,SPY,259.5566
2020-04-15,SPY,254.0417
2020-04-16,SPY,255.2672
2020-04-17,SPY,262.1633
2020-04-20,SPY,257.5445
2020-04-21,SPY,249.7246
2020-04-22,SPY,255.2672
2020-04-23,SPY,255.2488
2020-04-24,SPY,258.8066
2020-04-27,SPY,262.5382
2020-04-28,SPY,261.331
2020-04-29,SPY,268.1723
2020-04-30,SPY,265.6754
2020-05-01,SPY,258.6421
2020-05-04,SPY,259.3554
2020-05-05,SPY,261.7517
2020-05-06,SPY,259.9774
2020-05-07,SPY,263.1145
2020-05-08,SPY,267.4681
2020-05-11,SPY,267.523
2020-05-12,SPY,262.1908
2020-05-13,SPY,257.5537
2020-05-14,SPY,260.6359
2020-05-15,SPY,261.834
2020-05-18,SPY,269.8094
2020-05-19,SPY,267.0381
2020-05-20,SPY,271.5746
2020-05-21,SPY,269.6997
2020-05-22,SPY,270.2118
2020-05-26,SPY,273.541
2020-05-27,SPY,277.6109
2020-05-28,SPY,277.0989
2020-05-29,SPY,278.3336
2020-06-01,SPY,279.4585
2020-06-02,SPY,281.7724
2020-06-03,SPY,285.5225
2020-06-04,SPY,284.7724
2020-06-05,SPY,292.0711
2020-06-08,SPY,295.6014
2020-06-09,SPY,293.3972
2020-06-10,SPY,291.76
2020-06-11,SPY,274.9403
2020-06-12,SPY,278.233
2020-06-15,SPY,280.8304
2020-06-16,SPY,286.2358
2020-06-17,SPY,285.0468
2020-06-18,SPY,285.1566
2020-06-19,SPY,283.5269
2020-06-22,SPY,285.3457
2020-06-23,SPY,286.6594
2020-06-24,SPY,279.3471
2020-06-25,SPY,282.3418
2020-06-26,SPY,275.6358
2020-06-29,SPY,279.687
2020-06-30,SPY,283.2696
2020-07-01,SPY,285.2539
2020-07-02,SPY,286.8248
2020-07-06,SPY,291.2525
2020-07-07,SPY,288.2487
2020-07-08,SPY,290.4534
2020-07-09,SPY,288.7998
2020-07-10,SPY,291.7487
2020-07-13,SPY,289.2224
2020-07-14,SPY,292.9705
2020-07-15,SPY,295.662
2020-07-16,SPY,294.6883
2020-07-17,SPY,295.5426
2020-07-20,SPY,297.9311
2020-07-21,SPY,298.5649
2020-07-22,SPY,300.2644
2020-07-23,SPY,296.6817
2020-07-24,SPY,294.7709
2020-07-27,SPY,296.9206
2020-07-28,SPY,295.0374
2020-07-29,SPY,298.666
2020-07-30,SPY,297.6002
2020-07-31,SPY,299.9521
2019-07-01,TLT,106.5374
2019-07-02,TLT,107.3592
2019-07-03,TLT,108.1245
2019-07-05,TLT,106.6905
2019-07-08,TLT,106.8355
2019-07-09,TLT,106.7953
2019-07-10,TLT,106.2071
2019-07-11,TLT,104.7892
2019-07-12,TLT,104.9101
2019-07-15,TLT,105.5143
2019-07-16,TLT,105.2001
2019-07-17,TLT,106.336
2019-07-18,TLT,106.3441
2019-07-19,TLT,106.0943
2019-07-22,TLT,106.2958
2019-07-23,TLT,105.7157
2019-07-24,TLT,106.1749
2019-07-25,TLT,105.6674
2019-07-26,TLT,105.9171
2019-07-29,TLT,105.9493
2019-07-30,TLT,106.2071
2019-07-31,TLT,107.0611
2019-08-01,TLT,109.1874
2019-08-02,TLT,110.1964
2019-08-05,TLT,112.1015
2019-08-06,TLT,112.9975
2019-08-07,TLT,113.0379
2019-08-08,TLT,113.2801
2019-08-09,TLT,113.0541
2019-08-12,TLT,115.4113
2019-08-13,TLT,115.0157
2019-08-14,TLT,117.6068
2019-08-15,TLT,118.9146
2019-08-16,TLT,117.9621
2019-08-19,TLT,116.275
2019-08-20,TLT,117.4777
2019-08-21,TLT,116.6947
2019-08-22,TLT,115.9197
2019-08-23,TLT,117.8249
2019-08-26,TLT,117.3486
2019-08-27,TLT,119.1568
2019-08-28,TLT,119.3102
2019-08-29,TLT,118.8581
2019-08-30,TLT,118.8904
2019-09-03,TLT,119.044
2019-09-04,TLT,119.2219
2019-09-05,TLT,117.0629
2019-09-06,TLT,117.8957
2019-09-09,TLT,115.8013
2019-09-10,TLT,113.7715
2019-09-11,TLT,113.5693
2019-09-12,TLT,112.8254
2019-09-13,TLT,110.4156
2019-09-16,TLT,111.8227
2019-09-17,TLT,112.4291
2019-09-18,TLT,112.9062
2019-09-19,TLT,113.2459
2019-09-20,TLT,114.742
2019-09-23,TLT,114.7177
2019-09-24,TLT,116.1005
2019-09-25,TLT,114.4023
2019-09-26,TLT,115.1382
2019-09-27,TLT,115.4212
2019-09-30,TLT,115.7042
2019-10-01,TLT,116.0526
2019-10-02,TLT,116.3361
2019-10-03,TLT,117.3973
2019-10-04,TLT,118.2641
2019-10-07,TLT,117.2839
2019-10-08,TLT,117.5999
2019-10-09,TLT,116.9356
2019-10-10,TLT,115.1939
2019-10-11,TLT,113.7681
2019-10-14,TLT,114.5945
2019-10-15,TLT,113.2092
2019-10-16,TLT,113.3469
2019-10-17,TLT,113.0715
2019-10-18,TLT,113.0715
2019-10-21,TLT,112.2209
2019-10-22,TLT,112.8771
2019-10-23,TLT,112.9904
2019-10-24,TLT,112.7637
2019-10-25,TLT,112.2128
2019-10-28,TLT,111.1921
2019-10-29,TLT,111.265
2019-10-30,TLT,112.8933
2019-10-31,TLT,114.4162
2019-11-01,TLT,114.0641
2019-11-04,TLT,112.5628
2019-11-05,TLT,111.2968
2019-11-06,TLT,111.9704
2019-11-07,TLT,109.9416
2019-11-08,TLT,109.4791
2019-11-11,TLT,109.5521
2019-11-12,TLT,110.0552
2019-11-13,TLT,110.7694
2019-11-14,TLT,111.9136
2019-11-15,TLT,111.7919
2019-11-18,TLT,111.9947
2019-11-19,TLT,112.9279
2019-11-20,TLT,114.0965
2019-11-21,TLT,113.3824
2019-11-22,TLT,113.5284
2019-11-25,TLT,113.8612
2019-11-26,TLT,114.5266
2019-11-27,TLT,114.1939
2019-11-29,TLT,113.9504
2019-12-02,TLT,112.4311
2019-12-03,TLT,114.7885
2019-12-04,TLT,113.6424
2019-12-05,TLT,113.0896
2019-12-06,TLT,112.4636
2019-12-09,TLT,112.7075
2019-12-10,TLT,112.7157
2019-12-11,TLT,113.6017
2019-12-12,TLT,111.732
2019-12-13,TLT,113.0245
2019-12-16,TLT,112.0084
2019-12-17,TLT,111.854
2019-12-18,TLT,110.9354
2019-12-19,TLT,111.1129
2019-12-20,TLT,111.2594
2019-12-23,TLT,111.0965
2019-12-24,TLT,111.4141
2019-12-26,TLT,111.6828
2019-12-27,TLT,111.805
2019-12-30,TLT,111.3979
2019-12-31,TLT,110.3068
2020-01-02,TLT,111.5525
2020-01-03,TLT,113.2705
2020-01-06,TLT,112.6273
2020-01-07,TLT,112.0737
2020-01-08,TLT,111.3327
2020-01-09,TLT,111.7235
2020-01-10,TLT,112.7169
2020-01-13,TLT,112.3749
2020-01-14,TLT,112.953
2020-01-15,TLT,113.702
2020-01-16,TLT,113.3438
2020-01-17,TLT,112.3749
2020-01-21,TLT,113.5555
2020-01-22,TLT,113.9544
2020-01-23,TLT,114.7523
2020-01-24,TLT,115.6805
2020-01-27,TLT,117.4799
2020-01-28,TLT,116.5598
2020-01-29,TLT,117.6997
2020-01-30,TLT,117.716
2020-01-31,TLT,118.7907
2020-02-03,TLT,118.6944
2020-02-04,TLT,117.096
2020-02-05,TLT,115.8156
2020-02-06,TLT,116.3376
2020-02-07,TLT,117.7892
2020-02-10,TLT,118.1154
2020-02-11,TLT,117.5202
2020-02-12,TLT,116.9248
2020-02-13,TLT,117.3733
2020-02-14,TLT,117.8871
2020-02-18,TLT,118.6944
2020-02-19,TLT,118.6864
2020-02-20,TLT,119.6161
2020-02-21,TLT,120.7334
2020-02-24,TLT,122.5357
2020-02-25,TLT,123.1882
2020-02-26,TLT,122.5357
2020-02-27,TLT,123.8651
2020-02-28,TLT,126.6623
2020-03-02,TLT,125.7305
2020-03-03,TLT,127.6825
2020-03-04,TLT,126.3267
2020-03-05,TLT,129.4712
2020-03-06,TLT,136.2093
2020-03-09,TLT,139.9011
2020-03-10,TLT,132.73
2020-03-11,TLT,127.8458
2020-03-12,TLT,128.6381
2020-03-13,TLT,125.7305
2020-03-16,TLT,133.8735
2020-03-17,TLT,124.9464
2020-03-18,TLT,117.8979
2020-03-19,TLT,121.1076
2020-03-20,TLT,130.2144
2020-03-23,TLT,135.5805
2020-03-24,TLT,133.0567
2020-03-25,TLT,132.7546
2020-03-26,TLT,133.4079
2020-03-27,TLT,136.969
2020-03-30,TLT,135.8418
2020-03-31,TLT,134.7392
2020-04-01,TLT,136.627
2020-04-02,TLT,137.494
2020-04-03,TLT,137.8212
2020-04-06,TLT,137.4613
2020-04-07,TLT,136.0217
2020-04-08,TLT,135.032
2020-04-09,TLT,135.2775
2020-04-13,TLT,134.0424
2020-04-14,TLT,134.0096
2020-04-15,TLT,137.5594
2020-04-16,TLT,139.1217
2020-04-17,TLT,137.2569
2020-04-20,TLT,138.361
2020-04-21,TLT,140.1032
2020-04-22,TLT,138.6719
2020-04-23,TLT,139.408
2020-04-24,TLT,139.7351
2020-04-27,TLT,137.1341
2020-04-28,TLT,138.7127
2020-04-29,TLT,137.9929
2020-04-30,TLT,136.3817
2020-05-01,TLT,137.5495
2020-05-04,TLT,136.9025
2020-05-05,TLT,136.0262
2020-05-06,TLT,133.8313
2020-05-07,TLT,136.0671
2020-05-08,TLT,134.2981
2020-05-11,TLT,133.2498
2020-05-12,TLT,134.6176
2020-05-13,TLT,135.5594
2020-05-14,TLT,136.8861
2020-05-15,TLT,136.534
2020-05-18,TLT,133.5365
2020-05-19,TLT,134.036
2020-05-20,TLT,134.4373
2020-05-21,TLT,134.7732
2020-05-22,TLT,135.5839
2020-05-26,TLT,133.7658
2020-05-27,TLT,133.5201
2020-05-28,TLT,133.0286
2020-05-29,TLT,133.9787
2020-06-01,TLT,133.0766
2020-06-02,TLT,132.5928
2020-06-03,TLT,130.8298
2020-06-04,TLT,128.9355
2020-06-05,TLT,128.017
2020-06-08,TLT,128.509
2020-06-09,TLT,129.9687
2020-06-10,TLT,131.8958
2020-06-11,TLT,134.3888
2020-06-12,TLT,133.0932
2020-06-15,TLT,133.1669
2020-06-16,TLT,131.125
2020-06-17,TLT,131.6662
2020-06-18,TLT,133.0602
2020-06-19,TLT,133.1669
2020-06-22,TLT,133.1833
2020-06-23,TLT,132.273
2020-06-24,TLT,133.6917
2020-06-25,TLT,134.0772
2020-06-26,TLT,135.5122
2020-06-29,TLT,135.0858
2020-06-30,TLT,134.4297
2020-07-01,TLT,134.1687
2020-07-02,TLT,134.3083
2020-07-06,TLT,133.7581
2020-07-07,TLT,135.6382
2020-07-08,TLT,135.0964
2020-07-09,TLT,137.2474
2020-07-10,TLT,136.5578
2020-07-13,TLT,137.0094
2020-07-14,TLT,137.2064
2020-07-15,TLT,136.566
2020-07-16,TLT,137.2146
2020-07-17,TLT,136.9272
2020-07-20,TLT,137.2638
2020-07-21,TLT,137.3459
2020-07-22,TLT,137.7564
2020-07-23,TLT,139.3656
2020-07-24,TLT,139.3574
2020-07-27,TLT,138.8402
2020-07-28,TLT,139.8008
2020-07-29,TLT,139.5627
2020-07-30,TLT,140.4821
2020-07-31,TLT,140.3919
2019-07-01,TSLA,15.1447
2019-07-02,TSLA,14.97
2019-07-03,TSLA,15.66
2019-07-05,TSLA,15.54
2019-07-08,TSLA,15.356
2019-07-09,TSLA,15.3373
2019-07-10,TSLA,15.928
2019-07-11,TSLA,15.9067
2019-07-12,TSLA,16.3387
2019-07-15,TSLA,16.9
2019-07-16,TSLA,16.8253
2019-07-17,TSLA,16.9907
2019-07-18,TSLA,16.9027
2019-07-19,TSLA,17.212
2019-07-22,TSLA,17.0453
2019-07-23,TSLA,17.3447
2019-07-24,TSLA,17.6587
2019-07-25,TSLA,15.2547
2019-07-26,TSLA,15.2027
2019-07-29,TSLA,15.718
2019-07-30,TSLA,16.1507
2019-07-31,TSLA,16.1073
2019-08-01,TSLA,15.59
2019-08-02,TSLA,15.6227
2019-08-05,TSLA,15.2213
2019-08-06,TSLA,15.3833
2019-08-07,TSLA,15.5613
2019-08-08,TSLA,15.8867
2019-08-09,TSLA,15.6673
2019-08-12,TSLA,15.2673
2019-08-13,TSLA,15.6667
2019-08-14,TSLA,14.6413
2019-08-15,TSLA,14.376
2019-08-16,TSLA,14.6627
2019-08-19,TSLA,15.122
2019-08-20,TSLA,15.0573
2019-08-21,TSLA,14.722
2019-08-22,TSLA,14.81
2019-08-23,TSLA,14.0933
2019-08-26,TSLA,14.3333
2019-08-27,TSLA,14.272
2019-08-28,TSLA,14.3727
2019-08-29,TSLA,14.7807
2019-08-30,TSLA,15.0407
2019-09-03,TSLA,15.0007
2019-09-04,TSLA,14.712
2019-09-05,TSLA,15.3053
2019-09-06,TSLA,15.1633
2019-09-09,TSLA,15.4527
2019-09-10,TSLA,15.7027
2019-09-11,TSLA,16.4733
2019-09-12,TSLA,16.3913
2019-09-13,TSLA,16.3467
2019-09-16,TSLA,16.1873
2019-09-17,TSLA,16.3193
2019-09-18,TSLA,16.2327
2019-09-19,TSLA,16.44
2019-09-20,TSLA,16.0413
2019-09-23,TSLA,16.082
2019-09-24,TSLA,14.8807
2019-09-25,TSLA,15.2467
2019-09-26,TSLA,16.1707
2019-09-27,TSLA,16.142
2019-09-30,TSLA,16.058
2019-10-01,TSLA,16.3127
2019-10-02,TSLA,16.2087
2019-10-03,TSLA,15.5353
2019-10-04,TSLA,15.4287
2019-10-07,TSLA,15.848
2019-10-08,TSLA,16.0033
2019-10-09,TSLA,16.302
2019-10-10,TSLA,16.316
2019-10-11,TSLA,16.526
2019-10-14,TSLA,17.1307
2019-10-15,TSLA,17.1927
2019-10-16,TSLA,17.3167
2019-10-17,TSLA,17.4647
2019-10-18,TSLA,17.13
2019-10-21,TSLA,16.9
2019-10-22,TSLA,17.0387
2019-10-23,TSLA,16.9787
2019-10-24,TSLA,19.9787
2019-10-25,TSLA,21.8753
2019-10-28,TSLA,21.8473
2019-10-29,TSLA,21.0813
2019-10-30,TSLA,21.0007
2019-10-31,TSLA,20.9947
2019-11-01,TSLA,20.8873
2019-11-04,TSLA,21.1647
2019-11-05,TSLA,21.148
2019-11-06,TSLA,21.772
2019-11-07,TSLA,22.3693
2019-11-08,TSLA,22.476
2019-11-11,TSLA,23.006
2019-11-12,TSLA,23.3287
2019-11-13,TSLA,23.074
2019-11-14,TSLA,23.29
2019-11-15,TSLA,23.478
2019-11-18,TSLA,23.3327
2019-11-19,TSLA,23.968
2019-11-20,TSLA,23.4813
2019-11-21,TSLA,23.6553
2019-11-22,TSLA,22.2027
2019-11-25,TSLA,22.4227
2019-11-26,TSLA,21.928
2019-11-27,TSLA,22.086
2019-11-29,TSLA,21.996
2019-12-02,TSLA,22.3247
2019-12-03,TSLA,22.4133
2019-12-04,TSLA,22.202
2019-12-05,TSLA,22.0247
2019-12-06,TSLA,22.3927
2019-12-09,TSLA,22.6353
2019-12-10,TSLA,23.256
2019-12-11,TSLA,23.5133
2019-12-12,TSLA,23.9787
2019-12-13,TSLA,23.8927
2019-12-16,TSLA,25.4333
2019-12-17,TSLA,25.266
2019-12-18,TSLA,26.21
2019-12-19,TSLA,26.936
2019-12-20,TSLA,27.0393
2019-12-23,TSLA,27.948
2019-12-24,TSLA,28.35
2019-12-26,TSLA,28.7293
2019-12-27,TSLA,28.692
2019-12-30,TSLA,27.6467
2019-12-31,TSLA,27.8887
2020-01-02,TSLA,28.684
2020-01-03,TSLA,29.534
2020-01-06,TSLA,30.1027
2020-01-07,TSLA,31.2707
2020-01-08,TSLA,32.8093
2020-01-09,TSLA,32.0893
2020-01-10,TSLA,31.8767
2020-01-13,TSLA,34.9907
2020-01-14,TSLA,35.8613
2020-01-15,TSLA,34.5667
2020-01-16,TSLA,34.2327
2020-01-17,TSLA,34.0333
2020-01-21,TSLA,36.48
2020-01-22,TSLA,37.9707
2020-01-23,TSLA,38.1467
2020-01-24,TSLA,37.6547
2020-01-27,TSLA,37.2013
2020-01-28,TSLA,37.7933
2020-01-29,TSLA,38.7327
2020-01-30,TSLA,42.7207
2020-01-31,TSLA,43.3713
2020-02-03,TSLA,52.0
2020-02-04,TSLA,59.1373
2020-02-05,TSLA,48.98
2020-02-06,TSLA,49.9307
2020-02-07,TSLA,49.8713
2020-02-10,TSLA,51.4187
2020-02-11,TSLA,51.6253
2020-02-12,TSLA,51.1527
2020-02-13,TSLA,53.6
2020-02-14,TSLA,53.3353
2020-02-18,TSLA,57.2267
2020-02-19,TSLA,61.1613
2020-02-20,TSLA,59.9607
2020-02-21,TSLA,60.0667
2020-02-24,TSLA,55.586
2020-02-25,TSLA,53.3273
2020-02-26,TSLA,51.92
2020-02-27,TSLA,45.2667
2020-02-28,TSLA,44.5327
2020-03-02,TSLA,49.5747
2020-03-03,TSLA,49.7007
2020-03-04,TSLA,49.9667
2020-03-05,TSLA,48.3027
2020-03-06,TSLA,46.8987
2020-03-09,TSLA,40.5333
2020-03-10,TSLA,43.022
2020-03-11,TSLA,42.282
2020-03-12,TSLA,37.37
2020-03-13,TSLA,36.4413
2020-03-16,TSLA,29.6713
2020-03-17,TSLA,28.68
2020-03-18,TSLA,24.0813
2020-03-19,TSLA,28.5093
2020-03-20,TSLA,28.502
2020-03-23,TSLA,28.9527
2020-03-24,TSLA,33.6667
2020-03-25,TSLA,35.95
2020-03-26,TSLA,35.2107
2020-03-27,TSLA,34.2907
2020-03-30,TSLA,33.4753
2020-03-31,TSLA,34.9333
2020-04-01,TSLA,32.104
2020-04-02,TSLA,30.298
2020-04-03,TSLA,32.0007
2020-04-06,TSLA,34.416
2020-04-07,TSLA,36.3633
2020-04-08,TSLA,36.5893
2020-04-09,TSLA,38.2
2020-04-13,TSLA,43.3967
2020-04-14,TSLA,47.326
2020-04-15,TSLA,48.6553
2020-04-16,TSLA,49.6807
2020-04-17,TSLA,50.2593
2020-04-20,TSLA,49.7573
2020-04-21,TSLA,45.7813
2020-04-22,TSLA,48.8073
2020-04-23,TSLA,47.042
2020-04-24,TSLA,48.3433
2020-04-27,TSLA,53.25
2020-04-28,TSLA,51.2747
2020-04-29,TSLA,53.3673
2020-04-30,TSLA,52.1253
2020-05-01,TSLA,46.7547
2020-05-04,TSLA,50.746
2020-05-05,TSLA,51.214
2020-05-06,TSLA,52.172
2020-05-07,TSLA,52.0027
2020-05-08,TSLA,54.628
2020-05-11,TSLA,54.086
2020-05-12,TSLA,53.9607
2020-05-13,TSLA,52.7307
2020-05-14,TSLA,53.5553
2020-05-15,TSLA,53.278
2020-05-18,TSLA,54.242
2020-05-19,TSLA,53.8673
2020-05-20,TSLA,54.3707
2020-05-21,TSLA,55.1733
2020-05-22,TSLA,54.4587
2020-05-26,TSLA,54.5913
2020-05-27,TSLA,54.682
2020-05-28,TSLA,53.7207
2020-05-29,TSLA,55.6667
2020-06-01,TSLA,59.8733
2020-06-02,TSLA,58.7707
2020-06-03,TSLA,58.864
2020-06-04,TSLA,57.6253
2020-06-05,TSLA,59.044
2020-06-08,TSLA,63.328
2020-06-09,TSLA,62.7113
2020-06-10,TSLA,68.3367
2020-06-11,TSLA,64.856
2020-06-12,TSLA,62.352
2020-06-15,TSLA,66.06
2020-06-16,TSLA,65.4753
2020-06-17,TSLA,66.1193
2020-06-18,TSLA,66.9307
2020-06-19,TSLA,66.7267
2020-06-22,TSLA,66.288
2020-06-23,TSLA,66.7853
2020-06-24,TSLA,64.0567
2020-06-25,TSLA,65.732
2020-06-26,TSLA,63.9827
2020-06-29,TSLA,67.29
2020-06-30,TSLA,71.9873
2020-07-01,TSLA,74.642
2020-07-02,TSLA,80.5773
2020-07-06,TSLA,91.4387
2020-07-07,TSLA,92.6573
2020-07-08,TSLA,91.0587
2020-07-09,TSLA,92.952
2020-07-10,TSLA,102.9767
2020-07-13,TSLA,99.804
2020-07-14,TSLA,101.12
2020-07-15,TSLA,103.0673
2020-07-16,TSLA,100.0427
2020-07-17,TSLA,100.056
2020-07-20,TSLA,109.5333
2020-07-21,TSLA,104.5573
2020-07-22,TSLA,106.1553
2020-07-23,TSLA,100.8713
2020-07-24,TSLA,94.4667
2020-07-27,TSLA,102.64
2020-07-28,TSLA,98.4327
2020-07-29,TSLA,99.9407
2020-07-30,TSLA,99.166
2020-07-31,TSLA,95.384
2019-07-01,USO,98.24
2019-07-02,USO,93.6
2019-07-03,USO,94.16
2019-07-05,USO,95.6
2019-07-08,USO,95.44
2019-07-09,USO,96.32
2019-07-10,USO,100.24
2019-07-11,USO,100.4
2019-07-12,USO,100.16
2019-07-15,USO,98.4
2019-07-16,USO,96.56
2019-07-17,USO,94.0
2019-07-18,USO,92.48
2019-07-19,USO,93.36
2019-07-22,USO,93.44
2019-07-23,USO,94.48
2019-07-24,USO,92.72
2019-07-25,USO,92.8
2019-07-26,USO,93.2
2019-07-29,USO,94.56
2019-07-30,USO,96.64
2019-07-31,USO,96.32
2019-08-01,USO,90.48
2019-08-02,USO,91.84
2019-08-05,USO,90.96
2019-08-06,USO,89.12
2019-08-07,USO,86.72
2019-08-08,USO,87.68
2019-08-09,USO,90.24
2019-08-12,USO,90.88
2019-08-13,USO,94.96
2019-08-14,USO,91.52
2019-08-15,USO,90.8
2019-08-16,USO,91.2
2019-08-19,USO,93.28
2019-08-20,USO,93.04
2019-08-21,USO,92.88
2019-08-22,USO,92.24
2019-08-23,USO,89.52
2019-08-26,USO,89.44
2019-08-27,USO,91.36
2019-08-28,USO,93.12
2019-08-29,USO,94.24
2019-08-30,USO,91.68
2019-09-03,USO,89.76
2019-09-04,USO,93.68
2019-09-05,USO,93.6
2019-09-06,USO,94.16
2019-09-09,USO,96.64
2019-09-10,USO,95.84
2019-09-11,USO,93.44
2019-09-12,USO,91.76
2019-09-13,USO,91.52
2019-09-16,USO,102.64
2019-09-17,USO,98.32
2019-09-18,USO,96.8
2019-09-19,USO,97.52
2019-09-20,USO,97.6
2019-09-23,USO,97.68
2019-09-24,USO,95.2
2019-09-25,USO,94.4
2019-09-26,USO,94.4
2019-09-27,USO,93.28
2019-09-30,USO,90.72
2019-10-01,USO,89.52
2019-10-02,USO,87.84
2019-10-03,USO,87.44
2019-10-04,USO,88.32
2019-10-07,USO,88.32
2019-10-08,USO,87.12
2019-10-09,USO,87.92
2019-10-10,USO,89.52
2019-10-11,USO,91.36
2019-10-14,USO,89.44
2019-10-15,USO,88.48
2019-10-16,USO,89.12
2019-10-17,USO,90.24
2019-10-18,USO,89.76
2019-10-21,USO,89.68
2019-10-22,USO,90.72
2019-10-23,USO,93.2
2019-10-24,USO,93.84
2019-10-25,USO,94.64
2019-10-28,USO,93.2
2019-10-29,USO,92.64
2019-10-30,USO,91.76
2019-10-31,USO,90.4
2019-11-01,USO,93.52
2019-11-04,USO,94.48
2019-11-05,USO,95.44
2019-11-06,USO,94.48
2019-11-07,USO,95.04
2019-11-08,USO,95.92
2019-11-11,USO,95.12
2019-11-12,USO,94.96
2019-11-13,USO,95.68
2019-11-14,USO,95.28
2019-11-15,USO,96.64
2019-11-18,USO,95.2
2019-11-19,USO,92.56
2019-11-20,USO,95.2
2019-11-21,USO,97.6
2019-11-22,USO,96.88
2019-11-25,USO,96.88
2019-11-26,USO,97.52
2019-11-27,USO,97.12
2019-11-29,USO,92.96
2019-12-02,USO,93.36
2019-12-03,USO,94.08
2019-12-04,USO,97.52
2019-12-05,USO,97.52
2019-12-06,USO,98.56
2019-12-09,USO,98.64
2019-12-10,USO,99.12
2019-12-11,USO,98.4
2019-12-12,USO,98.96
2019-12-13,USO,99.92
2019-12-16,USO,100.72
2019-12-17,USO,101.76
2019-12-18,USO,101.92
2019-12-19,USO,102.24
2019-12-20,USO,101.04
2019-12-23,USO,101.6
2019-12-24,USO,102.16
2019-12-26,USO,103.12
2019-12-27,USO,103.28
2019-12-30,USO,103.12
2019-12-31,USO,102.48
2020-01-02,USO,102.48
2020-01-03,USO,105.44
2020-01-06,USO,105.28
2020-01-07,USO,105.04
2020-01-08,USO,101.28
2020-01-09,USO,99.92
2020-01-10,USO,99.28
2020-01-13,USO,97.6
2020-01-14,USO,98.24
2020-01-15,USO,97.44
2020-01-16,USO,98.32
2020-01-17,USO,98.64
2020-01-21,USO,97.92
2020-01-22,USO,95.2
2020-01-23,USO,93.28
2020-01-24,USO,91.44
2020-01-27,USO,88.8
2020-01-28,USO,90.0
2020-01-29,USO,89.28
2020-01-30,USO,88.64
2020-01-31,USO,86.72
2020-02-03,USO,83.92
2020-02-04,USO,83.52
2020-02-05,USO,85.6
2020-02-06,USO,85.92
2020-02-07,USO,84.64
2020-02-10,USO,83.36
2020-02-11,USO,84.0
2020-02-12,USO,86.48
2020-02-13,USO,86.72
2020-02-14,USO,87.6
2020-02-18,USO,87.6
2020-02-19,USO,89.44
2020-02-20,USO,90.24
2020-02-21,USO,89.28
2020-02-24,USO,85.92
2020-02-25,USO,83.2
2020-02-26,USO,81.52
2020-02-27,USO,78.24
2020-02-28,USO,75.6
2020-03-02,USO,79.36
2020-03-03,USO,79.12
2020-03-04,USO,78.88
2020-03-05,USO,76.88
2020-03-06,USO,69.84
2020-03-09,USO,52.16
2020-03-10,USO,57.92
2020-03-11,USO,55.52
2020-03-12,USO,52.32
2020-03-13,USO,55.68
2020-03-16,USO,48.4
2020-03-17,USO,45.68
2020-03-18,USO,37.68
2020-03-19,USO,42.96
2020-03-20,USO,39.52
2020-03-23,USO,39.04
2020-03-24,USO,39.84
2020-03-25,USO,40.64
2020-03-26,USO,38.64
2020-03-27,USO,35.76
2020-03-30,USO,33.84
2020-03-31,USO,33.68
2020-04-01,USO,35.04
2020-04-02,USO,40.88
2020-04-03,USO,47.2
2020-04-06,USO,43.84
2020-04-07,USO,40.72
2020-04-08,USO,42.96
2020-04-09,USO,39.84
2020-04-13,USO,39.44
2020-04-14,USO,37.28
2020-04-15,USO,35.44
2020-04-16,USO,34.88
2020-04-17,USO,33.68
2020-04-20,USO,30.0
2020-04-21,USO,22.48
2020-04-22,USO,20.08
2020-04-23,USO,21.12
2020-04-24,USO,20.56
2020-04-27,USO,17.52
2020-04-28,USO,17.04
2020-04-29,USO,18.0
2020-04-30,USO,19.12
2020-05-01,USO,18.86
2020-05-04,USO,19.67
2020-05-05,USO,21.51
2020-05-06,USO,20.85
2020-05-07,USO,20.47
2020-05-08,USO,21.47
2020-05-11,USO,21.17
2020-05-12,USO,20.97
2020-05-13,USO,20.6
2020-05-14,USO,21.45
2020-05-15,USO,22.39
2020-05-18,USO,24.31
2020-05-19,USO,24.44
2020-05-20,USO,25.34
2020-05-21,USO,26.6
2020-05-22,USO,25.57
2020-05-26,USO,25.66
2020-05-27,USO,25.0
2020-05-28,USO,25.03
2020-05-29,USO,25.88
2020-06-01,USO,26.22
2020-06-02,USO,27.07
2020-06-03,USO,27.12
2020-06-04,USO,27.5
2020-06-05,USO,28.87
2020-06-08,USO,28.37
2020-06-09,USO,28.42
2020-06-10,USO,28.43
2020-06-11,USO,26.36
2020-06-12,USO,26.43
2020-06-15,USO,26.98
2020-06-16,USO,27.64
2020-06-17,USO,27.28
2020-06-18,USO,27.89
2020-06-19,USO,28.23
2020-06-22,USO,28.98
2020-06-23,USO,28.72
2020-06-24,USO,27.25
2020-06-25,USO,27.94
2020-06-26,USO,27.36
2020-06-29,USO,28.27
2020-06-30,USO,28.06
2020-07-01,USO,28.35
2020-07-02,USO,28.75
2020-07-06,USO,28.96
2020-07-07,USO,28.79
2020-07-08,USO,29.18
2020-07-09,USO,28.41
2020-07-10,USO,29.03
2020-07-13,USO,28.5
2020-07-14,USO,28.88
2020-07-15,USO,29.29
2020-07-16,USO,29.16
2020-07-17,USO,29.1
2020-07-20,USO,29.12
2020-07-21,USO,29.72
2020-07-22,USO,29.75
2020-07-23,USO,29.41
2020-07-24,USO,29.44
2020-07-27,USO,29.72
2020-07-28,USO,29.35
2020-07-29,USO,29.57
2020-07-30,USO,28.93
2020-07-31,USO,29.07
2019-07-01,UUP,22.1099
2019-07-02,UUP,22.093
2019-07-03,UUP,22.093
2019-07-05,UUP,22.2113
2019-07-08,UUP,22.2536
2019-07-09,UUP,22.2705
2019-07-10,UUP,22.1775
2019-07-11,UUP,22.1775
2019-07-12,UUP,22.1353
2019-07-15,UUP,22.1691
2019-07-16,UUP,22.2705
2019-07-17,UUP,22.2282
2019-07-18,UUP,22.1099
2019-07-19,UUP,22.2198
2019-07-22,UUP,22.2621
2019-07-23,UUP,22.3635
2019-07-24,UUP,22.3635
2019-07-25,UUP,22.4057
2019-07-26,UUP,22.4395
2019-07-29,UUP,22.4564
2019-07-30,UUP,22.4564
2019-07-31,UUP,22.5917
2019-08-01,UUP,22.5241
2019-08-02,UUP,22.4734
2019-08-05,UUP,22.3635
2019-08-06,UUP,22.3888
2019-08-07,UUP,22.3719
2019-08-08,UUP,22.3888
2019-08-09,UUP,22.3635
2019-08-12,UUP,22.3466
2019-08-13,UUP,22.448
2019-08-14,UUP,22.4987
2019-08-15,UUP,22.5156
2019-08-16,UUP,22.5325
2019-08-19,UUP,22.5832
2019-08-20,UUP,22.5325
2019-08-21,UUP,22.5579
2019-08-22,UUP,22.541
2019-08-23,UUP,22.4142
2019-08-26,UUP,22.5325
2019-08-27,UUP,22.5156
2019-08-28,UUP,22.5663
2019-08-29,UUP,22.6255
2019-08-30,UUP,22.71
2019-09-03,UUP,22.7607
2019-09-04,UUP,22.617
2019-09-05,UUP,22.6255
2019-09-06,UUP,22.6339
2019-09-09,UUP,22.5917
2019-09-10,UUP,22.617
2019-09-11,UUP,22.6846
2019-09-12,UUP,22.617
2019-09-13,UUP,22.5832
2019-09-16,UUP,22.6846
2019-09-17,UUP,22.5832
2019-09-18,UUP,22.6677
2019-09-19,UUP,22.617
2019-09-20,UUP,22.6762
2019-09-23,UUP,22.71
2019-09-24,UUP,22.6255
2019-09-25,UUP,22.803
2019-09-26,UUP,22.8621
2019-09-27,UUP,22.8283
2019-09-30,UUP,22.9044
2019-10-01,UUP,22.8283
2019-10-02,UUP,22.8114
2019-10-03,UUP,22.803
2019-10-04,UUP,22.7861
2019-10-07,UUP,22.8283
2019-10-08,UUP,22.8621
2019-10-09,UUP,22.8452
2019-10-10,UUP,22.7523
2019-10-11,UUP,22.6677
2019-10-14,UUP,22.7354
2019-10-15,UUP,22.6677
2019-10-16,UUP,22.6086
2019-10-17,UUP,22.5241
2019-10-18,UUP,22.4395
2019-10-21,UUP,22.4564
2019-10-22,UUP,22.5072
2019-10-23,UUP,22.4987
2019-10-24,UUP,22.5663
2019-10-25,UUP,22.5917
2019-10-28,UUP,22.5748
2019-10-29,UUP,22.5663
2019-10-30,UUP,22.5156
2019-10-31,UUP,22.4734
2019-11-01,UUP,22.4649
2019-11-04,UUP,22.5494
2019-11-05,UUP,22.6339
2019-11-06,UUP,22.6339
2019-11-07,UUP,22.6846
2019-11-08,UUP,22.7354
2019-11-11,UUP,22.7015
2019-11-12,UUP,22.7354
2019-11-13,UUP,22.7269
2019-11-14,UUP,22.71
2019-11-15,UUP,22.6593
2019-11-18,UUP,22.617
2019-11-19,UUP,22.6424
2019-11-20,UUP,22.6424
2019-11-21,UUP,22.6762
2019-11-22,UUP,22.7438
2019-11-25,UUP,22.7607
2019-11-26,UUP,22.7354
2019-11-27,UUP,22.7692
2019-11-29,UUP,22.7438
2019-12-02,UUP,22.6508
2019-12-03,UUP,22.6255
2019-12-04,UUP,22.6001
2019-12-05,UUP,22.5494
2019-12-06,UUP,22.6339
2019-12-09,UUP,22.6086
2019-12-10,UUP,22.5832
2019-12-11,UUP,22.4987
2019-12-12,UUP,22.5325
2019-12-13,UUP,22.5325
2019-12-16,UUP,22.4903
2019-12-17,UUP,22.5325
2019-12-18,UUP,22.5748
2019-12-19,UUP,22.5748
2019-12-20,UUP,22.6508
2019-12-23,UUP,22.6388
2019-12-24,UUP,22.6388
2019-12-26,UUP,22.6043
2019-12-27,UUP,22.4922
2019-12-30,UUP,22.4491
2019-12-31,UUP,22.3888
2020-01-02,UUP,22.4663
2020-01-03,UUP,22.4922
2020-01-06,UUP,22.4405
2020-01-07,UUP,22.5181
2020-01-08,UUP,22.5784
2020-01-09,UUP,22.6215
2020-01-10,UUP,22.6043
2020-01-13,UUP,22.6043
2020-01-14,UUP,22.6129
2020-01-15,UUP,22.5784
2020-01-16,UUP,22.6129
2020-01-17,UUP,22.6905
2020-01-21,UUP,22.6733
2020-01-22,UUP,22.656
2020-01-23,UUP,22.7164
2020-01-24,UUP,22.7508
2020-01-27,UUP,22.7853
2020-01-28,UUP,22.7853
2020-01-29,UUP,22.8198
2020-01-30,UUP,22.7508
2020-01-31,UUP,22.656
2020-02-03,UUP,22.7681
2020-02-04,UUP,22.8026
2020-02-05,UUP,22.8888
2020-02-06,UUP,22.9319
2020-02-07,UUP,22.9836
2020-02-10,UUP,23.0181
2020-02-11,UUP,22.9922
2020-02-12,UUP,23.0526
2020-02-13,UUP,23.0784
2020-02-14,UUP,23.0698
2020-02-18,UUP,23.156
2020-02-19,UUP,23.1991
2020-02-20,UUP,23.2681
2020-02-21,UUP,23.1302
2020-02-24,UUP,23.1388
2020-02-25,UUP,23.0698
2020-02-26,UUP,23.0871
2020-02-27,UUP,22.9491
2020-02-28,UUP,22.8715
2020-03-02,UUP,22.7508
2020-03-03,UUP,22.656
2020-03-04,UUP,22.7336
2020-03-05,UUP,22.5612
2020-03-06,UUP,22.4319
2020-03-09,UUP,22.1905
2020-03-10,UUP,22.5181
2020-03-11,UUP,22.5526
2020-03-12,UUP,22.7939
2020-03-13,UUP,23.656
2020-03-16,UUP,22.8974
2020-03-17,UUP,23.3026
2020-03-18,UUP,23.656
2020-03-19,UUP,24.2164
2020-03-20,UUP,24.1474
2020-03-23,UUP,24.113
2020-03-24,UUP,23.8371
2020-03-25,UUP,23.6129
2020-03-26,UUP,23.2336
2020-03-27,UUP,23.044
2020-03-30,UUP,23.1474
2020-03-31,UUP,23.1302
2020-04-01,UUP,23.2767
2020-04-02,UUP,23.3974
2020-04-03,UUP,23.5267
2020-04-06,UUP,23.5354
2020-04-07,UUP,23.3198
2020-04-08,UUP,23.406
2020-04-09,UUP,23.2336
2020-04-13,UUP,23.1991
2020-04-14,UUP,23.0698
2020-04-15,UUP,23.2422
2020-04-16,UUP,23.3457
2020-04-17,UUP,23.2853
2020-04-20,UUP,23.3629
2020-04-21,UUP,23.3974
2020-04-22,UUP,23.4664
2020-04-23,UUP,23.475
2020-04-24,UUP,23.4233
2020-04-27,UUP,23.3629
2020-04-28,UUP,23.3371
2020-04-29,UUP,23.2422
2020-04-30,UUP,23.0957
2020-05-01,UUP,23.1215
2020-05-04,UUP,23.2509
2020-05-05,UUP,23.2681
2020-05-06,UUP,23.3802
2020-05-07,UUP,23.3112
2020-05-08,UUP,23.3026
2020-05-11,UUP,23.3888
2020-05-12,UUP,23.3457
2020-05-13,UUP,23.3888
2020-05-14,UUP,23.4147
2020-05-15,UUP,23.4319
2020-05-18,UUP,23.2422
2020-05-19,UUP,23.225
2020-05-20,UUP,23.1474
2020-05-21,UUP,23.1991
2020-05-22,UUP,23.2681
2020-05-26,UUP,23.0957
2020-05-27,UUP,23.0871
2020-05-28,UUP,22.9664
2020-05-29,UUP,22.9319
2020-06-01,UUP,22.8026
2020-06-02,UUP,22.7767
2020-06-03,UUP,22.6388
2020-06-04,UUP,22.5526
2020-06-05,UUP,22.5957
2020-06-08,UUP,22.5353
2020-06-09,UUP,22.4663
2020-06-10,UUP,22.3543
2020-06-11,UUP,22.5784
2020-06-12,UUP,22.6388
2020-06-15,UUP,22.5439
2020-06-16,UUP,22.6129
2020-06-17,UUP,22.6301
2020-06-18,UUP,22.7164
2020-06-19,UUP,22.7422
2020-06-22,UUP,22.6215
2020-06-23,UUP,22.5439
2020-06-24,UUP,22.6474
2020-06-25,UUP,22.6819
2020-06-26,UUP,22.7164
2020-06-29,UUP,22.725
2020-06-30,UUP,22.6905
2020-07-01,UUP,22.6388
2020-07-02,UUP,22.656
2020-07-06,UUP,22.5353
2020-07-07,UUP,22.587
2020-07-08,UUP,22.4663
2020-07-09,UUP,22.5439
2020-07-10,UUP,22.5095
2020-07-13,UUP,22.475
2020-07-14,UUP,22.4319
2020-07-15,UUP,22.3715
2020-07-16,UUP,22.4491
2020-07-17,UUP,22.3543
2020-07-20,UUP,22.3198
2020-07-21,UUP,22.1819
2020-07-22,UUP,22.1215
2020-07-23,UUP,22.0784
2020-07-24,UUP,21.9836
2020-07-27,UUP,21.8198
2020-07-28,UUP,21.8543
2020-07-29,UUP,21.7508
2020-07-30,UUP,21.6646
2020-07-31,UUP,21.7939
2019-07-01,WMT,33.3563
2019-07-02,WMT,33.6518
2019-07-03,WMT,33.8689
2019-07-05,WMT,33.7664
2019-07-08,WMT,33.9895
2019-07-09,WMT,34.0377
2019-07-10,WMT,34.0679
2019-07-11,WMT,34.3514
2019-07-12,WMT,34.5564
2019-07-15,WMT,34.671
2019-07-16,WMT,34.6046
2019-07-17,WMT,34.5564
2019-07-18,WMT,34.5926
2019-07-19,WMT,34.3453
2019-07-22,WMT,34.0197
2019-07-23,WMT,33.7995
2019-07-24,WMT,33.7724
2019-07-25,WMT,33.8387
2019-07-26,WMT,34.08
2019-07-29,WMT,33.8538
2019-07-30,WMT,33.7905
2019-07-31,WMT,33.2839
2019-08-01,WMT,32.9824
2019-08-02,WMT,32.9884
2019-08-05,WMT,31.9089
2019-08-06,WMT,32.3461
2019-08-07,WMT,32.6265
2019-08-08,WMT,32.8841
2019-08-09,WMT,32.5084
2019-08-12,WMT,31.8841
2019-08-13,WMT,32.5478
2019-08-14,WMT,32.1811
2019-08-15,WMT,34.1477
2019-08-16,WMT,34.2386
2019-08-19,WMT,34.4871
2019-08-20,WMT,33.9538
2019-08-21,WMT,33.9447
2019-08-22,WMT,33.9114
2019-08-23,WMT,33.5841
2019-08-26,WMT,33.9356
2019-08-27,WMT,34.0659
2019-08-28,WMT,34.1568
2019-08-29,WMT,34.5689
2019-08-30,WMT,34.6235
2019-09-03,WMT,34.7386
2019-09-04,WMT,35.1235
2019-09-05,WMT,34.981
2019-09-06,WMT,34.7659
2019-09-09,WMT,35.2507
2019-09-10,WMT,35.1659
2019-09-11,WMT,35.1568
2019-09-12,WMT,35.4295
2019-09-13,WMT,35.5841
2019-09-16,WMT,35.0204
2019-09-17,WMT,35.3053
2019-09-18,WMT,35.5022
2019-09-19,WMT,35.4871
2019-09-20,WMT,35.4477
2019-09-23,WMT,35.6416
2019-09-24,WMT,35.878
2019-09-25,WMT,35.8992
2019-09-26,WMT,35.8477
2019-09-27,WMT,35.8931
2019-09-30,WMT,35.9628
2019-10-01,WMT,35.7113
2019-10-02,WMT,35.1871
2019-10-03,WMT,35.2447
2019-10-04,WMT,35.8053
2019-10-07,WMT,35.5235
2019-10-08,WMT,35.6295
2019-10-09,WMT,36.0386
2019-10-10,WMT,36.2446
2019-10-11,WMT,36.4356
2019-10-14,WMT,36.1113
2019-10-15,WMT,36.2204
2019-10-16,WMT,36.1871
2019-10-17,WMT,36.3143
2019-10-18,WMT,36.1022
2019-10-21,WMT,36.284
2019-10-22,WMT,36.2356
2019-10-23,WMT,36.1659
2019-10-24,WMT,36.0901
2019-10-25,WMT,36.0719
2019-10-28,WMT,36.1265
2019-10-29,WMT,35.4992
2019-10-30,WMT,35.7871
2019-10-31,WMT,35.5325
2019-11-01,WMT,35.6416
2019-11-04,WMT,35.6265
2019-11-05,WMT,36.0174
2019-11-06,WMT,36.2113
2019-11-07,WMT,36.4325
2019-11-08,WMT,36.1931
2019-11-11,WMT,36.0719
2019-11-12,WMT,36.0962
2019-11-13,WMT,36.6598
2019-11-14,WMT,36.5598
2019-11-15,WMT,36.0204
2019-11-18,WMT,36.4386
2019-11-19,WMT,36.3295
2019-11-20,WMT,36.0992
2019-11-21,WMT,36.3204
2019-11-22,WMT,36.1689
2019-11-25,WMT,36.0356
2019-11-26,WMT,36.1174
2019-11-27,WMT,35.9871
2019-11-29,WMT,36.0871
2019-12-02,WMT,36.1446
2019-12-03,WMT,35.9598
2019-12-04,WMT,35.9659
2019-12-05,WMT,36.1181
2019-12-06,WMT,36.459
2019-12-09,WMT,36.3311
2019-12-10,WMT,36.2642
2019-12-11,WMT,36.2215
2019-12-12,WMT,36.4529
2019-12-13,WMT,36.6142
2019-12-16,WMT,36.6903
2019-12-17,WMT,36.9155
2019-12-18,WMT,36.4833
2019-12-19,WMT,36.5503
2019-12-20,WMT,36.6142
2019-12-23,WMT,36.2307
2019-12-24,WMT,36.3768
2019-12-26,WMT,36.3798
2019-12-27,WMT,36.4011
2019-12-30,WMT,36.3433
2019-12-31,WMT,36.1728
2020-01-02,WMT,36.2033
2020-01-03,WMT,35.8837
2020-01-06,WMT,35.8106
2020-01-07,WMT,35.4788
2020-01-08,WMT,35.3571
2020-01-09,WMT,35.7224
2020-01-10,WMT,35.4241
2020-01-13,WMT,35.2719
2020-01-14,WMT,35.3632
2020-01-15,WMT,35.0892
2020-01-16,WMT,35.278
2020-01-17,WMT,34.9918
2020-01-21,WMT,35.1836
2020-01-22,WMT,35.3389
2020-01-23,WMT,35.2506
2020-01-24,WMT,34.8123
2020-01-27,WMT,35.2658
2020-01-28,WMT,35.491
2020-01-29,WMT,35.2749
2020-01-30,WMT,35.4849
2020-01-31,WMT,34.8488
2020-02-03,WMT,34.7818
2020-02-04,WMT,35.0862
2020-02-05,WMT,35.555
2020-02-06,WMT,35.4028
2020-02-07,WMT,35.4454
2020-02-10,WMT,35.0801
2020-02-11,WMT,35.1258
2020-02-12,WMT,35.2627
2020-02-13,WMT,35.7467
2020-02-14,WMT,35.8837
2020-02-18,WMT,36.4133
2020-02-19,WMT,35.8198
2020-02-20,WMT,35.8228
2020-02-21,WMT,36.0937
2020-02-24,WMT,35.4058
2020-02-25,WMT,34.8183
2020-02-26,WMT,34.6327
2020-02-27,WMT,33.6038
2020-02-28,WMT,32.7759
2020-03-02,WMT,35.2719
2020-03-03,WMT,34.3679
2020-03-04,WMT,35.5428
2020-03-05,WMT,35.284
2020-03-06,WMT,35.6828
2020-03-09,WMT,35.6615
2020-03-10,WMT,36.462
2020-03-11,WMT,34.8305
2020-03-12,WMT,31.671
2020-03-13,WMT,34.7301
2020-03-16,WMT,32.4959
2020-03-17,WMT,36.3007
2020-03-18,WMT,37.3112
2020-03-19,WMT,36.5194
2020-03-20,WMT,34.844
2020-03-23,WMT,34.9388
2020-03-24,WMT,35.1681
2020-03-25,WMT,33.4468
2020-03-26,WMT,33.5752
2020-03-27,WMT,33.5018
2020-03-30,WMT,35.217
2020-03-31,WMT,34.737
2020-04-01,WMT,34.896
2020-04-02,WMT,36.2748
2020-04-03,WMT,36.5286
2020-04-06,WMT,38.5433
2020-04-07,WMT,37.296
2020-04-08,WMT,37.2501
2020-04-09,WMT,37.2379
2020-04-13,WMT,38.3079
2020-04-14,WMT,39.4391
2020-04-15,WMT,39.3657
2020-04-16,WMT,40.4572
2020-04-17,WMT,40.393
2020-04-20,WMT,39.699
2020-04-21,WMT,39.5033
2020-04-22,WMT,40.231
2020-04-23,WMT,39.2954
2020-04-24,WMT,39.5736
2020-04-27,WMT,39.2251
2020-04-28,WMT,39.1334
2020-04-29,WMT,37.7882
2020-04-30,WMT,37.1614
2020-05-01,WMT,37.5803
2020-05-04,WMT,37.8187
2020-05-05,WMT,38.1337
2020-05-06,WMT,37.6965
2020-05-07,WMT,37.4293
2020-05-08,WMT,37.7517
2020-05-11,WMT,37.9759
2020-05-12,WMT,38.0097
2020-05-13,WMT,37.9882
2020-05-14,WMT,37.8991
2020-05-15,WMT,38.673
2020-05-18,WMT,39.2011
2020-05-19,WMT,38.369
2020-05-20,WMT,38.5225
2020-05-21,WMT,38.3812
2020-05-22,WMT,38.1786
2020-05-26,WMT,38.0342
2020-05-27,WMT,37.6105
2020-05-28,WMT,37.982
2020-05-29,WMT,38.0956
2020-06-01,WMT,38.0649
2020-06-02,WMT,38.0588
2020-06-03,WMT,37.9145
2020-06-04,WMT,37.4969
2020-06-05,WMT,37.328
2020-06-08,WMT,37.2297
2020-06-09,WMT,37.2635
2020-06-10,WMT,37.2051
2020-06-11,WMT,36.8766
2020-06-12,WMT,36.1549
2020-06-15,WMT,36.2594
2020-06-16,WMT,36.7415
2020-06-17,WMT,36.5511
2020-06-18,WMT,36.2317
2020-06-19,WMT,36.8029
2020-06-22,WMT,37.3648
2020-06-23,WMT,37.1775
2020-06-24,WMT,36.9411
2020-06-25,WMT,36.7599
2020-06-26,WMT,36.333
2020-06-29,WMT,36.5603
2020-06-30,WMT,36.7814
2020-07-01,WMT,36.7537
2020-07-02,WMT,36.6063
2020-07-06,WMT,36.5081
2020-07-07,WMT,38.9831
2020-07-08,WMT,38.2123
2020-07-09,WMT,39.2288
2020-07-10,WMT,40.1285
2020-07-13,WMT,39.7723
2020-07-14,WMT,40.5369
2020-07-15,WMT,40.5338
2020-07-16,WMT,40.5952
2020-07-17,WMT,40.454
2020-07-20,WMT,40.3711
2020-07-21,WMT,40.6352
2020-07-22,WMT,40.7365
2020-07-23,WMT,40.4233
2020-07-24,WMT,40.3005
2020-07-27,WMT,40.2912
2020-07-28,WMT,40.4601
2020-07-29,WMT,40.1316
2020-07-30,WMT,39.9565
2020-07-31,WMT,39.7354
2019-07-01,XOM,55.4398
2019-07-02,XOM,54.8315
2019-07-03,XOM,55.3529
2019-07-05,XOM,55.1284
2019-07-08,XOM,55.3818
2019-07-09,XOM,55.3456
2019-07-10,XOM,56.1277
2019-07-11,XOM,56.1711
2019-07-12,XOM,56.2146
2019-07-15,XOM,55.8163
2019-07-16,XOM,54.9836
2019-07-17,XOM,54.6577
2019-07-18,XOM,54.1942
2019-07-19,XOM,54.3029
2019-07-22,XOM,54.3608
2019-07-23,XOM,54.578
2019-07-24,XOM,54.5708
2019-07-25,XOM,54.2594
2019-07-26,XOM,54.1725
2019-07-29,XOM,54.5563
2019-07-30,XOM,54.5635
2019-07-31,XOM,53.8467
2019-08-01,XOM,52.4708
2019-08-02,XOM,51.9567
2019-08-05,XOM,50.8922
2019-08-06,XOM,51.3846
2019-08-07,XOM,51.0515
2019-08-08,XOM,52.4129
2019-08-09,XOM,51.2977
2019-08-12,XOM,51.0484
2019-08-13,XOM,51.6789
2019-08-14,XOM,49.5968
2019-08-15,XOM,49.3036
2019-08-16,XOM,50.0734
2019-08-19,XOM,50.9165
2019-08-20,XOM,50.6086
2019-08-21,XOM,51.1144
2019-08-22,XOM,51.0045
2019-08-23,XOM,49.4795
2019-08-26,XOM,49.7435
2019-08-27,XOM,49.2596
2019-08-28,XOM,49.6188
2019-08-29,XOM,50.1687
2019-08-30,XOM,50.2053
2019-09-03,XOM,50.264
2019-09-04,XOM,50.7992
2019-09-05,XOM,51.5177
2019-09-06,XOM,52.0015
2019-09-09,XOM,52.4121
2019-09-10,XOM,52.8373
2019-09-11,XOM,52.7347
2019-09-12,XOM,52.7713
2019-09-13,XOM,53.2552
2019-09-16,XOM,54.0543
2019-09-17,XOM,53.6437
2019-09-18,XOM,53.3872
2019-09-19,XOM,53.0279
2019-09-20,XOM,52.8446
2019-09-23,XOM,52.8813
2019-09-24,XOM,52.1555
2019-09-25,XOM,52.3094
2019-09-26,XOM,52.0308
2019-09-27,XOM,52.4048
2019-09-30,XOM,51.7669
2019-10-01,XOM,50.5499
2019-10-02,XOM,49.2303
2019-10-03,XOM,49.8388
2019-10-04,XOM,50.5646
2019-10-07,XOM,49.8681
2019-10-08,XOM,48.9004
2019-10-09,XOM,49.4429
2019-10-10,XOM,50.0367
2019-10-11,XOM,50.5719
2019-10-14,XOM,50.7185
2019-10-15,XOM,50.8945
2019-10-16,XOM,50.0221
2019-10-17,XOM,49.9561
2019-10-18,XOM,49.5675
2019-10-21,XOM,50.396
2019-10-22,XOM,50.6526
2019-10-23,XOM,51.1364
2019-10-24,XOM,50.6526
2019-10-25,XOM,50.7699
2019-10-28,XOM,50.3226
2019-10-29,XOM,50.176
2019-10-30,XOM,49.6482
2019-10-31,XOM,49.5382
2019-11-01,XOM,51.0265
2019-11-04,XOM,52.544
2019-11-05,XOM,53.5851
2019-11-06,XOM,52.4121
2019-11-07,XOM,53.5264
2019-11-08,XOM,52.5099
2019-11-11,XOM,52.1909
2019-11-12,XOM,51.4712
2019-11-13,XOM,51.0482
2019-11-14,XOM,50.8257
2019-11-15,XOM,51.3376
2019-11-18,XOM,50.8405
2019-11-19,XOM,50.3211
2019-11-20,XOM,50.4769
2019-11-21,XOM,51.6938
2019-11-22,XOM,51.4712
2019-11-25,XOM,51.1299
2019-11-26,XOM,51.0037
2019-11-27,XOM,50.974
2019-11-29,XOM,50.5511
2019-12-02,XOM,50.7663
2019-12-03,XOM,50.3656
2019-12-04,XOM,50.9369
2019-12-05,XOM,50.7589
2019-12-06,XOM,51.575
2019-12-09,XOM,51.6863
2019-12-10,XOM,51.2412
2019-12-11,XOM,51.167
2019-12-12,XOM,52.1909
2019-12-13,XOM,51.3673
2019-12-16,XOM,51.9386
2019-12-17,XOM,51.7012
2019-12-18,XOM,51.8422
2019-12-19,XOM,51.486
2019-12-20,XOM,51.8941
2019-12-23,XOM,52.1538
2019-12-24,XOM,51.9534
2019-12-26,XOM,52.0351
2019-12-27,XOM,51.857
2019-12-30,XOM,51.5528
2019-12-31,XOM,51.7754
2020-01-02,XOM,52.6064
2020-01-03,XOM,52.1835
2020-01-06,XOM,52.5841
2020-01-07,XOM,52.1538
2020-01-08,XOM,51.3673
2020-01-09,XOM,51.7605
2020-01-10,XOM,51.3005
2020-01-13,XOM,51.7902
2020-01-14,XOM,51.345
2020-01-15,XOM,51.2634
2020-01-16,XOM,51.0631
2020-01-17,XOM,50.8702
2020-01-21,XOM,50.143
2020-01-22,XOM,49.8537
2020-01-23,XOM,49.542
2020-01-24,XOM,49.2081
2020-01-27,XOM,48.0358
2020-01-28,XOM,47.969
2020-01-29,XOM,47.5684
2020-01-30,XOM,48.0729
2020-01-31,XOM,46.0918
2020-02-03,XOM,45.0605
2020-02-04,XOM,44.4966
2020-02-05,XOM,46.5444
2020-02-06,XOM,45.9137
2020-02-07,XOM,45.6095
2020-02-10,XOM,45.1278
2020-02-11,XOM,45.5568
2020-02-12,XOM,46.1138
2020-02-13,XOM,45.8579
2020-02-14,XOM,45.6472
2020-02-18,XOM,45.0676
2020-02-19,XOM,45.4138
2020-02-20,XOM,45.0526
2020-02-21,XOM,44.5032
2020-02-24,XOM,42.4184
2020-02-25,XOM,40.7927
2020-02-26,XOM,39.897
2020-02-27,XOM,37.4961
2020-02-28,XOM,38.7154
2020-03-02,XOM,40.5518
2020-03-03,XOM,38.61
2020-03-04,XOM,39.453
2020-03-05,XOM,37.7144
2020-03-06,XOM,35.893
2020-03-09,XOM,31.5052
2020-03-10,XOM,32.6718
2020-03-11,XOM,31.5955
2020-03-12,XOM,27.9829
2020-03-13,XOM,28.6903
2020-03-16,XOM,25.9583
2020-03-17,XOM,27.7044
2020-03-18,XOM,24.9272
2020-03-19,XOM,25.9131
2020-03-20,XOM,24.6412
2020-03-23,XOM,23.6703
2020-03-24,XOM,26.6733
2020-03-25,XOM,28.0657
2020-03-26,XOM,29.2172
2020-03-27,XOM,27.8098
2020-03-30,XOM,28.2237
2020-03-31,XOM,28.5775
2020-04-01,XOM,28.2463
2020-04-02,XOM,30.4064
2020-04-03,XOM,29.5107
2020-04-06,XOM,30.459
2020-04-07,XOM,31.0386
2020-04-08,XOM,33.0029
2020-04-09,XOM,32.461
2020-04-13,XOM,32.1826
2020-04-14,XOM,31.9342
2020-04-15,XOM,30.4666
2020-04-16,XOM,29.4656
2020-04-17,XOM,32.5288
2020-04-20,XOM,30.9934
2020-04-21,XOM,30.8278
2020-04-22,XOM,31.7084
2020-04-23,XOM,32.7019
2020-04-24,XOM,32.9126
2020-04-27,XOM,33.0707
2020-04-28,XOM,33.8459
2020-04-29,XOM,35.7199
2020-04-30,XOM,34.9748
2020-05-01,XOM,32.4686
2020-05-04,XOM,33.7781
2020-05-05,XOM,33.7405
2020-05-06,XOM,33.1083
2020-05-07,XOM,33.2965
2020-05-08,XOM,34.7566
2020-05-11,XOM,34.4254
2020-05-12,XOM,33.85
2020-05-13,XOM,32.1698
2020-05-14,XOM,32.4536
2020-05-15,XOM,32.2235
2020-05-18,XOM,34.786
2020-05-19,XOM,33.7119
2020-05-20,XOM,34.809
2020-05-21,XOM,34.1876
2020-05-22,XOM,34.2183
2020-05-26,XOM,35.2233
2020-05-27,XOM,35.4765
2020-05-28,XOM,34.5558
2020-05-29,XOM,34.8857
2020-06-01,XOM,35.5072
2020-06-02,XOM,36.2974
2020-06-03,XOM,37.7782
2020-06-04,XOM,37.6708
2020-06-05,XOM,40.7243
2020-06-08,XOM,41.9979
2020-06-09,XOM,41.0619
2020-06-10,XOM,38.86
2020-06-11,XOM,35.4305
2020-06-12,XOM,36.19
2020-06-15,XOM,36.167
2020-06-16,XOM,36.9803
2020-06-17,XOM,35.7757
2020-06-18,XOM,35.9982
2020-06-19,XOM,35.277
2020-06-22,XOM,35.6146
2020-06-23,XOM,35.8294
2020-06-24,XOM,34.1415
2020-06-25,XOM,34.6556
2020-06-26,XOM,33.4664
2020-06-29,XOM,34.0034
2020-06-30,XOM,34.3103
2020-07-01,XOM,33.5354
2020-07-02,XOM,33.8193
2020-07-06,XOM,34.0571
2020-07-07,XOM,33.1748
2020-07-08,XOM,33.0981
2020-07-09,XOM,31.7325
2020-07-10,XOM,32.7222
2020-07-13,XOM,32.7298
2020-07-14,XOM,33.8116
2020-07-15,XOM,34.2413
2020-07-16,XOM,33.9727
2020-07-17,XOM,33.3897
2020-07-20,XOM,32.6071
2020-07-21,XOM,34.2566
2020-07-22,XOM,33.4587
2020-07-23,XOM,33.5277
2020-07-24,XOM,33.3206
2020-07-27,XOM,33.8116
2020-07-28,XOM,33.4127
2020-07-29,XOM,33.7809
2020-07-30,XOM,32.1237
2020-07-31,XOM,32.2848
2019-07-01,^VIX,14.06
2019-07-02,^VIX,12.93
2019-07-03,^VIX,12.57
2019-07-05,^VIX,13.28
2019-07-08,^VIX,13.96
2019-07-09,^VIX,14.09
2019-07-10,^VIX,13.03
2019-07-11,^VIX,12.93
2019-07-12,^VIX,12.39
2019-07-15,^VIX,12.68
2019-07-16,^VIX,12.86
2019-07-17,^VIX,13.97
2019-07-18,^VIX,13.53
2019-07-19,^VIX,14.45
2019-07-22,^VIX,13.53
2019-07-23,^VIX,12.61
2019-07-24,^VIX,12.07
2019-07-25,^VIX,12.74
2019-07-26,^VIX,12.16
2019-07-29,^VIX,12.83
2019-07-30,^VIX,13.94
2019-07-31,^VIX,16.12
2019-08-01,^VIX,17.87
2019-08-02,^VIX,17.61
2019-08-05,^VIX,24.59
2019-08-06,^VIX,20.17
2019-08-07,^VIX,19.49
2019-08-08,^VIX,16.91
2019-08-09,^VIX,17.97
2019-08-12,^VIX,21.09
2019-08-13,^VIX,17.52
2019-08-14,^VIX,22.1
2019-08-15,^VIX,21.18
2019-08-16,^VIX,18.47
2019-08-19,^VIX,16.88
2019-08-20,^VIX,17.5
2019-08-21,^VIX,15.8
2019-08-22,^VIX,16.68
2019-08-23,^VIX,19.87
2019-08-26,^VIX,19.32
2019-08-27,^VIX,20.31
2019-08-28,^VIX,19.35
2019-08-29,^VIX,17.88
2019-08-30,^VIX,18.98
2019-09-03,^VIX,19.66
2019-09-04,^VIX,17.33
2019-09-05,^VIX,16.27
2019-09-06,^VIX,15.0
2019-09-09,^VIX,15.27
2019-09-10,^VIX,15.2
2019-09-11,^VIX,14.61
2019-09-12,^VIX,14.22
2019-09-13,^VIX,13.74
2019-09-16,^VIX,14.67
2019-09-17,^VIX,14.44
2019-09-18,^VIX,13.95
2019-09-19,^VIX,14.05
2019-09-20,^VIX,15.32
2019-09-23,^VIX,14.91
2019-09-24,^VIX,17.05
2019-09-25,^VIX,15.96
2019-09-26,^VIX,16.07
2019-09-27,^VIX,17.22
2019-09-30,^VIX,16.24
2019-10-01,^VIX,18.56
2019-10-02,^VIX,20.56
2019-10-03,^VIX,19.12
2019-10-04,^VIX,17.04
2019-10-07,^VIX,17.86
2019-10-08,^VIX,20.28
2019-10-09,^VIX,18.64
2019-10-10,^VIX,17.57
2019-10-11,^VIX,15.58
2019-10-14,^VIX,14.57
2019-10-15,^VIX,13.54
2019-10-16,^VIX,13.68
2019-10-17,^VIX,13.79
2019-10-18,^VIX,14.25
2019-10-21,^VIX,14.0
2019-10-22,^VIX,14.46
2019-10-23,^VIX,14.01
2019-10-24,^VIX,13.71
2019-10-25,^VIX,12.65
2019-10-28,^VIX,13.11
2019-10-29,^VIX,13.2
2019-10-30,^VIX,12.33
2019-10-31,^VIX,13.22
2019-11-01,^VIX,12.3
2019-11-04,^VIX,12.83
2019-11-05,^VIX,13.1
2019-11-06,^VIX,12.62
2019-11-07,^VIX,12.73
2019-11-08,^VIX,12.07
2019-11-11,^VIX,12.69
2019-11-12,^VIX,12.68
2019-11-13,^VIX,13.0
2019-11-14,^VIX,13.05
2019-11-15,^VIX,12.05
2019-11-18,^VIX,12.46
2019-11-19,^VIX,12.86
2019-11-20,^VIX,12.78
2019-11-21,^VIX,13.13
2019-11-22,^VIX,12.34
2019-11-25,^VIX,11.87
2019-11-26,^VIX,11.54
2019-11-27,^VIX,11.75
2019-11-29,^VIX,12.62
2019-12-02,^VIX,14.91
2019-12-03,^VIX,15.96
2019-12-04,^VIX,14.8
2019-12-05,^VIX,14.52
2019-12-06,^VIX,13.62
2019-12-09,^VIX,15.86
2019-12-10,^VIX,15.68
2019-12-11,^VIX,14.99
2019-12-12,^VIX,13.94
2019-12-13,^VIX,12.63
2019-12-16,^VIX,12.14
2019-12-17,^VIX,12.29
2019-12-18,^VIX,12.58
2019-12-19,^VIX,12.5
2019-12-20,^VIX,12.51
2019-12-23,^VIX,12.61
2019-12-24,^VIX,12.67
2019-12-26,^VIX,12.65
2019-12-27,^VIX,13.43
2019-12-30,^VIX,14.82
2019-12-31,^VIX,13.78
2020-01-02,^VIX,12.47
2020-01-03,^VIX,14.02
2020-01-06,^VIX,13.85
2020-01-07,^VIX,13.79
2020-01-08,^VIX,13.45
2020-01-09,^VIX,12.54
2020-01-10,^VIX,12.56
2020-01-13,^VIX,12.32
2020-01-14,^VIX,12.39
2020-01-15,^VIX,12.42
2020-01-16,^VIX,12.32
2020-01-17,^VIX,12.1
2020-01-21,^VIX,12.85
2020-01-22,^VIX,12.91
2020-01-23,^VIX,12.98
2020-01-24,^VIX,14.56
2020-01-27,^VIX,18.23
2020-01-28,^VIX,16.28
2020-01-29,^VIX,16.39
2020-01-30,^VIX,15.49
2020-01-31,^VIX,18.84
2020-02-03,^VIX,17.97
2020-02-04,^VIX,16.05
2020-02-05,^VIX,15.15
2020-02-06,^VIX,14.96
2020-02-07,^VIX,15.47
2020-02-10,^VIX,15.04
2020-02-11,^VIX,15.18
2020-02-12,^VIX,13.74
2020-02-13,^VIX,14.15
2020-02-14,^VIX,13.68
2020-02-18,^VIX,14.83
2020-02-19,^VIX,14.38
2020-02-20,^VIX,15.56
2020-02-21,^VIX,17.08
2020-02-24,^VIX,25.03
2020-02-25,^VIX,27.85
2020-02-26,^VIX,27.56
2020-02-27,^VIX,39.16
2020-02-28,^VIX,40.11
2020-03-02,^VIX,33.42
2020-03-03,^VIX,36.82
2020-03-04,^VIX,31.99
2020-03-05,^VIX,39.62
2020-03-06,^VIX,41.94
2020-03-09,^VIX,54.46
2020-03-10,^VIX,47.3
2020-03-11,^VIX,53.9
2020-03-12,^VIX,75.47
2020-03-13,^VIX,57.83
2020-03-16,^VIX,82.69
2020-03-17,^VIX,75.91
2020-03-18,^VIX,76.45
2020-03-19,^VIX,72.0
2020-03-20,^VIX,66.04
2020-03-23,^VIX,61.59
2020-03-24,^VIX,61.67
2020-03-25,^VIX,63.95
2020-03-26,^VIX,61.0
2020-03-27,^VIX,65.54
2020-03-30,^VIX,57.08
2020-03-31,^VIX,53.54
2020-04-01,^VIX,57.06
2020-04-02,^VIX,50.91
2020-04-03,^VIX,46.8
2020-04-06,^VIX,45.24
2020-04-07,^VIX,46.7
2020-04-08,^VIX,43.35
2020-04-09,^VIX,41.67
2020-04-13,^VIX,41.17
2020-04-14,^VIX,37.76
2020-04-15,^VIX,40.84
2020-04-16,^VIX,40.11
2020-04-17,^VIX,38.15
2020-04-20,^VIX,43.83
2020-04-21,^VIX,45.41
2020-04-22,^VIX,41.98
2020-04-23,^VIX,41.38
2020-04-24,^VIX,35.93
2020-04-27,^VIX,33.29
2020-04-28,^VIX,33.57
2020-04-29,^VIX,31.23
2020-04-30,^VIX,34.15
2020-05-01,^VIX,37.19
2020-05-04,^VIX,35.97
2020-05-05,^VIX,33.61
2020-05-06,^VIX,34.12
2020-05-07,^VIX,31.44
2020-05-08,^VIX,27.98
2020-05-11,^VIX,27.57
2020-05-12,^VIX,33.04
2020-05-13,^VIX,35.28
2020-05-14,^VIX,32.61
2020-05-15,^VIX,31.89
2020-05-18,^VIX,29.3
2020-05-19,^VIX,30.53
2020-05-20,^VIX,27.99
2020-05-21,^VIX,29.53
2020-05-22,^VIX,28.16
2020-05-26,^VIX,28.01
2020-05-27,^VIX,27.62
2020-05-28,^VIX,28.59
2020-05-29,^VIX,27.51
2020-06-01,^VIX,28.23
2020-06-02,^VIX,26.84
2020-06-03,^VIX,25.66
2020-06-04,^VIX,25.81
2020-06-05,^VIX,24.52
2020-06-08,^VIX,25.81
2020-06-09,^VIX,27.57
2020-06-10,^VIX,27.57
2020-06-11,^VIX,40.79
2020-06-12,^VIX,36.09
2020-06-15,^VIX,34.4
2020-06-16,^VIX,33.67
2020-06-17,^VIX,33.47
2020-06-18,^VIX,32.94
2020-06-19,^VIX,35.12
2020-06-22,^VIX,31.77
2020-06-23,^VIX,31.37
2020-06-24,^VIX,33.84
2020-06-25,^VIX,32.22
2020-06-26,^VIX,34.73
2020-06-29,^VIX,31.78
2020-06-30,^VIX,30.43
2020-07-01,^VIX,28.62
2020-07-02,^VIX,27.68
2020-07-06,^VIX,27.94
2020-07-07,^VIX,29.43
2020-07-08,^VIX,28.08
2020-07-09,^VIX,29.26
2020-07-10,^VIX,27.29
2020-07-13,^VIX,32.19
2020-07-14,^VIX,29.52
2020-07-15,^VIX,27.76
2020-07-16,^VIX,28.0
2020-07-17,^VIX,25.68
2020-07-20,^VIX,24.46
2020-07-21,^VIX,24.84
2020-07-22,^VIX,24.32
2020-07-23,^VIX,26.08
2020-07-24,^VIX,25.84
2020-07-27,^VIX,24.74
2020-07-28,^VIX,25.44
2020-07-29,^VIX,24.1
2020-07-30,^VIX,24.76
2020-07-31,^VIX,24.46
